test_number,input,symptoms,rank,medicine_name
001,頭痛がします,"頭痛, 痛",1,大柴胡湯
001,頭痛がします,"頭痛, 痛",2,清風散
001,頭痛がします,"頭痛, 痛",3,ノーシンピュア《ピルケース》
002,頭が痛い,痛,1,雲仙散
002,頭が痛い,痛,2,ビトラックＳ
002,頭が痛い,痛,3,太田漢方胃腸薬Ⅱ
004,偏頭痛です,"頭痛, 痛",1,大柴胡湯
004,偏頭痛です,"頭痛, 痛",2,清風散
004,偏頭痛です,"頭痛, 痛",3,ノーシンピュア《ピルケース》
005,緊張性頭痛,"頭痛, 痛",1,大柴胡湯
005,緊張性頭痛,"頭痛, 痛",2,清風散
005,緊張性頭痛,"頭痛, 痛",3,ノーシンピュア《ピルケース》
006,発熱があります,"発熱, 熱",1,ハイゼリーロイヤル
006,発熱があります,"発熱, 熱",2,新ハイゼリーエースⅡ
006,発熱があります,"発熱, 熱",3,ヘパリーゼドリンクⅡ
007,熱が出ました,熱,1,ハイゼリーロイヤル
007,熱が出ました,熱,2,新ハイゼリーエースⅡ
007,熱が出ました,熱,3,ヘパリーゼドリンクⅡ
008,高熱です,熱,1,ハイゼリーロイヤル
008,高熱です,熱,2,新ハイゼリーエースⅡ
008,高熱です,熱,3,ヘパリーゼドリンクⅡ
009,微熱が続いています,熱,1,ハイゼリーロイヤル
009,微熱が続いています,熱,2,新ハイゼリーエースⅡ
009,微熱が続いています,熱,3,ヘパリーゼドリンクⅡ
011,咳が出ます,咳,1,清風散
011,咳が出ます,咳,2,ウチダの麻黄加朮湯
011,咳が出ます,咳,3,カンゾウいけだや
013,咳が続いています,咳,1,清風散
013,咳が続いています,咳,2,ウチダの麻黄加朮湯
013,咳が続いています,咳,3,カンゾウいけだや
014,痰が出ます,痰,1,ウチダの人参養栄湯
014,痰が出ます,痰,2,ウチダの麦門冬湯
014,痰が出ます,痰,3,角野龍雲湯
015,たんが絡みます,たん,1,清風散
015,たんが絡みます,たん,2,滋陰降火湯エキス細粒Ｇ「コタロー」
015,たんが絡みます,たん,3,ウチダの小青龍湯
016,鼻水が出ます,"鼻水, 鼻",1,新エザック鼻炎Ｌ
016,鼻水が出ます,"鼻水, 鼻",2,新ビノック鼻炎用カプセル
016,鼻水が出ます,"鼻水, 鼻",3,フジビトール鼻炎薬Ｓ
017,鼻づまりです,鼻,1,ナイシトールＧ
017,鼻づまりです,鼻,2,ピュアＣホワイト
017,鼻づまりです,鼻,3,ピュアナＣチュアブル錠
018,鼻が詰まっています,鼻,1,ナイシトールＧ
018,鼻が詰まっています,鼻,2,ピュアＣホワイト
018,鼻が詰まっています,鼻,3,ピュアナＣチュアブル錠
020,鼻炎です,鼻,1,ナイシトールＧ
020,鼻炎です,鼻,2,ピュアＣホワイト
020,鼻炎です,鼻,3,ピュアナＣチュアブル錠
021,のどが痛い,"のど, 痛",1,オトナノーシンピュア
021,のどが痛い,"のど, 痛",2,クミアイ新いたみどめカプセル
021,のどが痛い,"のど, 痛",3,プレミナスＩＰクイックａ
022,喉が痛いです,痛,1,雲仙散
022,喉が痛いです,痛,2,ビトラックＳ
022,喉が痛いです,痛,3,太田漢方胃腸薬Ⅱ
023,咽頭痛があります,"頭痛, 痛",1,大柴胡湯
023,咽頭痛があります,"頭痛, 痛",2,清風散
023,咽頭痛があります,"頭痛, 痛",3,ノーシンピュア《ピルケース》
025,のどが腫れています,のど,1,オトナノーシンピュア
025,のどが腫れています,のど,2,クミアイ新いたみどめカプセル
025,のどが腫れています,のど,3,プレミナスＩＰクイックａ
026,お腹が痛い,"痛, お腹",1,雲仙散
026,お腹が痛い,"痛, お腹",2,ビトラックＳ
026,お腹が痛い,"痛, お腹",3,太田漢方胃腸薬Ⅱ
027,腹痛です,"腹痛, 痛",1,太田漢方胃腸薬Ⅱ
027,腹痛です,"腹痛, 痛",2,太田漢方胃腸薬Ⅱ＜錠剤＞
027,腹痛です,"腹痛, 痛",3,大正胃腸薬Ｋ
028,胃が痛い,"痛, 胃",1,雲仙散
028,胃が痛い,"痛, 胃",2,ビトラックＳ
028,胃が痛い,"痛, 胃",3,太田漢方胃腸薬Ⅱ
029,胃痛があります,"痛, 胃",1,雲仙散
029,胃痛があります,"痛, 胃",2,ビトラックＳ
029,胃痛があります,"痛, 胃",3,太田漢方胃腸薬Ⅱ
030,下腹部が痛い,"痛, 下腹部",1,雲仙散
030,下腹部が痛い,"痛, 下腹部",2,ビトラックＳ
030,下腹部が痛い,"痛, 下腹部",3,太田漢方胃腸薬Ⅱ
031,下痢をしています,"下痢, 下痢",1,高砂オウレン
031,下痢をしています,"下痢, 下痢",2,高砂オウレン末
031,下痢をしています,"下痢, 下痢",3,オウレンいけだや
032,軟便です,軟便,1,正露丸《瓶》
032,軟便です,軟便,2,ビオフェルミン止瀉薬
032,軟便です,軟便,3,ビオフェルミン下痢止め
036,便秘です,"便秘, 便秘",1,東洋漢方のセンナ顆粒Ｓ（分包）
036,便秘です,"便秘, 便秘",2,ミカサ浣腸Ｎ４０
036,便秘です,"便秘, 便秘",3,コトブキ浣腸４０
041,吐き気がします,吐き気,1,アネロン「ニスキャップ」
041,吐き気がします,吐き気,2,エアミットサットＦ
041,吐き気がします,吐き気,3,センパアＰｒｏ
046,胸やけがします,"胸, 胸やけ",1,太田漢方胃腸薬Ⅱ
046,胸やけがします,"胸, 胸やけ",2,太田漢方胃腸薬Ⅱ＜錠剤＞
046,胸やけがします,"胸, 胸やけ",3,大正胃腸薬Ｋ
047,胸焼けです,胸,1,太田漢方胃腸薬Ⅱ
047,胸焼けです,胸,2,太田漢方胃腸薬Ⅱ＜錠剤＞
047,胸焼けです,胸,3,大正胃腸薬Ｋ
048,胃もたれがあります,"胃, 胃もたれ",1,新バック液
048,胃もたれがあります,"胃, 胃もたれ",2,ソルマックプラス
048,胃もたれがあります,"胃, 胃もたれ",3,高砂オウレン
049,胃の重い感じ,胃,1,新バック液
049,胃の重い感じ,胃,2,ソルマックプラス
049,胃の重い感じ,胃,3,高砂オウレン
051,めまいがします,めまい,1,半夏厚朴湯
051,めまいがします,めまい,2,奥田脳神経薬
051,めまいがします,めまい,3,アネロン「キャップ」
056,頭痛と発熱があります,"頭痛, 発熱, 痛",1,大柴胡湯
056,頭痛と発熱があります,"頭痛, 発熱, 痛",2,清風散
056,頭痛と発熱があります,"頭痛, 発熱, 痛",3,ノーシンピュア《ピルケース》
057,咳と痰が出ます,"咳, 痰",1,清風散
057,咳と痰が出ます,"咳, 痰",2,ウチダの麻黄加朮湯
057,咳と痰が出ます,"咳, 痰",3,カンゾウいけだや
058,鼻水と鼻づまりです,"鼻水, 鼻",1,新エザック鼻炎Ｌ
058,鼻水と鼻づまりです,"鼻水, 鼻",2,新ビノック鼻炎用カプセル
058,鼻水と鼻づまりです,"鼻水, 鼻",3,フジビトール鼻炎薬Ｓ
059,のどが痛くて発熱があります,"発熱, のど, 痛",1,ハイゼリーロイヤル
059,のどが痛くて発熱があります,"発熱, のど, 痛",2,新ハイゼリーエースⅡ
059,のどが痛くて発熱があります,"発熱, のど, 痛",3,ヘパリーゼドリンクⅡ
060,頭痛とめまいがします,"頭痛, めまい, 痛",1,大柴胡湯
060,頭痛とめまいがします,"頭痛, めまい, 痛",2,清風散
060,頭痛とめまいがします,"頭痛, めまい, 痛",3,ノーシンピュア《ピルケース》
061,腹痛と下痢です,"腹痛, 下痢, 痛",1,太田漢方胃腸薬Ⅱ
061,腹痛と下痢です,"腹痛, 下痢, 痛",2,太田漢方胃腸薬Ⅱ＜錠剤＞
061,腹痛と下痢です,"腹痛, 下痢, 痛",3,大正胃腸薬Ｋ
062,吐き気と胃もたれがあります,"吐き気, 胃, 胃もたれ",1,アネロン「ニスキャップ」
062,吐き気と胃もたれがあります,"吐き気, 胃, 胃もたれ",2,エアミットサットＦ
062,吐き気と胃もたれがあります,"吐き気, 胃, 胃もたれ",3,センパアＰｒｏ
063,便秘と腹痛です,"腹痛, 便秘, 痛",1,太田漢方胃腸薬Ⅱ
063,便秘と腹痛です,"腹痛, 便秘, 痛",2,太田漢方胃腸薬Ⅱ＜錠剤＞
063,便秘と腹痛です,"腹痛, 便秘, 痛",3,大正胃腸薬Ｋ
064,かゆみと発疹が出ます,"かゆみ, かゆ, 発疹",1,レーバンＨ
064,かゆみと発疹が出ます,"かゆみ, かゆ, 発疹",2,スラジン
064,かゆみと発疹が出ます,"かゆみ, かゆ, 発疹",3,スラジンＡ
065,目の疲れと頭痛があります,"頭痛, 疲れ, 痛",1,大柴胡湯
065,目の疲れと頭痛があります,"頭痛, 疲れ, 痛",2,清風散
065,目の疲れと頭痛があります,"頭痛, 疲れ, 痛",3,ノーシンピュア《ピルケース》
066,関節痛と筋肉痛です,"関節痛, 痛",1,ノーシンピュア《ピルケース》
066,関節痛と筋肉痛です,"関節痛, 痛",2,オトナノーシンピュア
066,関節痛と筋肉痛です,"関節痛, 痛",3,イブ
067,腰痛と肩こりがあります,"腰痛, 痛, 肩",1,雲仙散
067,腰痛と肩こりがあります,"腰痛, 痛, 肩",2,ノーシンピュア《ピルケース》
067,腰痛と肩こりがあります,"腰痛, 痛, 肩",3,オトナノーシンピュア
068,疲労感と不眠です,"疲労, 不眠",1,ピュアＣホワイト
068,疲労感と不眠です,"疲労, 不眠",2,ピュアナＣチュアブル錠
068,疲労感と不眠です,"疲労, 不眠",3,ホワイピュアＥＸ
070,動悸と息切れです,"動悸, 息切れ",1,半夏厚朴湯
070,動悸と息切れです,"動悸, 息切れ",2,ラムールＱ
070,動悸と息切れです,"動悸, 息切れ",3,サイロ
071,頭痛、発熱、のどの痛みがあります,"頭痛, 発熱, のど",1,大柴胡湯
071,頭痛、発熱、のどの痛みがあります,"頭痛, 発熱, のど",2,清風散
071,頭痛、発熱、のどの痛みがあります,"頭痛, 発熱, のど",3,ノーシンピュア《ピルケース》
072,咳、痰、鼻水が出ます,"咳, 痰, 鼻水",1,清風散
072,咳、痰、鼻水が出ます,"咳, 痰, 鼻水",2,ウチダの麻黄加朮湯
072,咳、痰、鼻水が出ます,"咳, 痰, 鼻水",3,カンゾウいけだや
073,腹痛、下痢、吐き気があります,"腹痛, 下痢, 吐き気",1,太田漢方胃腸薬Ⅱ
073,腹痛、下痢、吐き気があります,"腹痛, 下痢, 吐き気",2,太田漢方胃腸薬Ⅱ＜錠剤＞
073,腹痛、下痢、吐き気があります,"腹痛, 下痢, 吐き気",3,大正胃腸薬Ｋ
074,便秘、腹痛、胃もたれです,"腹痛, 便秘, 痛",1,太田漢方胃腸薬Ⅱ
074,便秘、腹痛、胃もたれです,"腹痛, 便秘, 痛",2,太田漢方胃腸薬Ⅱ＜錠剤＞
074,便秘、腹痛、胃もたれです,"腹痛, 便秘, 痛",3,大正胃腸薬Ｋ
075,かゆみ、発疹、皮膚の異常があります,"かゆみ, かゆ, 発疹",1,レーバンＨ
075,かゆみ、発疹、皮膚の異常があります,"かゆみ, かゆ, 発疹",2,スラジン
075,かゆみ、発疹、皮膚の異常があります,"かゆみ, かゆ, 発疹",3,スラジンＡ
076,目の疲れ、頭痛、めまいです,"頭痛, めまい, 疲れ",1,大柴胡湯
076,目の疲れ、頭痛、めまいです,"頭痛, めまい, 疲れ",2,清風散
076,目の疲れ、頭痛、めまいです,"頭痛, めまい, 疲れ",3,ノーシンピュア《ピルケース》
077,関節痛、筋肉痛、肩こりがあります,"関節痛, 痛, 肩",1,ノーシンピュア《ピルケース》
077,関節痛、筋肉痛、肩こりがあります,"関節痛, 痛, 肩",2,オトナノーシンピュア
077,関節痛、筋肉痛、肩こりがあります,"関節痛, 痛, 肩",3,イブ
078,腰痛、背中の痛み、首の痛みです,"腰痛, 痛, 首",1,雲仙散
078,腰痛、背中の痛み、首の痛みです,"腰痛, 痛, 首",2,ノーシンピュア《ピルケース》
078,腰痛、背中の痛み、首の痛みです,"腰痛, 痛, 首",3,オトナノーシンピュア
079,疲労感、不眠、イライラがあります,"疲労, 不眠",1,ピュアＣホワイト
079,疲労感、不眠、イライラがあります,"疲労, 不眠",2,ピュアナＣチュアブル錠
079,疲労感、不眠、イライラがあります,"疲労, 不眠",3,ホワイピュアＥＸ
080,動悸、息切れ、胸の痛みです,"痛, 胸, 動悸",1,雲仙散
080,動悸、息切れ、胸の痛みです,"痛, 胸, 動悸",2,ビトラックＳ
080,動悸、息切れ、胸の痛みです,"痛, 胸, 動悸",3,太田漢方胃腸薬Ⅱ
081,頭痛と発熱と咳があります,"頭痛, 発熱, 咳",1,大柴胡湯
081,頭痛と発熱と咳があります,"頭痛, 発熱, 咳",2,清風散
081,頭痛と発熱と咳があります,"頭痛, 発熱, 咳",3,ノーシンピュア《ピルケース》
082,のどが痛くて鼻水と鼻づまりです,"鼻水, のど, 痛",1,新エザック鼻炎Ｌ
082,のどが痛くて鼻水と鼻づまりです,"鼻水, のど, 痛",2,新ビノック鼻炎用カプセル
082,のどが痛くて鼻水と鼻づまりです,"鼻水, のど, 痛",3,フジビトール鼻炎薬Ｓ
083,腹痛と下痢と吐き気があります,"腹痛, 下痢, 吐き気",1,太田漢方胃腸薬Ⅱ
083,腹痛と下痢と吐き気があります,"腹痛, 下痢, 吐き気",2,太田漢方胃腸薬Ⅱ＜錠剤＞
083,腹痛と下痢と吐き気があります,"腹痛, 下痢, 吐き気",3,大正胃腸薬Ｋ
084,便秘と腹痛と胃もたれです,"腹痛, 便秘, 痛",1,太田漢方胃腸薬Ⅱ
084,便秘と腹痛と胃もたれです,"腹痛, 便秘, 痛",2,太田漢方胃腸薬Ⅱ＜錠剤＞
084,便秘と腹痛と胃もたれです,"腹痛, 便秘, 痛",3,大正胃腸薬Ｋ
085,かゆみと発疹と皮膚の異常があります,"かゆみ, かゆ, 発疹",1,レーバンＨ
085,かゆみと発疹と皮膚の異常があります,"かゆみ, かゆ, 発疹",2,スラジン
085,かゆみと発疹と皮膚の異常があります,"かゆみ, かゆ, 発疹",3,スラジンＡ
086,目の疲れと頭痛とめまいがあります,"頭痛, めまい, 疲れ",1,大柴胡湯
086,目の疲れと頭痛とめまいがあります,"頭痛, めまい, 疲れ",2,清風散
086,目の疲れと頭痛とめまいがあります,"頭痛, めまい, 疲れ",3,ノーシンピュア《ピルケース》
127,たんが出ます,たん,1,清風散
127,たんが出ます,たん,2,滋陰降火湯エキス細粒Ｇ「コタロー」
127,たんが出ます,たん,3,ウチダの小青龍湯
128,痰が出ます,痰,1,ウチダの人参養栄湯
128,痰が出ます,痰,2,ウチダの麦門冬湯
128,痰が出ます,痰,3,角野龍雲湯
129,たんが絡みます,たん,1,清風散
129,たんが絡みます,たん,2,滋陰降火湯エキス細粒Ｇ「コタロー」
129,たんが絡みます,たん,3,ウチダの小青龍湯
130,痰が絡みます,痰,1,ウチダの人参養栄湯
130,痰が絡みます,痰,2,ウチダの麦門冬湯
130,痰が絡みます,痰,3,角野龍雲湯
131,のどにからむ,のど,1,オトナノーシンピュア
131,のどにからむ,のど,2,クミアイ新いたみどめカプセル
131,のどにからむ,のど,3,プレミナスＩＰクイックａ
133,たんがからむ,たん,1,清風散
133,たんがからむ,たん,2,滋陰降火湯エキス細粒Ｇ「コタロー」
133,たんがからむ,たん,3,ウチダの小青龍湯
134,痰がからむ,痰,1,ウチダの人参養栄湯
134,痰がからむ,痰,2,ウチダの麦門冬湯
134,痰がからむ,痰,3,角野龍雲湯
135,のどにたんがからむ,"たん, のど",1,清風散
135,のどにたんがからむ,"たん, のど",2,滋陰降火湯エキス細粒Ｇ「コタロー」
135,のどにたんがからむ,"たん, のど",3,ウチダの小青龍湯
136,喉に痰が絡む,痰,1,ウチダの人参養栄湯
136,喉に痰が絡む,痰,2,ウチダの麦門冬湯
136,喉に痰が絡む,痰,3,角野龍雲湯
137,たんが切れにくい,たん,1,清風散
137,たんが切れにくい,たん,2,滋陰降火湯エキス細粒Ｇ「コタロー」
137,たんが切れにくい,たん,3,ウチダの小青龍湯
138,痰が切れにくい,痰,1,ウチダの人参養栄湯
138,痰が切れにくい,痰,2,ウチダの麦門冬湯
138,痰が切れにくい,痰,3,角野龍雲湯
141,たんでゼロゼロ,たん,1,清風散
141,たんでゼロゼロ,たん,2,滋陰降火湯エキス細粒Ｇ「コタロー」
141,たんでゼロゼロ,たん,3,ウチダの小青龍湯
142,痰でゼーゼー,痰,1,ウチダの人参養栄湯
142,痰でゼーゼー,痰,2,ウチダの麦門冬湯
142,痰でゼーゼー,痰,3,角野龍雲湯
143,喀痰があります,痰,1,ウチダの人参養栄湯
143,喀痰があります,痰,2,ウチダの麦門冬湯
143,喀痰があります,痰,3,角野龍雲湯
144,咳痰です,"咳, 痰",1,清風散
144,咳痰です,"咳, 痰",2,ウチダの麻黄加朮湯
144,咳痰です,"咳, 痰",3,カンゾウいけだや
145,たんが多く出ます,たん,1,清風散
145,たんが多く出ます,たん,2,滋陰降火湯エキス細粒Ｇ「コタロー」
145,たんが多く出ます,たん,3,ウチダの小青龍湯
146,痰が多く出ます,痰,1,ウチダの人参養栄湯
146,痰が多く出ます,痰,2,ウチダの麦門冬湯
146,痰が多く出ます,痰,3,角野龍雲湯
147,たんが黄色い,たん,1,清風散
147,たんが黄色い,たん,2,滋陰降火湯エキス細粒Ｇ「コタロー」
147,たんが黄色い,たん,3,ウチダの小青龍湯
148,痰が黄色い,痰,1,ウチダの人参養栄湯
148,痰が黄色い,痰,2,ウチダの麦門冬湯
148,痰が黄色い,痰,3,角野龍雲湯
149,たんが緑色,たん,1,清風散
149,たんが緑色,たん,2,滋陰降火湯エキス細粒Ｇ「コタロー」
149,たんが緑色,たん,3,ウチダの小青龍湯
150,痰が緑色,痰,1,ウチダの人参養栄湯
150,痰が緑色,痰,2,ウチダの麦門冬湯
150,痰が緑色,痰,3,角野龍雲湯
151,たんが血混じり,たん,1,清風散
151,たんが血混じり,たん,2,滋陰降火湯エキス細粒Ｇ「コタロー」
151,たんが血混じり,たん,3,ウチダの小青龍湯
152,痰に血が混じる,痰,1,ウチダの人参養栄湯
152,痰に血が混じる,痰,2,ウチダの麦門冬湯
152,痰に血が混じる,痰,3,角野龍雲湯
153,たんが臭い,たん,1,清風散
153,たんが臭い,たん,2,滋陰降火湯エキス細粒Ｇ「コタロー」
153,たんが臭い,たん,3,ウチダの小青龍湯
154,痰が臭い,痰,1,ウチダの人参養栄湯
154,痰が臭い,痰,2,ウチダの麦門冬湯
154,痰が臭い,痰,3,角野龍雲湯
155,たんが粘っこい,たん,1,清風散
155,たんが粘っこい,たん,2,滋陰降火湯エキス細粒Ｇ「コタロー」
155,たんが粘っこい,たん,3,ウチダの小青龍湯
156,痰が粘っこい,痰,1,ウチダの人参養栄湯
156,痰が粘っこい,痰,2,ウチダの麦門冬湯
156,痰が粘っこい,痰,3,角野龍雲湯
157,たんがサラサラ,たん,1,清風散
157,たんがサラサラ,たん,2,滋陰降火湯エキス細粒Ｇ「コタロー」
157,たんがサラサラ,たん,3,ウチダの小青龍湯
158,痰がサラサラ,痰,1,ウチダの人参養栄湯
158,痰がサラサラ,痰,2,ウチダの麦門冬湯
158,痰がサラサラ,痰,3,角野龍雲湯
159,たんが絡んで苦しい,たん,1,清風散
159,たんが絡んで苦しい,たん,2,滋陰降火湯エキス細粒Ｇ「コタロー」
159,たんが絡んで苦しい,たん,3,ウチダの小青龍湯
160,痰が絡んで苦しい,痰,1,ウチダの人参養栄湯
160,痰が絡んで苦しい,痰,2,ウチダの麦門冬湯
160,痰が絡んで苦しい,痰,3,角野龍雲湯
161,たんが止まらない,たん,1,清風散
161,たんが止まらない,たん,2,滋陰降火湯エキス細粒Ｇ「コタロー」
161,たんが止まらない,たん,3,ウチダの小青龍湯
162,痰が止まらない,痰,1,ウチダの人参養栄湯
162,痰が止まらない,痰,2,ウチダの麦門冬湯
162,痰が止まらない,痰,3,角野龍雲湯
267,頭痛!!!,"頭痛, 痛",1,大柴胡湯
267,頭痛!!!,"頭痛, 痛",2,清風散
267,頭痛!!!,"頭痛, 痛",3,ノーシンピュア《ピルケース》
268,頭痛???,"頭痛, 痛",1,大柴胡湯
268,頭痛???,"頭痛, 痛",2,清風散
268,頭痛???,"頭痛, 痛",3,ノーシンピュア《ピルケース》
269,頭痛...,"頭痛, 痛",1,大柴胡湯
269,頭痛...,"頭痛, 痛",2,清風散
269,頭痛...,"頭痛, 痛",3,ノーシンピュア《ピルケース》
270,頭痛---,"頭痛, 痛",1,大柴胡湯
270,頭痛---,"頭痛, 痛",2,清風散
270,頭痛---,"頭痛, 痛",3,ノーシンピュア《ピルケース》
271,頭痛___,"頭痛, 痛",1,大柴胡湯
271,頭痛___,"頭痛, 痛",2,清風散
271,頭痛___,"頭痛, 痛",3,ノーシンピュア《ピルケース》
272,頭痛@#$,"頭痛, 痛",1,大柴胡湯
272,頭痛@#$,"頭痛, 痛",2,清風散
272,頭痛@#$,"頭痛, 痛",3,ノーシンピュア《ピルケース》
273,頭痛%^&,"頭痛, 痛",1,大柴胡湯
273,頭痛%^&,"頭痛, 痛",2,清風散
273,頭痛%^&,"頭痛, 痛",3,ノーシンピュア《ピルケース》
274,頭痛*(),"頭痛, 痛",1,大柴胡湯
274,頭痛*(),"頭痛, 痛",2,清風散
274,頭痛*(),"頭痛, 痛",3,ノーシンピュア《ピルケース》
275,頭痛[],"頭痛, 痛",1,大柴胡湯
275,頭痛[],"頭痛, 痛",2,清風散
275,頭痛[],"頭痛, 痛",3,ノーシンピュア《ピルケース》
276,頭痛{},"頭痛, 痛",1,大柴胡湯
276,頭痛{},"頭痛, 痛",2,清風散
276,頭痛{},"頭痛, 痛",3,ノーシンピュア《ピルケース》
277,頭痛<>,"頭痛, 痛",1,大柴胡湯
277,頭痛<>,"頭痛, 痛",2,清風散
277,頭痛<>,"頭痛, 痛",3,ノーシンピュア《ピルケース》
278,頭痛,"頭痛, 痛",1,大柴胡湯
278,頭痛,"頭痛, 痛",2,清風散
278,頭痛,"頭痛, 痛",3,ノーシンピュア《ピルケース》
279,頭痛~`,"頭痛, 痛",1,大柴胡湯
279,頭痛~`,"頭痛, 痛",2,清風散
279,頭痛~`,"頭痛, 痛",3,ノーシンピュア《ピルケース》
280,頭痛+=,"頭痛, 痛",1,大柴胡湯
280,頭痛+=,"頭痛, 痛",2,清風散
280,頭痛+=,"頭痛, 痛",3,ノーシンピュア《ピルケース》
281,頭痛-=,"頭痛, 痛",1,大柴胡湯
281,頭痛-=,"頭痛, 痛",2,清風散
281,頭痛-=,"頭痛, 痛",3,ノーシンピュア《ピルケース》
282,頭痛===,"頭痛, 痛",1,大柴胡湯
282,頭痛===,"頭痛, 痛",2,清風散
282,頭痛===,"頭痛, 痛",3,ノーシンピュア《ピルケース》
283,頭痛///,"頭痛, 痛",1,大柴胡湯
283,頭痛///,"頭痛, 痛",2,清風散
283,頭痛///,"頭痛, 痛",3,ノーシンピュア《ピルケース》
284,頭痛\\\,"頭痛, 痛",1,大柴胡湯
284,頭痛\\\,"頭痛, 痛",2,清風散
284,頭痛\\\,"頭痛, 痛",3,ノーシンピュア《ピルケース》
285,頭痛***,"頭痛, 痛",1,大柴胡湯
285,頭痛***,"頭痛, 痛",2,清風散
285,頭痛***,"頭痛, 痛",3,ノーシンピュア《ピルケース》
286,頭痛###,"頭痛, 痛",1,大柴胡湯
286,頭痛###,"頭痛, 痛",2,清風散
286,頭痛###,"頭痛, 痛",3,ノーシンピュア《ピルケース》
287,昨日から頭痛が続いていて、鎮痛剤を飲んでも効きません。特に朝起きた時がひどくて、ズキズキと痛みます。,"頭痛, 痛",1,大柴胡湯
287,昨日から頭痛が続いていて、鎮痛剤を飲んでも効きません。特に朝起きた時がひどくて、ズキズキと痛みます。,"頭痛, 痛",2,清風散
287,昨日から頭痛が続いていて、鎮痛剤を飲んでも効きません。特に朝起きた時がひどくて、ズキズキと痛みます。,"頭痛, 痛",3,ノーシンピュア《ピルケース》
288,3日前から発熱があり、38度を超えています。咳も出始めて、のども痛いです。体がだるくて、食欲もありません。,"発熱, 咳, のど",1,ハイゼリーロイヤル
288,3日前から発熱があり、38度を超えています。咳も出始めて、のども痛いです。体がだるくて、食欲もありません。,"発熱, 咳, のど",2,新ハイゼリーエースⅡ
288,3日前から発熱があり、38度を超えています。咳も出始めて、のども痛いです。体がだるくて、食欲もありません。,"発熱, 咳, のど",3,ヘパリーゼドリンクⅡ
289,1週間前から咳が止まらなくて、特に夜になるとひどくなります。痰も絡んで、のどが痛いです。,"咳, 痰, のど",1,清風散
289,1週間前から咳が止まらなくて、特に夜になるとひどくなります。痰も絡んで、のどが痛いです。,"咳, 痰, のど",2,ウチダの麻黄加朮湯
289,1週間前から咳が止まらなくて、特に夜になるとひどくなります。痰も絡んで、のどが痛いです。,"咳, 痰, のど",3,カンゾウいけだや
290,鼻水が止まらなくて、鼻づまりもひどいです。くしゃみも頻繁に出て、目もかゆくなってきました。,"鼻水, かゆ, 鼻",1,新エザック鼻炎Ｌ
290,鼻水が止まらなくて、鼻づまりもひどいです。くしゃみも頻繁に出て、目もかゆくなってきました。,"鼻水, かゆ, 鼻",2,新ビノック鼻炎用カプセル
290,鼻水が止まらなくて、鼻づまりもひどいです。くしゃみも頻繁に出て、目もかゆくなってきました。,"鼻水, かゆ, 鼻",3,フジビトール鼻炎薬Ｓ
291,のどが痛くて、声もかすれています。熱も少しあって、体がだるいです。食べ物を飲み込むのもつらいです。,"のど, だる, 痛",1,オトナノーシンピュア
291,のどが痛くて、声もかすれています。熱も少しあって、体がだるいです。食べ物を飲み込むのもつらいです。,"のど, だる, 痛",2,クミアイ新いたみどめカプセル
291,のどが痛くて、声もかすれています。熱も少しあって、体がだるいです。食べ物を飲み込むのもつらいです。,"のど, だる, 痛",3,プレミナスＩＰクイックａ
292,お腹が痛くて、下痢も続いています。吐き気もあって、食欲がありません。お腹を下す回数が多くて困っています。,"下痢, 吐き気, 痛",1,高砂オウレン
292,お腹が痛くて、下痢も続いています。吐き気もあって、食欲がありません。お腹を下す回数が多くて困っています。,"下痢, 吐き気, 痛",2,高砂オウレン末
292,お腹が痛くて、下痢も続いています。吐き気もあって、食欲がありません。お腹を下す回数が多くて困っています。,"下痢, 吐き気, 痛",3,オウレンいけだや
293,便秘が続いていて、お腹が張っています。便が出ても硬くて、お腹が痛いです。,"便秘, 痛, お腹",1,東洋漢方のセンナ顆粒Ｓ（分包）
293,便秘が続いていて、お腹が張っています。便が出ても硬くて、お腹が痛いです。,"便秘, 痛, お腹",2,ミカサ浣腸Ｎ４０
293,便秘が続いていて、お腹が張っています。便が出ても硬くて、お腹が痛いです。,"便秘, 痛, お腹",3,コトブキ浣腸４０
294,胸やけがして、胃もたれもあります。食べた後が特にひどくて、気持ち悪いです。,"胸, 胃, 胸やけ",1,太田漢方胃腸薬Ⅱ
294,胸やけがして、胃もたれもあります。食べた後が特にひどくて、気持ち悪いです。,"胸, 胃, 胸やけ",2,太田漢方胃腸薬Ⅱ＜錠剤＞
294,胸やけがして、胃もたれもあります。食べた後が特にひどくて、気持ち悪いです。,"胸, 胃, 胸やけ",3,大正胃腸薬Ｋ
295,めまいがして、ふらつきます。立ち上がると特にひどくて、平衡感覚がおかしいです。,めまい,1,半夏厚朴湯
295,めまいがして、ふらつきます。立ち上がると特にひどくて、平衡感覚がおかしいです。,めまい,2,奥田脳神経薬
295,めまいがして、ふらつきます。立ち上がると特にひどくて、平衡感覚がおかしいです。,めまい,3,アネロン「キャップ」
296,疲労感が続いていて、だるいです。不眠もあって、イライラします。,"疲労, 不眠, だる",1,ピュアＣホワイト
296,疲労感が続いていて、だるいです。不眠もあって、イライラします。,"疲労, 不眠, だる",2,ピュアナＣチュアブル錠
296,疲労感が続いていて、だるいです。不眠もあって、イライラします。,"疲労, 不眠, だる",3,ホワイピュアＥＸ
297,かゆみがひどくて、発疹も出ています。皮膚が赤くなって、かきむしってしまいました。,"かゆみ, かゆ, 発疹",1,レーバンＨ
297,かゆみがひどくて、発疹も出ています。皮膚が赤くなって、かきむしってしまいました。,"かゆみ, かゆ, 発疹",2,スラジン
297,かゆみがひどくて、発疹も出ています。皮膚が赤くなって、かきむしってしまいました。,"かゆみ, かゆ, 発疹",3,スラジンＡ
298,目の疲れがひどくて、頭痛もします。パソコンを見ていると特に疲れます。,"頭痛, 疲れ, 痛",1,大柴胡湯
298,目の疲れがひどくて、頭痛もします。パソコンを見ていると特に疲れます。,"頭痛, 疲れ, 痛",2,清風散
298,目の疲れがひどくて、頭痛もします。パソコンを見ていると特に疲れます。,"頭痛, 疲れ, 痛",3,ノーシンピュア《ピルケース》
299,関節が痛くて、筋肉も痛いです。肩こりもあって、体が重いです。,"痛, 肩",1,雲仙散
299,関節が痛くて、筋肉も痛いです。肩こりもあって、体が重いです。,"痛, 肩",2,ビトラックＳ
299,関節が痛くて、筋肉も痛いです。肩こりもあって、体が重いです。,"痛, 肩",3,太田漢方胃腸薬Ⅱ
300,腰が痛くて、背中も痛いです。首も痛くて、体を動かすのがつらいです。,"痛, 首, 背中",1,雲仙散
300,腰が痛くて、背中も痛いです。首も痛くて、体を動かすのがつらいです。,"痛, 首, 背中",2,ビトラックＳ
300,腰が痛くて、背中も痛いです。首も痛くて、体を動かすのがつらいです。,"痛, 首, 背中",3,太田漢方胃腸薬Ⅱ
301,動悸がして、息切れもします。胸が苦しくて、不安になります。,"胸, 動悸, 息切れ",1,太田漢方胃腸薬Ⅱ
301,動悸がして、息切れもします。胸が苦しくて、不安になります。,"胸, 動悸, 息切れ",2,太田漢方胃腸薬Ⅱ＜錠剤＞
301,動悸がして、息切れもします。胸が苦しくて、不安になります。,"胸, 動悸, 息切れ",3,大正胃腸薬Ｋ
302,生理痛がひどくて、下腹部が痛いです。頭痛もあって、だるいです。,"頭痛, 生理痛, だる",1,大柴胡湯
302,生理痛がひどくて、下腹部が痛いです。頭痛もあって、だるいです。,"頭痛, 生理痛, だる",2,清風散
302,生理痛がひどくて、下腹部が痛いです。頭痛もあって、だるいです。,"頭痛, 生理痛, だる",3,ノーシンピュア《ピルケース》
303,口内炎ができて、痛いです。食べ物を食べるのもつらくて、話すのも痛いです。,"痛, 口, 口内炎",1,雲仙散
303,口内炎ができて、痛いです。食べ物を食べるのもつらくて、話すのも痛いです。,"痛, 口, 口内炎",2,ビトラックＳ
303,口内炎ができて、痛いです。食べ物を食べるのもつらくて、話すのも痛いです。,"痛, 口, 口内炎",3,太田漢方胃腸薬Ⅱ
304,耳が痛くて、耳鳴りもします。聞こえが悪くなって、不安です。,"痛, 耳, 耳鳴り",1,雲仙散
304,耳が痛くて、耳鳴りもします。聞こえが悪くなって、不安です。,"痛, 耳, 耳鳴り",2,ビトラックＳ
304,耳が痛くて、耳鳴りもします。聞こえが悪くなって、不安です。,"痛, 耳, 耳鳴り",3,太田漢方胃腸薬Ⅱ
305,歯が痛くて、歯茎も腫れています。食べ物を噛むのも痛いです。,"痛, 歯",1,雲仙散
305,歯が痛くて、歯茎も腫れています。食べ物を噛むのも痛いです。,"痛, 歯",2,ビトラックＳ
305,歯が痛くて、歯茎も腫れています。食べ物を噛むのも痛いです。,"痛, 歯",3,太田漢方胃腸薬Ⅱ
306,かぜをひいて、熱も出ました。咳も出て、のども痛いです。体がだるくて、食欲もありません。,"咳, のど, だる",1,清風散
306,かぜをひいて、熱も出ました。咳も出て、のども痛いです。体がだるくて、食欲もありません。,"咳, のど, だる",2,ウチダの麻黄加朮湯
306,かぜをひいて、熱も出ました。咳も出て、のども痛いです。体がだるくて、食欲もありません。,"咳, のど, だる",3,カンゾウいけだや
307,インフルエンザの疑いがあって、高熱が出ています。関節痛もあって、体が痛いです。,"関節痛, 痛, 熱",1,ノーシンピュア《ピルケース》
307,インフルエンザの疑いがあって、高熱が出ています。関節痛もあって、体が痛いです。,"関節痛, 痛, 熱",2,オトナノーシンピュア
307,インフルエンザの疑いがあって、高熱が出ています。関節痛もあって、体が痛いです。,"関節痛, 痛, 熱",3,イブ
308,胃腸炎のようで、下痢と吐き気があります。お腹が痛くて、食欲がありません。,"下痢, 吐き気, 痛",1,高砂オウレン
308,胃腸炎のようで、下痢と吐き気があります。お腹が痛くて、食欲がありません。,"下痢, 吐き気, 痛",2,高砂オウレン末
308,胃腸炎のようで、下痢と吐き気があります。お腹が痛くて、食欲がありません。,"下痢, 吐き気, 痛",3,オウレンいけだや
309,アレルギー性鼻炎で、鼻水とくしゃみが止まりません。目もかゆくて、つらいです。,"鼻水, かゆ, 鼻",1,新エザック鼻炎Ｌ
309,アレルギー性鼻炎で、鼻水とくしゃみが止まりません。目もかゆくて、つらいです。,"鼻水, かゆ, 鼻",2,新ビノック鼻炎用カプセル
309,アレルギー性鼻炎で、鼻水とくしゃみが止まりません。目もかゆくて、つらいです。,"鼻水, かゆ, 鼻",3,フジビトール鼻炎薬Ｓ
310,花粉症で、鼻水とくしゃみがひどいです。目もかゆくて、のども痛いです。,"鼻水, のど, 痛",1,新エザック鼻炎Ｌ
310,花粉症で、鼻水とくしゃみがひどいです。目もかゆくて、のども痛いです。,"鼻水, のど, 痛",2,新ビノック鼻炎用カプセル
310,花粉症で、鼻水とくしゃみがひどいです。目もかゆくて、のども痛いです。,"鼻水, のど, 痛",3,フジビトール鼻炎薬Ｓ
311,喘息のようで、咳が止まりません。息苦しくて、ゼーゼーします。,咳,1,清風散
311,喘息のようで、咳が止まりません。息苦しくて、ゼーゼーします。,咳,2,ウチダの麻黄加朮湯
311,喘息のようで、咳が止まりません。息苦しくて、ゼーゼーします。,咳,3,カンゾウいけだや
312,皮膚炎で、かゆみと発疹があります。皮膚が赤くなって、かきむしってしまいました。,"かゆみ, かゆ, 発疹",1,レーバンＨ
312,皮膚炎で、かゆみと発疹があります。皮膚が赤くなって、かきむしってしまいました。,"かゆみ, かゆ, 発疹",2,スラジン
312,皮膚炎で、かゆみと発疹があります。皮膚が赤くなって、かきむしってしまいました。,"かゆみ, かゆ, 発疹",3,スラジンＡ
313,結膜炎で、目がかゆくて赤いです。目やにも出て、つらいです。,"かゆ, 目",1,レーバンＨ
313,結膜炎で、目がかゆくて赤いです。目やにも出て、つらいです。,"かゆ, 目",2,スラジン
313,結膜炎で、目がかゆくて赤いです。目やにも出て、つらいです。,"かゆ, 目",3,スラジンＡ
314,中耳炎のようで、耳が痛くて聞こえが悪いです。熱もあって、だるいです。,"だる, 痛, 熱",1,ウチダの防已黄耆湯
315,膀胱炎のようで、頻尿と排尿痛があります。下腹部も痛くて、つらいです。,"痛, 下腹部",1,雲仙散
315,膀胱炎のようで、頻尿と排尿痛があります。下腹部も痛くて、つらいです。,"痛, 下腹部",2,ビトラックＳ
315,膀胱炎のようで、頻尿と排尿痛があります。下腹部も痛くて、つらいです。,"痛, 下腹部",3,太田漢方胃腸薬Ⅱ
316,生理不順で、生理痛もひどいです。頭痛もあって、だるいです。,"頭痛, 生理痛, だる",1,大柴胡湯
316,生理不順で、生理痛もひどいです。頭痛もあって、だるいです。,"頭痛, 生理痛, だる",2,清風散
316,生理不順で、生理痛もひどいです。頭痛もあって、だるいです。,"頭痛, 生理痛, だる",3,ノーシンピュア《ピルケース》
317,30歳男性です。頭痛がします。,"頭痛, 痛",1,大柴胡湯
317,30歳男性です。頭痛がします。,"頭痛, 痛",2,清風散
317,30歳男性です。頭痛がします。,"頭痛, 痛",3,ノーシンピュア《ピルケース》
318,25歳女性です。生理痛があります。,"生理痛, 痛",1,ノーシン
318,25歳女性です。生理痛があります。,"生理痛, 痛",2,ノーシンホワイト＜細粒＞
318,25歳女性です。生理痛があります。,"生理痛, 痛",3,ノーシンホワイト錠
319,40歳男性です。発熱と咳があります。,"発熱, 咳, 熱",1,ハイゼリーロイヤル
319,40歳男性です。発熱と咳があります。,"発熱, 咳, 熱",2,新ハイゼリーエースⅡ
319,40歳男性です。発熱と咳があります。,"発熱, 咳, 熱",3,ヘパリーゼドリンクⅡ
320,35歳女性です。妊娠中で、のどが痛いです。,"のど, 痛",1,オトナノーシンピュア
320,35歳女性です。妊娠中で、のどが痛いです。,"のど, 痛",2,クミアイ新いたみどめカプセル
320,35歳女性です。妊娠中で、のどが痛いです。,"のど, 痛",3,プレミナスＩＰクイックａ
321,50歳男性です。高血圧で、めまいがします。,めまい,1,半夏厚朴湯
321,50歳男性です。高血圧で、めまいがします。,めまい,2,奥田脳神経薬
321,50歳男性です。高血圧で、めまいがします。,めまい,3,アネロン「キャップ」
322,45歳女性です。更年期で、イライラします。,更年期,1,安静錠
322,45歳女性です。更年期で、イライラします。,更年期,2,バイグロミン
322,45歳女性です。更年期で、イライラします。,更年期,3,ラムールＱ
323,20歳男性です。かぜをひいて、熱が出ました。,熱,1,ハイゼリーロイヤル
323,20歳男性です。かぜをひいて、熱が出ました。,熱,2,新ハイゼリーエースⅡ
323,20歳男性です。かぜをひいて、熱が出ました。,熱,3,ヘパリーゼドリンクⅡ
324,18歳女性です。生理痛がひどいです。,"生理痛, 痛",1,ノーシン
324,18歳女性です。生理痛がひどいです。,"生理痛, 痛",2,ノーシンホワイト＜細粒＞
324,18歳女性です。生理痛がひどいです。,"生理痛, 痛",3,ノーシンホワイト錠
325,60歳男性です。関節痛があります。,"関節痛, 痛",1,ノーシンピュア《ピルケース》
325,60歳男性です。関節痛があります。,"関節痛, 痛",2,オトナノーシンピュア
325,60歳男性です。関節痛があります。,"関節痛, 痛",3,イブ
326,55歳女性です。不眠と疲労感があります。,"疲労, 不眠",1,ピュアＣホワイト
326,55歳女性です。不眠と疲労感があります。,"疲労, 不眠",2,ピュアナＣチュアブル錠
326,55歳女性です。不眠と疲労感があります。,"疲労, 不眠",3,ホワイピュアＥＸ
327,10歳の子供です。発熱と咳があります。,"発熱, 咳, 熱",1,ハイゼリーロイヤル
327,10歳の子供です。発熱と咳があります。,"発熱, 咳, 熱",2,新ハイゼリーエースⅡ
327,10歳の子供です。発熱と咳があります。,"発熱, 咳, 熱",3,ヘパリーゼドリンクⅡ
328,5歳の子供です。鼻水とくしゃみが出ます。,"鼻水, 鼻",1,新エザック鼻炎Ｌ
328,5歳の子供です。鼻水とくしゃみが出ます。,"鼻水, 鼻",2,新ビノック鼻炎用カプセル
328,5歳の子供です。鼻水とくしゃみが出ます。,"鼻水, 鼻",3,フジビトール鼻炎薬Ｓ
329,70歳男性です。腰痛があります。,"腰痛, 痛",1,雲仙散
329,70歳男性です。腰痛があります。,"腰痛, 痛",2,ノーシンピュア《ピルケース》
329,70歳男性です。腰痛があります。,"腰痛, 痛",3,オトナノーシンピュア
330,65歳女性です。めまいとふらつきがあります。,めまい,1,半夏厚朴湯
330,65歳女性です。めまいとふらつきがあります。,めまい,2,奥田脳神経薬
330,65歳女性です。めまいとふらつきがあります。,めまい,3,アネロン「キャップ」
331,15歳です。頭痛がします。,"頭痛, 痛",1,大柴胡湯
331,15歳です。頭痛がします。,"頭痛, 痛",2,清風散
331,15歳です。頭痛がします。,"頭痛, 痛",3,ノーシンピュア《ピルケース》
332,12歳です。腹痛と下痢があります。,"腹痛, 下痢, 痛",1,太田漢方胃腸薬Ⅱ
332,12歳です。腹痛と下痢があります。,"腹痛, 下痢, 痛",2,太田漢方胃腸薬Ⅱ＜錠剤＞
332,12歳です。腹痛と下痢があります。,"腹痛, 下痢, 痛",3,大正胃腸薬Ｋ
333,妊娠中です。つわりで吐き気があります。,吐き気,1,アネロン「ニスキャップ」
333,妊娠中です。つわりで吐き気があります。,吐き気,2,エアミットサットＦ
333,妊娠中です。つわりで吐き気があります。,吐き気,3,センパアＰｒｏ
334,授乳中です。のどが痛いです。,"のど, 痛",1,オトナノーシンピュア
334,授乳中です。のどが痛いです。,"のど, 痛",2,クミアイ新いたみどめカプセル
334,授乳中です。のどが痛いです。,"のど, 痛",3,プレミナスＩＰクイックａ
335,アレルギーがあります。鼻水とくしゃみが出ます。,"鼻水, 鼻",1,新エザック鼻炎Ｌ
335,アレルギーがあります。鼻水とくしゃみが出ます。,"鼻水, 鼻",2,新ビノック鼻炎用カプセル
335,アレルギーがあります。鼻水とくしゃみが出ます。,"鼻水, 鼻",3,フジビトール鼻炎薬Ｓ
336,持病で高血圧です。めまいがします。,めまい,1,半夏厚朴湯
336,持病で高血圧です。めまいがします。,めまい,2,奥田脳神経薬
336,持病で高血圧です。めまいがします。,めまい,3,アネロン「キャップ」
337,頭痛がひどいです,"頭痛, 痛",1,大柴胡湯
337,頭痛がひどいです,"頭痛, 痛",2,清風散
337,頭痛がひどいです,"頭痛, 痛",3,ノーシンピュア《ピルケース》
338,頭痛が激しいです,"頭痛, 痛",1,大柴胡湯
338,頭痛が激しいです,"頭痛, 痛",2,清風散
338,頭痛が激しいです,"頭痛, 痛",3,ノーシンピュア《ピルケース》
339,頭痛が軽いです,"頭痛, 痛",1,大柴胡湯
339,頭痛が軽いです,"頭痛, 痛",2,清風散
339,頭痛が軽いです,"頭痛, 痛",3,ノーシンピュア《ピルケース》
340,頭痛が少しあります,"頭痛, 痛",1,大柴胡湯
340,頭痛が少しあります,"頭痛, 痛",2,清風散
340,頭痛が少しあります,"頭痛, 痛",3,ノーシンピュア《ピルケース》
341,発熱が高いです,"発熱, 熱",1,ハイゼリーロイヤル
341,発熱が高いです,"発熱, 熱",2,新ハイゼリーエースⅡ
341,発熱が高いです,"発熱, 熱",3,ヘパリーゼドリンクⅡ
342,発熱が微熱です,"発熱, 熱",1,ハイゼリーロイヤル
342,発熱が微熱です,"発熱, 熱",2,新ハイゼリーエースⅡ
342,発熱が微熱です,"発熱, 熱",3,ヘパリーゼドリンクⅡ
343,発熱が続いています,"発熱, 熱",1,ハイゼリーロイヤル
343,発熱が続いています,"発熱, 熱",2,新ハイゼリーエースⅡ
343,発熱が続いています,"発熱, 熱",3,ヘパリーゼドリンクⅡ
344,発熱が一時的です,"発熱, 熱",1,ハイゼリーロイヤル
344,発熱が一時的です,"発熱, 熱",2,新ハイゼリーエースⅡ
344,発熱が一時的です,"発熱, 熱",3,ヘパリーゼドリンクⅡ
345,咳が止まらないです,咳,1,清風散
345,咳が止まらないです,咳,2,ウチダの麻黄加朮湯
345,咳が止まらないです,咳,3,カンゾウいけだや
346,咳が頻繁に出ます,咳,1,清風散
346,咳が頻繁に出ます,咳,2,ウチダの麻黄加朮湯
346,咳が頻繁に出ます,咳,3,カンゾウいけだや
347,咳が時々出ます,咳,1,清風散
347,咳が時々出ます,咳,2,ウチダの麻黄加朮湯
347,咳が時々出ます,咳,3,カンゾウいけだや
348,咳が軽いです,咳,1,清風散
348,咳が軽いです,咳,2,ウチダの麻黄加朮湯
348,咳が軽いです,咳,3,カンゾウいけだや
349,鼻水が止まらないです,"鼻水, 鼻",1,新エザック鼻炎Ｌ
349,鼻水が止まらないです,"鼻水, 鼻",2,新ビノック鼻炎用カプセル
349,鼻水が止まらないです,"鼻水, 鼻",3,フジビトール鼻炎薬Ｓ
350,鼻水が多く出ます,"鼻水, 鼻",1,新エザック鼻炎Ｌ
350,鼻水が多く出ます,"鼻水, 鼻",2,新ビノック鼻炎用カプセル
350,鼻水が多く出ます,"鼻水, 鼻",3,フジビトール鼻炎薬Ｓ
351,鼻水が少し出ます,"鼻水, 鼻",1,新エザック鼻炎Ｌ
351,鼻水が少し出ます,"鼻水, 鼻",2,新ビノック鼻炎用カプセル
351,鼻水が少し出ます,"鼻水, 鼻",3,フジビトール鼻炎薬Ｓ
352,鼻水が続いています,"鼻水, 鼻",1,新エザック鼻炎Ｌ
352,鼻水が続いています,"鼻水, 鼻",2,新ビノック鼻炎用カプセル
352,鼻水が続いています,"鼻水, 鼻",3,フジビトール鼻炎薬Ｓ
353,のどがとても痛いです,"のど, 痛",1,オトナノーシンピュア
353,のどがとても痛いです,"のど, 痛",2,クミアイ新いたみどめカプセル
353,のどがとても痛いです,"のど, 痛",3,プレミナスＩＰクイックａ
354,のどが少し痛いです,"のど, 痛",1,オトナノーシンピュア
354,のどが少し痛いです,"のど, 痛",2,クミアイ新いたみどめカプセル
354,のどが少し痛いです,"のど, 痛",3,プレミナスＩＰクイックａ
355,のどがひどく痛いです,"のど, 痛",1,オトナノーシンピュア
355,のどがひどく痛いです,"のど, 痛",2,クミアイ新いたみどめカプセル
355,のどがひどく痛いです,"のど, 痛",3,プレミナスＩＰクイックａ
356,のどが激しく痛いです,"のど, 痛",1,オトナノーシンピュア
356,のどが激しく痛いです,"のど, 痛",2,クミアイ新いたみどめカプセル
356,のどが激しく痛いです,"のど, 痛",3,プレミナスＩＰクイックａ
357,腹痛がひどいです,"腹痛, 痛",1,太田漢方胃腸薬Ⅱ
357,腹痛がひどいです,"腹痛, 痛",2,太田漢方胃腸薬Ⅱ＜錠剤＞
357,腹痛がひどいです,"腹痛, 痛",3,大正胃腸薬Ｋ
358,腹痛が軽いです,"腹痛, 痛",1,太田漢方胃腸薬Ⅱ
358,腹痛が軽いです,"腹痛, 痛",2,太田漢方胃腸薬Ⅱ＜錠剤＞
358,腹痛が軽いです,"腹痛, 痛",3,大正胃腸薬Ｋ
359,腹痛が続いています,"腹痛, 痛",1,太田漢方胃腸薬Ⅱ
359,腹痛が続いています,"腹痛, 痛",2,太田漢方胃腸薬Ⅱ＜錠剤＞
359,腹痛が続いています,"腹痛, 痛",3,大正胃腸薬Ｋ
360,腹痛が時々あります,"腹痛, 痛",1,太田漢方胃腸薬Ⅱ
360,腹痛が時々あります,"腹痛, 痛",2,太田漢方胃腸薬Ⅱ＜錠剤＞
360,腹痛が時々あります,"腹痛, 痛",3,大正胃腸薬Ｋ
361,下痢がひどいです,"下痢, 下痢",1,高砂オウレン
361,下痢がひどいです,"下痢, 下痢",2,高砂オウレン末
361,下痢がひどいです,"下痢, 下痢",3,オウレンいけだや
362,下痢が続いています,"下痢, 下痢",1,高砂オウレン
362,下痢が続いています,"下痢, 下痢",2,高砂オウレン末
362,下痢が続いています,"下痢, 下痢",3,オウレンいけだや
363,下痢が頻繁です,"下痢, 下痢",1,高砂オウレン
363,下痢が頻繁です,"下痢, 下痢",2,高砂オウレン末
363,下痢が頻繁です,"下痢, 下痢",3,オウレンいけだや
364,下痢が少しあります,"下痢, 下痢",1,高砂オウレン
364,下痢が少しあります,"下痢, 下痢",2,高砂オウレン末
364,下痢が少しあります,"下痢, 下痢",3,オウレンいけだや
365,便秘がひどいです,"便秘, 便秘",1,東洋漢方のセンナ顆粒Ｓ（分包）
365,便秘がひどいです,"便秘, 便秘",2,ミカサ浣腸Ｎ４０
365,便秘がひどいです,"便秘, 便秘",3,コトブキ浣腸４０
366,便秘が続いています,"便秘, 便秘",1,東洋漢方のセンナ顆粒Ｓ（分包）
366,便秘が続いています,"便秘, 便秘",2,ミカサ浣腸Ｎ４０
366,便秘が続いています,"便秘, 便秘",3,コトブキ浣腸４０
367,頭痛が3日続いています,"頭痛, 痛",1,大柴胡湯
367,頭痛が3日続いています,"頭痛, 痛",2,清風散
367,頭痛が3日続いています,"頭痛, 痛",3,ノーシンピュア《ピルケース》
368,発熱が1週間続いています,"発熱, 熱",1,ハイゼリーロイヤル
368,発熱が1週間続いています,"発熱, 熱",2,新ハイゼリーエースⅡ
368,発熱が1週間続いています,"発熱, 熱",3,ヘパリーゼドリンクⅡ
369,咳が2週間続いています,咳,1,清風散
369,咳が2週間続いています,咳,2,ウチダの麻黄加朮湯
369,咳が2週間続いています,咳,3,カンゾウいけだや
370,鼻水が5日続いています,"鼻水, 鼻",1,新エザック鼻炎Ｌ
370,鼻水が5日続いています,"鼻水, 鼻",2,新ビノック鼻炎用カプセル
370,鼻水が5日続いています,"鼻水, 鼻",3,フジビトール鼻炎薬Ｓ
371,のどが痛くて3日経ちました,"のど, 痛",1,オトナノーシンピュア
371,のどが痛くて3日経ちました,"のど, 痛",2,クミアイ新いたみどめカプセル
371,のどが痛くて3日経ちました,"のど, 痛",3,プレミナスＩＰクイックａ
372,腹痛が1週間続いています,"腹痛, 痛",1,太田漢方胃腸薬Ⅱ
372,腹痛が1週間続いています,"腹痛, 痛",2,太田漢方胃腸薬Ⅱ＜錠剤＞
372,腹痛が1週間続いています,"腹痛, 痛",3,大正胃腸薬Ｋ
373,下痢が2日続いています,"下痢, 下痢",1,高砂オウレン
373,下痢が2日続いています,"下痢, 下痢",2,高砂オウレン末
373,下痢が2日続いています,"下痢, 下痢",3,オウレンいけだや
374,便秘が1週間続いています,"便秘, 便秘",1,東洋漢方のセンナ顆粒Ｓ（分包）
374,便秘が1週間続いています,"便秘, 便秘",2,ミカサ浣腸Ｎ４０
374,便秘が1週間続いています,"便秘, 便秘",3,コトブキ浣腸４０
375,吐き気が3日続いています,吐き気,1,アネロン「ニスキャップ」
375,吐き気が3日続いています,吐き気,2,エアミットサットＦ
375,吐き気が3日続いています,吐き気,3,センパアＰｒｏ
376,めまいが1週間続いています,めまい,1,半夏厚朴湯
376,めまいが1週間続いています,めまい,2,奥田脳神経薬
376,めまいが1週間続いています,めまい,3,アネロン「キャップ」
377,かゆみが2週間続いています,"かゆみ, かゆ",1,レーバンＨ
377,かゆみが2週間続いています,"かゆみ, かゆ",2,スラジン
377,かゆみが2週間続いています,"かゆみ, かゆ",3,スラジンＡ
378,疲労感が1ヶ月続いています,疲労,1,ピュアＣホワイト
378,疲労感が1ヶ月続いています,疲労,2,ピュアナＣチュアブル錠
378,疲労感が1ヶ月続いています,疲労,3,ホワイピュアＥＸ
379,不眠が1週間続いています,不眠,1,漢方ナイトミン
379,不眠が1週間続いています,不眠,2,バイグロミン
379,不眠が1週間続いています,不眠,3,ラムールＱ
380,関節痛が2週間続いています,"関節痛, 痛",1,ノーシンピュア《ピルケース》
380,関節痛が2週間続いています,"関節痛, 痛",2,オトナノーシンピュア
380,関節痛が2週間続いています,"関節痛, 痛",3,イブ
381,腰痛が1ヶ月続いています,"腰痛, 痛",1,雲仙散
381,腰痛が1ヶ月続いています,"腰痛, 痛",2,ノーシンピュア《ピルケース》
381,腰痛が1ヶ月続いています,"腰痛, 痛",3,オトナノーシンピュア
382,頭痛が昨日から続いています,"頭痛, 痛",1,大柴胡湯
382,頭痛が昨日から続いています,"頭痛, 痛",2,清風散
382,頭痛が昨日から続いています,"頭痛, 痛",3,ノーシンピュア《ピルケース》
383,発熱が今朝から続いています,"発熱, 熱",1,ハイゼリーロイヤル
383,発熱が今朝から続いています,"発熱, 熱",2,新ハイゼリーエースⅡ
383,発熱が今朝から続いています,"発熱, 熱",3,ヘパリーゼドリンクⅡ
384,咳が先週から続いています,咳,1,清風散
384,咳が先週から続いています,咳,2,ウチダの麻黄加朮湯
384,咳が先週から続いています,咳,3,カンゾウいけだや
385,鼻水が先月から続いています,"鼻水, 鼻",1,新エザック鼻炎Ｌ
385,鼻水が先月から続いています,"鼻水, 鼻",2,新ビノック鼻炎用カプセル
385,鼻水が先月から続いています,"鼻水, 鼻",3,フジビトール鼻炎薬Ｓ
386,のどが先週から痛いです,"のど, 痛",1,オトナノーシンピュア
386,のどが先週から痛いです,"のど, 痛",2,クミアイ新いたみどめカプセル
386,のどが先週から痛いです,"のど, 痛",3,プレミナスＩＰクイックａ
387,朝起きたら頭痛がしました,"頭痛, 痛",1,大柴胡湯
387,朝起きたら頭痛がしました,"頭痛, 痛",2,清風散
387,朝起きたら頭痛がしました,"頭痛, 痛",3,ノーシンピュア《ピルケース》
388,夜になると咳が出ます,咳,1,清風散
388,夜になると咳が出ます,咳,2,ウチダの麻黄加朮湯
388,夜になると咳が出ます,咳,3,カンゾウいけだや
389,昼間は元気ですが夜になると発熱します,"発熱, 熱",1,ハイゼリーロイヤル
389,昼間は元気ですが夜になると発熱します,"発熱, 熱",2,新ハイゼリーエースⅡ
389,昼間は元気ですが夜になると発熱します,"発熱, 熱",3,ヘパリーゼドリンクⅡ
390,朝は調子がいいですが夕方になると疲れます,疲れ,1,漢方ナイトミン
390,朝は調子がいいですが夕方になると疲れます,疲れ,2,六君子湯
390,朝は調子がいいですが夕方になると疲れます,疲れ,3,強表水散
391,夜中に目が覚めて不眠です,"不眠, 目",1,漢方ナイトミン
391,夜中に目が覚めて不眠です,"不眠, 目",2,バイグロミン
391,夜中に目が覚めて不眠です,"不眠, 目",3,ラムールＱ
392,朝起きた時にのどが痛いです,"のど, 痛",1,オトナノーシンピュア
392,朝起きた時にのどが痛いです,"のど, 痛",2,クミアイ新いたみどめカプセル
392,朝起きた時にのどが痛いです,"のど, 痛",3,プレミナスＩＰクイックａ
393,食事の後に腹痛があります,"腹痛, 痛",1,太田漢方胃腸薬Ⅱ
393,食事の後に腹痛があります,"腹痛, 痛",2,太田漢方胃腸薬Ⅱ＜錠剤＞
393,食事の後に腹痛があります,"腹痛, 痛",3,大正胃腸薬Ｋ
394,運動後にめまいがします,めまい,1,半夏厚朴湯
394,運動後にめまいがします,めまい,2,奥田脳神経薬
394,運動後にめまいがします,めまい,3,アネロン「キャップ」
395,パソコンを見ていると目の疲れがあります,"疲れ, 目",1,漢方ナイトミン
395,パソコンを見ていると目の疲れがあります,"疲れ, 目",2,六君子湯
395,パソコンを見ていると目の疲れがあります,"疲れ, 目",3,強表水散
396,読書をすると頭痛がします,"頭痛, 痛",1,大柴胡湯
396,読書をすると頭痛がします,"頭痛, 痛",2,清風散
396,読書をすると頭痛がします,"頭痛, 痛",3,ノーシンピュア《ピルケース》
397,寒い時に咳が出ます,咳,1,清風散
397,寒い時に咳が出ます,咳,2,ウチダの麻黄加朮湯
397,寒い時に咳が出ます,咳,3,カンゾウいけだや
398,暑い時にめまいがします,めまい,1,半夏厚朴湯
398,暑い時にめまいがします,めまい,2,奥田脳神経薬
398,暑い時にめまいがします,めまい,3,アネロン「キャップ」
399,雨の日に関節痛があります,"関節痛, 痛",1,ノーシンピュア《ピルケース》
399,雨の日に関節痛があります,"関節痛, 痛",2,オトナノーシンピュア
399,雨の日に関節痛があります,"関節痛, 痛",3,イブ
400,ストレスがあると頭痛がします,"頭痛, 痛",1,大柴胡湯
400,ストレスがあると頭痛がします,"頭痛, 痛",2,清風散
400,ストレスがあると頭痛がします,"頭痛, 痛",3,ノーシンピュア《ピルケース》
401,緊張すると動悸がします,動悸,1,半夏厚朴湯
401,緊張すると動悸がします,動悸,2,ラムールＱ
401,緊張すると動悸がします,動悸,3,サイロ
402,寝不足の時に頭痛がします,"頭痛, 痛",1,大柴胡湯
402,寝不足の時に頭痛がします,"頭痛, 痛",2,清風散
402,寝不足の時に頭痛がします,"頭痛, 痛",3,ノーシンピュア《ピルケース》
403,疲れている時に発熱します,"発熱, 疲れ, 熱",1,ハイゼリーロイヤル
403,疲れている時に発熱します,"発熱, 疲れ, 熱",2,新ハイゼリーエースⅡ
403,疲れている時に発熱します,"発熱, 疲れ, 熱",3,ヘパリーゼドリンクⅡ
404,風邪をひいた時に咳が出ます,咳,1,清風散
404,風邪をひいた時に咳が出ます,咳,2,ウチダの麻黄加朮湯
404,風邪をひいた時に咳が出ます,咳,3,カンゾウいけだや
405,花粉の季節に鼻水が出ます,"鼻水, 鼻",1,新エザック鼻炎Ｌ
405,花粉の季節に鼻水が出ます,"鼻水, 鼻",2,新ビノック鼻炎用カプセル
405,花粉の季節に鼻水が出ます,"鼻水, 鼻",3,フジビトール鼻炎薬Ｓ
406,季節の変わり目に体調を崩します,目,1,強表水散
406,季節の変わり目に体調を崩します,目,2,四物血行散
406,季節の変わり目に体調を崩します,目,3,四物血行散
407,右側の頭が痛いです,痛,1,雲仙散
407,右側の頭が痛いです,痛,2,ビトラックＳ
407,右側の頭が痛いです,痛,3,太田漢方胃腸薬Ⅱ
408,左側の頭が痛いです,痛,1,雲仙散
408,左側の頭が痛いです,痛,2,ビトラックＳ
408,左側の頭が痛いです,痛,3,太田漢方胃腸薬Ⅱ
409,後頭部が痛いです,痛,1,雲仙散
409,後頭部が痛いです,痛,2,ビトラックＳ
409,後頭部が痛いです,痛,3,太田漢方胃腸薬Ⅱ
410,こめかみが痛いです,痛,1,雲仙散
410,こめかみが痛いです,痛,2,ビトラックＳ
410,こめかみが痛いです,痛,3,太田漢方胃腸薬Ⅱ
411,右の目の疲れがあります,"疲れ, 目",1,漢方ナイトミン
411,右の目の疲れがあります,"疲れ, 目",2,六君子湯
411,右の目の疲れがあります,"疲れ, 目",3,強表水散
412,左の目がかゆいです,"かゆ, 目",1,レーバンＨ
412,左の目がかゆいです,"かゆ, 目",2,スラジン
412,左の目がかゆいです,"かゆ, 目",3,スラジンＡ
413,両目の充血があります,目,1,強表水散
413,両目の充血があります,目,2,四物血行散
413,両目の充血があります,目,3,四物血行散
414,右耳が痛いです,"痛, 耳",1,雲仙散
414,右耳が痛いです,"痛, 耳",2,ビトラックＳ
414,右耳が痛いです,"痛, 耳",3,太田漢方胃腸薬Ⅱ
415,左耳が痛いです,"痛, 耳",1,雲仙散
415,左耳が痛いです,"痛, 耳",2,ビトラックＳ
415,左耳が痛いです,"痛, 耳",3,太田漢方胃腸薬Ⅱ
416,両耳が聞こえにくいです,耳,1,ナリピタン
416,両耳が聞こえにくいです,耳,2,ノーシンピュア《ピルケース》
416,両耳が聞こえにくいです,耳,3,オトナノーシンピュア
417,右の鼻が詰まっています,鼻,1,ナイシトールＧ
417,右の鼻が詰まっています,鼻,2,ピュアＣホワイト
417,右の鼻が詰まっています,鼻,3,ピュアナＣチュアブル錠
418,左の鼻が詰まっています,鼻,1,ナイシトールＧ
418,左の鼻が詰まっています,鼻,2,ピュアＣホワイト
418,左の鼻が詰まっています,鼻,3,ピュアナＣチュアブル錠
419,両方の鼻が詰まっています,鼻,1,ナイシトールＧ
419,両方の鼻が詰まっています,鼻,2,ピュアＣホワイト
419,両方の鼻が詰まっています,鼻,3,ピュアナＣチュアブル錠
420,右ののどが痛いです,"のど, 痛",1,オトナノーシンピュア
420,右ののどが痛いです,"のど, 痛",2,クミアイ新いたみどめカプセル
420,右ののどが痛いです,"のど, 痛",3,プレミナスＩＰクイックａ
421,左ののどが痛いです,"のど, 痛",1,オトナノーシンピュア
421,左ののどが痛いです,"のど, 痛",2,クミアイ新いたみどめカプセル
421,左ののどが痛いです,"のど, 痛",3,プレミナスＩＰクイックａ
422,のどの奥が痛いです,"のど, 痛",1,オトナノーシンピュア
422,のどの奥が痛いです,"のど, 痛",2,クミアイ新いたみどめカプセル
422,のどの奥が痛いです,"のど, 痛",3,プレミナスＩＰクイックａ
423,右肩が痛いです,"痛, 肩",1,雲仙散
423,右肩が痛いです,"痛, 肩",2,ビトラックＳ
423,右肩が痛いです,"痛, 肩",3,太田漢方胃腸薬Ⅱ
424,左肩が痛いです,"痛, 肩",1,雲仙散
424,左肩が痛いです,"痛, 肩",2,ビトラックＳ
424,左肩が痛いです,"痛, 肩",3,太田漢方胃腸薬Ⅱ
425,両肩がこっています,肩,1,ナリピタン
425,両肩がこっています,肩,2,雲仙散
425,両肩がこっています,肩,3,大柴胡湯
426,首の後ろが痛いです,"痛, 首",1,雲仙散
426,首の後ろが痛いです,"痛, 首",2,ビトラックＳ
426,首の後ろが痛いです,"痛, 首",3,太田漢方胃腸薬Ⅱ
427,たんが黄色いです,たん,1,清風散
427,たんが黄色いです,たん,2,滋陰降火湯エキス細粒Ｇ「コタロー」
427,たんが黄色いです,たん,3,ウチダの小青龍湯
428,たんが緑色です,たん,1,清風散
428,たんが緑色です,たん,2,滋陰降火湯エキス細粒Ｇ「コタロー」
428,たんが緑色です,たん,3,ウチダの小青龍湯
429,たんが白いです,たん,1,清風散
429,たんが白いです,たん,2,滋陰降火湯エキス細粒Ｇ「コタロー」
429,たんが白いです,たん,3,ウチダの小青龍湯
430,たんが透明です,たん,1,清風散
430,たんが透明です,たん,2,滋陰降火湯エキス細粒Ｇ「コタロー」
430,たんが透明です,たん,3,ウチダの小青龍湯
431,鼻水が黄色いです,"鼻水, 鼻",1,新エザック鼻炎Ｌ
431,鼻水が黄色いです,"鼻水, 鼻",2,新ビノック鼻炎用カプセル
431,鼻水が黄色いです,"鼻水, 鼻",3,フジビトール鼻炎薬Ｓ
432,鼻水が透明です,"鼻水, 鼻",1,新エザック鼻炎Ｌ
432,鼻水が透明です,"鼻水, 鼻",2,新ビノック鼻炎用カプセル
432,鼻水が透明です,"鼻水, 鼻",3,フジビトール鼻炎薬Ｓ
433,鼻水が緑色です,"鼻水, 鼻",1,新エザック鼻炎Ｌ
433,鼻水が緑色です,"鼻水, 鼻",2,新ビノック鼻炎用カプセル
433,鼻水が緑色です,"鼻水, 鼻",3,フジビトール鼻炎薬Ｓ
434,鼻水が白いです,"鼻水, 鼻",1,新エザック鼻炎Ｌ
434,鼻水が白いです,"鼻水, 鼻",2,新ビノック鼻炎用カプセル
434,鼻水が白いです,"鼻水, 鼻",3,フジビトール鼻炎薬Ｓ
443,目が赤いです,目,1,強表水散
443,目が赤いです,目,2,四物血行散
443,目が赤いです,目,3,四物血行散
444,目が黄色いです,目,1,強表水散
444,目が黄色いです,目,2,四物血行散
444,目が黄色いです,目,3,四物血行散
447,頭がズキズキ痛いです,痛,1,雲仙散
447,頭がズキズキ痛いです,痛,2,ビトラックＳ
447,頭がズキズキ痛いです,痛,3,太田漢方胃腸薬Ⅱ
448,頭がガンガン痛いです,痛,1,雲仙散
448,頭がガンガン痛いです,痛,2,ビトラックＳ
448,頭がガンガン痛いです,痛,3,太田漢方胃腸薬Ⅱ
449,頭がジンジン痛いです,痛,1,雲仙散
449,頭がジンジン痛いです,痛,2,ビトラックＳ
449,頭がジンジン痛いです,痛,3,太田漢方胃腸薬Ⅱ
450,のどがヒリヒリ痛いです,"のど, 痛",1,オトナノーシンピュア
450,のどがヒリヒリ痛いです,"のど, 痛",2,クミアイ新いたみどめカプセル
450,のどがヒリヒリ痛いです,"のど, 痛",3,プレミナスＩＰクイックａ
451,のどがイガイガします,のど,1,オトナノーシンピュア
451,のどがイガイガします,のど,2,クミアイ新いたみどめカプセル
451,のどがイガイガします,のど,3,プレミナスＩＰクイックａ
452,のどがチクチク痛いです,"のど, 痛",1,オトナノーシンピュア
452,のどがチクチク痛いです,"のど, 痛",2,クミアイ新いたみどめカプセル
452,のどがチクチク痛いです,"のど, 痛",3,プレミナスＩＰクイックａ
453,お腹がキリキリ痛いです,"痛, お腹",1,雲仙散
453,お腹がキリキリ痛いです,"痛, お腹",2,ビトラックＳ
453,お腹がキリキリ痛いです,"痛, お腹",3,太田漢方胃腸薬Ⅱ
454,お腹がシクシク痛いです,"痛, お腹",1,雲仙散
454,お腹がシクシク痛いです,"痛, お腹",2,ビトラックＳ
454,お腹がシクシク痛いです,"痛, お腹",3,太田漢方胃腸薬Ⅱ
455,お腹がズキズキ痛いです,"痛, お腹",1,雲仙散
455,お腹がズキズキ痛いです,"痛, お腹",2,ビトラックＳ
455,お腹がズキズキ痛いです,"痛, お腹",3,太田漢方胃腸薬Ⅱ
459,目がチカチカします,目,1,強表水散
459,目がチカチカします,目,2,四物血行散
459,目がチカチカします,目,3,四物血行散
460,目がゴロゴロします,目,1,強表水散
460,目がゴロゴロします,目,2,四物血行散
460,目がゴロゴロします,目,3,四物血行散
461,目がショボショボします,目,1,強表水散
461,目がショボショボします,目,2,四物血行散
461,目がショボショボします,目,3,四物血行散
462,耳がキーンとします,耳,1,ナリピタン
462,耳がキーンとします,耳,2,ノーシンピュア《ピルケース》
462,耳がキーンとします,耳,3,オトナノーシンピュア
463,耳がジーンとします,耳,1,ナリピタン
463,耳がジーンとします,耳,2,ノーシンピュア《ピルケース》
463,耳がジーンとします,耳,3,オトナノーシンピュア
464,耳がボーンとします,耳,1,ナリピタン
464,耳がボーンとします,耳,2,ノーシンピュア《ピルケース》
464,耳がボーンとします,耳,3,オトナノーシンピュア
468,立ち上がるとめまいがします,めまい,1,半夏厚朴湯
468,立ち上がるとめまいがします,めまい,2,奥田脳神経薬
468,立ち上がるとめまいがします,めまい,3,アネロン「キャップ」
469,歩くと息切れがします,息切れ,1,ラムールＱ
469,歩くと息切れがします,息切れ,2,喜谷實母散
469,歩くと息切れがします,息切れ,3,エベナＬ
470,階段を上ると動悸がします,動悸,1,半夏厚朴湯
470,階段を上ると動悸がします,動悸,2,ラムールＱ
470,階段を上ると動悸がします,動悸,3,サイロ
471,横になると頭痛がします,"頭痛, 痛",1,大柴胡湯
471,横になると頭痛がします,"頭痛, 痛",2,清風散
471,横になると頭痛がします,"頭痛, 痛",3,ノーシンピュア《ピルケース》
472,座ると腰痛があります,"腰痛, 痛",1,雲仙散
472,座ると腰痛があります,"腰痛, 痛",2,ノーシンピュア《ピルケース》
472,座ると腰痛があります,"腰痛, 痛",3,オトナノーシンピュア
473,寝ると咳が出ます,咳,1,清風散
473,寝ると咳が出ます,咳,2,ウチダの麻黄加朮湯
473,寝ると咳が出ます,咳,3,カンゾウいけだや
474,食べると吐き気がします,吐き気,1,アネロン「ニスキャップ」
474,食べると吐き気がします,吐き気,2,エアミットサットＦ
474,食べると吐き気がします,吐き気,3,センパアＰｒｏ
475,飲み込むとのどが痛いです,"のど, 痛",1,オトナノーシンピュア
475,飲み込むとのどが痛いです,"のど, 痛",2,クミアイ新いたみどめカプセル
475,飲み込むとのどが痛いです,"のど, 痛",3,プレミナスＩＰクイックａ
476,話すとのどが痛いです,"のど, 痛",1,オトナノーシンピュア
476,話すとのどが痛いです,"のど, 痛",2,クミアイ新いたみどめカプセル
476,話すとのどが痛いです,"のど, 痛",3,プレミナスＩＰクイックａ
477,笑うとお腹が痛いです,"痛, お腹",1,雲仙散
477,笑うとお腹が痛いです,"痛, お腹",2,ビトラックＳ
477,笑うとお腹が痛いです,"痛, お腹",3,太田漢方胃腸薬Ⅱ
478,くしゃみをすると頭が痛いです,痛,1,雲仙散
478,くしゃみをすると頭が痛いです,痛,2,ビトラックＳ
478,くしゃみをすると頭が痛いです,痛,3,太田漢方胃腸薬Ⅱ
479,咳をすると頭が痛いです,"咳, 痛",1,清風散
479,咳をすると頭が痛いです,"咳, 痛",2,ウチダの麻黄加朮湯
479,咳をすると頭が痛いです,"咳, 痛",3,カンゾウいけだや
480,体を動かすと関節痛があります,"関節痛, 痛",1,ノーシンピュア《ピルケース》
480,体を動かすと関節痛があります,"関節痛, 痛",2,オトナノーシンピュア
480,体を動かすと関節痛があります,"関節痛, 痛",3,イブ
481,重いものを持つと腰痛があります,"腰痛, 痛",1,雲仙散
481,重いものを持つと腰痛があります,"腰痛, 痛",2,ノーシンピュア《ピルケース》
481,重いものを持つと腰痛があります,"腰痛, 痛",3,オトナノーシンピュア
482,パソコンを見続けると目の疲れがあります,"疲れ, 目",1,漢方ナイトミン
482,パソコンを見続けると目の疲れがあります,"疲れ, 目",2,六君子湯
482,パソコンを見続けると目の疲れがあります,"疲れ, 目",3,強表水散
483,本を読むと頭痛がします,"頭痛, 痛",1,大柴胡湯
483,本を読むと頭痛がします,"頭痛, 痛",2,清風散
483,本を読むと頭痛がします,"頭痛, 痛",3,ノーシンピュア《ピルケース》
484,テレビを見ると目の疲れがあります,"疲れ, 目",1,漢方ナイトミン
484,テレビを見ると目の疲れがあります,"疲れ, 目",2,六君子湯
484,テレビを見ると目の疲れがあります,"疲れ, 目",3,強表水散
485,スマホを見ると頭痛がします,"頭痛, 痛",1,大柴胡湯
485,スマホを見ると頭痛がします,"頭痛, 痛",2,清風散
485,スマホを見ると頭痛がします,"頭痛, 痛",3,ノーシンピュア《ピルケース》
486,運動すると息切れがします,息切れ,1,ラムールＱ
486,運動すると息切れがします,息切れ,2,喜谷實母散
486,運動すると息切れがします,息切れ,3,エベナＬ
487,階段を下りると膝が痛いです,痛,1,雲仙散
487,階段を下りると膝が痛いです,痛,2,ビトラックＳ
487,階段を下りると膝が痛いです,痛,3,太田漢方胃腸薬Ⅱ
488,風邪をひいて頭痛がします,"頭痛, 痛",1,大柴胡湯
488,風邪をひいて頭痛がします,"頭痛, 痛",2,清風散
488,風邪をひいて頭痛がします,"頭痛, 痛",3,ノーシンピュア《ピルケース》
489,インフルエンザで発熱があります,"発熱, 熱",1,ハイゼリーロイヤル
489,インフルエンザで発熱があります,"発熱, 熱",2,新ハイゼリーエースⅡ
489,インフルエンザで発熱があります,"発熱, 熱",3,ヘパリーゼドリンクⅡ
490,かぜで咳が出ます,咳,1,清風散
490,かぜで咳が出ます,咳,2,ウチダの麻黄加朮湯
490,かぜで咳が出ます,咳,3,カンゾウいけだや
491,花粉症で鼻水が出ます,"鼻水, 鼻",1,新エザック鼻炎Ｌ
491,花粉症で鼻水が出ます,"鼻水, 鼻",2,新ビノック鼻炎用カプセル
491,花粉症で鼻水が出ます,"鼻水, 鼻",3,フジビトール鼻炎薬Ｓ
492,アレルギーでかゆみがあります,"かゆみ, かゆ",1,レーバンＨ
492,アレルギーでかゆみがあります,"かゆみ, かゆ",2,スラジン
492,アレルギーでかゆみがあります,"かゆみ, かゆ",3,スラジンＡ
493,ストレスで頭痛がします,"頭痛, 痛",1,大柴胡湯
493,ストレスで頭痛がします,"頭痛, 痛",2,清風散
493,ストレスで頭痛がします,"頭痛, 痛",3,ノーシンピュア《ピルケース》
494,疲れで発熱します,"発熱, 疲れ, 熱",1,ハイゼリーロイヤル
494,疲れで発熱します,"発熱, 疲れ, 熱",2,新ハイゼリーエースⅡ
494,疲れで発熱します,"発熱, 疲れ, 熱",3,ヘパリーゼドリンクⅡ
495,寝不足で頭痛がします,"頭痛, 痛",1,大柴胡湯
495,寝不足で頭痛がします,"頭痛, 痛",2,清風散
495,寝不足で頭痛がします,"頭痛, 痛",3,ノーシンピュア《ピルケース》
496,二日酔いで頭痛がします,"頭痛, 痛",1,大柴胡湯
496,二日酔いで頭痛がします,"頭痛, 痛",2,清風散
496,二日酔いで頭痛がします,"頭痛, 痛",3,ノーシンピュア《ピルケース》
497,食べ過ぎで腹痛があります,"腹痛, 痛",1,太田漢方胃腸薬Ⅱ
497,食べ過ぎで腹痛があります,"腹痛, 痛",2,太田漢方胃腸薬Ⅱ＜錠剤＞
497,食べ過ぎで腹痛があります,"腹痛, 痛",3,大正胃腸薬Ｋ
498,飲み過ぎで吐き気がします,吐き気,1,アネロン「ニスキャップ」
498,飲み過ぎで吐き気がします,吐き気,2,エアミットサットＦ
498,飲み過ぎで吐き気がします,吐き気,3,センパアＰｒｏ
499,冷えで腹痛があります,"腹痛, 痛",1,太田漢方胃腸薬Ⅱ
499,冷えで腹痛があります,"腹痛, 痛",2,太田漢方胃腸薬Ⅱ＜錠剤＞
499,冷えで腹痛があります,"腹痛, 痛",3,大正胃腸薬Ｋ
500,暑さでめまいがします,めまい,1,半夏厚朴湯
500,暑さでめまいがします,めまい,2,奥田脳神経薬
500,暑さでめまいがします,めまい,3,アネロン「キャップ」
501,寒さで関節痛があります,"関節痛, 痛",1,ノーシンピュア《ピルケース》
501,寒さで関節痛があります,"関節痛, 痛",2,オトナノーシンピュア
501,寒さで関節痛があります,"関節痛, 痛",3,イブ
502,湿気で関節痛があります,"関節痛, 痛",1,ノーシンピュア《ピルケース》
502,湿気で関節痛があります,"関節痛, 痛",2,オトナノーシンピュア
502,湿気で関節痛があります,"関節痛, 痛",3,イブ
503,天気で頭痛がします,"頭痛, 痛",1,大柴胡湯
503,天気で頭痛がします,"頭痛, 痛",2,清風散
503,天気で頭痛がします,"頭痛, 痛",3,ノーシンピュア《ピルケース》
504,気圧で頭痛がします,"頭痛, 痛",1,大柴胡湯
504,気圧で頭痛がします,"頭痛, 痛",2,清風散
504,気圧で頭痛がします,"頭痛, 痛",3,ノーシンピュア《ピルケース》
505,季節の変わり目で体調を崩しました,目,1,強表水散
505,季節の変わり目で体調を崩しました,目,2,四物血行散
505,季節の変わり目で体調を崩しました,目,3,四物血行散
506,薬の副作用で吐き気があります,吐き気,1,アネロン「ニスキャップ」
506,薬の副作用で吐き気があります,吐き気,2,エアミットサットＦ
506,薬の副作用で吐き気があります,吐き気,3,センパアＰｒｏ
507,治療の副作用で下痢があります,"下痢, 下痢",1,高砂オウレン
507,治療の副作用で下痢があります,"下痢, 下痢",2,高砂オウレン末
507,治療の副作用で下痢があります,"下痢, 下痢",3,オウレンいけだや
508,頭痛が悪化しました,"頭痛, 痛",1,大柴胡湯
508,頭痛が悪化しました,"頭痛, 痛",2,清風散
508,頭痛が悪化しました,"頭痛, 痛",3,ノーシンピュア《ピルケース》
509,発熱が悪化しました,"発熱, 熱",1,ハイゼリーロイヤル
509,発熱が悪化しました,"発熱, 熱",2,新ハイゼリーエースⅡ
509,発熱が悪化しました,"発熱, 熱",3,ヘパリーゼドリンクⅡ
510,咳が悪化しました,咳,1,清風散
510,咳が悪化しました,咳,2,ウチダの麻黄加朮湯
510,咳が悪化しました,咳,3,カンゾウいけだや
512,頭痛が改善しました,"頭痛, 痛",1,大柴胡湯
512,頭痛が改善しました,"頭痛, 痛",2,清風散
512,頭痛が改善しました,"頭痛, 痛",3,ノーシンピュア《ピルケース》
513,発熱が改善しました,"発熱, 熱",1,ハイゼリーロイヤル
513,発熱が改善しました,"発熱, 熱",2,新ハイゼリーエースⅡ
513,発熱が改善しました,"発熱, 熱",3,ヘパリーゼドリンクⅡ
514,咳が改善しました,咳,1,清風散
514,咳が改善しました,咳,2,ウチダの麻黄加朮湯
514,咳が改善しました,咳,3,カンゾウいけだや
516,頭痛が続いています,"頭痛, 痛",1,大柴胡湯
516,頭痛が続いています,"頭痛, 痛",2,清風散
516,頭痛が続いています,"頭痛, 痛",3,ノーシンピュア《ピルケース》
517,発熱が続いています,"発熱, 熱",1,ハイゼリーロイヤル
517,発熱が続いています,"発熱, 熱",2,新ハイゼリーエースⅡ
517,発熱が続いています,"発熱, 熱",3,ヘパリーゼドリンクⅡ
518,咳が続いています,咳,1,清風散
518,咳が続いています,咳,2,ウチダの麻黄加朮湯
518,咳が続いています,咳,3,カンゾウいけだや
520,頭痛が再発しました,"頭痛, 痛",1,大柴胡湯
520,頭痛が再発しました,"頭痛, 痛",2,清風散
520,頭痛が再発しました,"頭痛, 痛",3,ノーシンピュア《ピルケース》
521,発熱が再発しました,"発熱, 熱",1,ハイゼリーロイヤル
521,発熱が再発しました,"発熱, 熱",2,新ハイゼリーエースⅡ
521,発熱が再発しました,"発熱, 熱",3,ヘパリーゼドリンクⅡ
522,咳が再発しました,咳,1,清風散
522,咳が再発しました,咳,2,ウチダの麻黄加朮湯
522,咳が再発しました,咳,3,カンゾウいけだや
524,頭痛が治りました,"頭痛, 痛",1,大柴胡湯
524,頭痛が治りました,"頭痛, 痛",2,清風散
524,頭痛が治りました,"頭痛, 痛",3,ノーシンピュア《ピルケース》
525,発熱が治りました,"発熱, 熱",1,ハイゼリーロイヤル
525,発熱が治りました,"発熱, 熱",2,新ハイゼリーエースⅡ
525,発熱が治りました,"発熱, 熱",3,ヘパリーゼドリンクⅡ
526,咳が治りました,咳,1,清風散
526,咳が治りました,咳,2,ウチダの麻黄加朮湯
526,咳が治りました,咳,3,カンゾウいけだや
528,頭痛とめまいがあります,"頭痛, めまい, 痛",1,大柴胡湯
528,頭痛とめまいがあります,"頭痛, めまい, 痛",2,清風散
528,頭痛とめまいがあります,"頭痛, めまい, 痛",3,ノーシンピュア《ピルケース》
529,発熱と悪寒があります,"発熱, 熱, 悪寒",1,ハイゼリーロイヤル
529,発熱と悪寒があります,"発熱, 熱, 悪寒",2,新ハイゼリーエースⅡ
529,発熱と悪寒があります,"発熱, 熱, 悪寒",3,ヘパリーゼドリンクⅡ
530,咳と痰が出ます,"咳, 痰",1,清風散
530,咳と痰が出ます,"咳, 痰",2,ウチダの麻黄加朮湯
530,咳と痰が出ます,"咳, 痰",3,カンゾウいけだや
531,鼻水とくしゃみが出ます,"鼻水, 鼻",1,新エザック鼻炎Ｌ
531,鼻水とくしゃみが出ます,"鼻水, 鼻",2,新ビノック鼻炎用カプセル
531,鼻水とくしゃみが出ます,"鼻水, 鼻",3,フジビトール鼻炎薬Ｓ
532,のどが痛くて発熱があります,"発熱, のど, 痛",1,ハイゼリーロイヤル
532,のどが痛くて発熱があります,"発熱, のど, 痛",2,新ハイゼリーエースⅡ
532,のどが痛くて発熱があります,"発熱, のど, 痛",3,ヘパリーゼドリンクⅡ
533,腹痛と下痢があります,"腹痛, 下痢, 痛",1,太田漢方胃腸薬Ⅱ
533,腹痛と下痢があります,"腹痛, 下痢, 痛",2,太田漢方胃腸薬Ⅱ＜錠剤＞
533,腹痛と下痢があります,"腹痛, 下痢, 痛",3,大正胃腸薬Ｋ
534,便秘と腹痛があります,"腹痛, 便秘, 痛",1,太田漢方胃腸薬Ⅱ
534,便秘と腹痛があります,"腹痛, 便秘, 痛",2,太田漢方胃腸薬Ⅱ＜錠剤＞
534,便秘と腹痛があります,"腹痛, 便秘, 痛",3,大正胃腸薬Ｋ
535,吐き気とめまいがあります,"吐き気, めまい",1,アネロン「ニスキャップ」
535,吐き気とめまいがあります,"吐き気, めまい",2,エアミットサットＦ
535,吐き気とめまいがあります,"吐き気, めまい",3,センパアＰｒｏ
536,胸やけと胃もたれがあります,"胸, 胃, 胸やけ",1,太田漢方胃腸薬Ⅱ
536,胸やけと胃もたれがあります,"胸, 胃, 胸やけ",2,太田漢方胃腸薬Ⅱ＜錠剤＞
536,胸やけと胃もたれがあります,"胸, 胃, 胸やけ",3,大正胃腸薬Ｋ
537,かゆみと発疹があります,"かゆみ, かゆ, 発疹",1,レーバンＨ
537,かゆみと発疹があります,"かゆみ, かゆ, 発疹",2,スラジン
537,かゆみと発疹があります,"かゆみ, かゆ, 発疹",3,スラジンＡ
538,目の疲れと頭痛があります,"頭痛, 疲れ, 痛",1,大柴胡湯
538,目の疲れと頭痛があります,"頭痛, 疲れ, 痛",2,清風散
538,目の疲れと頭痛があります,"頭痛, 疲れ, 痛",3,ノーシンピュア《ピルケース》
539,関節痛と筋肉痛があります,"関節痛, 痛",1,ノーシンピュア《ピルケース》
539,関節痛と筋肉痛があります,"関節痛, 痛",2,オトナノーシンピュア
539,関節痛と筋肉痛があります,"関節痛, 痛",3,イブ
540,腰痛と肩こりがあります,"腰痛, 痛, 肩",1,雲仙散
540,腰痛と肩こりがあります,"腰痛, 痛, 肩",2,ノーシンピュア《ピルケース》
540,腰痛と肩こりがあります,"腰痛, 痛, 肩",3,オトナノーシンピュア
541,疲労感と不眠があります,"疲労, 不眠",1,ピュアＣホワイト
541,疲労感と不眠があります,"疲労, 不眠",2,ピュアナＣチュアブル錠
541,疲労感と不眠があります,"疲労, 不眠",3,ホワイピュアＥＸ
543,動悸と息切れがあります,"動悸, 息切れ",1,半夏厚朴湯
543,動悸と息切れがあります,"動悸, 息切れ",2,ラムールＱ
543,動悸と息切れがあります,"動悸, 息切れ",3,サイロ
544,めまいとふらつきがあります,めまい,1,半夏厚朴湯
544,めまいとふらつきがあります,めまい,2,奥田脳神経薬
544,めまいとふらつきがあります,めまい,3,アネロン「キャップ」
545,頭痛と吐き気があります,"頭痛, 吐き気, 痛",1,大柴胡湯
545,頭痛と吐き気があります,"頭痛, 吐き気, 痛",2,清風散
545,頭痛と吐き気があります,"頭痛, 吐き気, 痛",3,ノーシンピュア《ピルケース》
546,発熱と頭痛があります,"頭痛, 発熱, 痛",1,大柴胡湯
546,発熱と頭痛があります,"頭痛, 発熱, 痛",2,清風散
546,発熱と頭痛があります,"頭痛, 発熱, 痛",3,ノーシンピュア《ピルケース》
547,咳とのどの痛みがあります,"咳, のど, 痛",1,清風散
547,咳とのどの痛みがあります,"咳, のど, 痛",2,ウチダの麻黄加朮湯
547,咳とのどの痛みがあります,"咳, のど, 痛",3,カンゾウいけだや
548,いつもより頭痛がひどいです,"頭痛, 痛",1,大柴胡湯
548,いつもより頭痛がひどいです,"頭痛, 痛",2,清風散
548,いつもより頭痛がひどいです,"頭痛, 痛",3,ノーシンピュア《ピルケース》
549,いつもより発熱が高いです,"発熱, 熱",1,ハイゼリーロイヤル
549,いつもより発熱が高いです,"発熱, 熱",2,新ハイゼリーエースⅡ
549,いつもより発熱が高いです,"発熱, 熱",3,ヘパリーゼドリンクⅡ
550,いつもより咳が出ます,咳,1,清風散
550,いつもより咳が出ます,咳,2,ウチダの麻黄加朮湯
550,いつもより咳が出ます,咳,3,カンゾウいけだや
551,いつもより鼻水が出ます,"鼻水, 鼻",1,新エザック鼻炎Ｌ
551,いつもより鼻水が出ます,"鼻水, 鼻",2,新ビノック鼻炎用カプセル
551,いつもより鼻水が出ます,"鼻水, 鼻",3,フジビトール鼻炎薬Ｓ
552,いつもよりのどが痛いです,"のど, 痛",1,オトナノーシンピュア
552,いつもよりのどが痛いです,"のど, 痛",2,クミアイ新いたみどめカプセル
552,いつもよりのどが痛いです,"のど, 痛",3,プレミナスＩＰクイックａ
553,いつもより腹痛があります,"腹痛, 痛",1,太田漢方胃腸薬Ⅱ
553,いつもより腹痛があります,"腹痛, 痛",2,太田漢方胃腸薬Ⅱ＜錠剤＞
553,いつもより腹痛があります,"腹痛, 痛",3,大正胃腸薬Ｋ
554,いつもより下痢があります,"下痢, 下痢",1,高砂オウレン
554,いつもより下痢があります,"下痢, 下痢",2,高砂オウレン末
554,いつもより下痢があります,"下痢, 下痢",3,オウレンいけだや
555,いつもより便秘です,"便秘, 便秘",1,東洋漢方のセンナ顆粒Ｓ（分包）
555,いつもより便秘です,"便秘, 便秘",2,ミカサ浣腸Ｎ４０
555,いつもより便秘です,"便秘, 便秘",3,コトブキ浣腸４０
556,いつもよりめまいがします,めまい,1,半夏厚朴湯
556,いつもよりめまいがします,めまい,2,奥田脳神経薬
556,いつもよりめまいがします,めまい,3,アネロン「キャップ」
557,いつもより疲れます,疲れ,1,漢方ナイトミン
557,いつもより疲れます,疲れ,2,六君子湯
557,いつもより疲れます,疲れ,3,強表水散
558,いつもより不眠です,不眠,1,漢方ナイトミン
558,いつもより不眠です,不眠,2,バイグロミン
558,いつもより不眠です,不眠,3,ラムールＱ
559,いつもよりかゆみがあります,"かゆみ, かゆ",1,レーバンＨ
559,いつもよりかゆみがあります,"かゆみ, かゆ",2,スラジン
559,いつもよりかゆみがあります,"かゆみ, かゆ",3,スラジンＡ
560,いつもより関節痛があります,"関節痛, 痛",1,ノーシンピュア《ピルケース》
560,いつもより関節痛があります,"関節痛, 痛",2,オトナノーシンピュア
560,いつもより関節痛があります,"関節痛, 痛",3,イブ
561,いつもより腰痛があります,"腰痛, 痛",1,雲仙散
561,いつもより腰痛があります,"腰痛, 痛",2,ノーシンピュア《ピルケース》
561,いつもより腰痛があります,"腰痛, 痛",3,オトナノーシンピュア
562,いつもより動悸がします,動悸,1,半夏厚朴湯
562,いつもより動悸がします,動悸,2,ラムールＱ
562,いつもより動悸がします,動悸,3,サイロ
563,頭痛で仕事ができません,"頭痛, 痛",1,大柴胡湯
563,頭痛で仕事ができません,"頭痛, 痛",2,清風散
563,頭痛で仕事ができません,"頭痛, 痛",3,ノーシンピュア《ピルケース》
564,発熱で学校を休みました,"発熱, 熱",1,ハイゼリーロイヤル
564,発熱で学校を休みました,"発熱, 熱",2,新ハイゼリーエースⅡ
564,発熱で学校を休みました,"発熱, 熱",3,ヘパリーゼドリンクⅡ
565,咳で眠れません,咳,1,清風散
565,咳で眠れません,咳,2,ウチダの麻黄加朮湯
565,咳で眠れません,咳,3,カンゾウいけだや
566,鼻水で集中できません,"鼻水, 鼻",1,新エザック鼻炎Ｌ
566,鼻水で集中できません,"鼻水, 鼻",2,新ビノック鼻炎用カプセル
566,鼻水で集中できません,"鼻水, 鼻",3,フジビトール鼻炎薬Ｓ
567,のどが痛くて食事ができません,"のど, 痛",1,オトナノーシンピュア
567,のどが痛くて食事ができません,"のど, 痛",2,クミアイ新いたみどめカプセル
567,のどが痛くて食事ができません,"のど, 痛",3,プレミナスＩＰクイックａ
568,腹痛で動けません,"腹痛, 痛",1,太田漢方胃腸薬Ⅱ
568,腹痛で動けません,"腹痛, 痛",2,太田漢方胃腸薬Ⅱ＜錠剤＞
568,腹痛で動けません,"腹痛, 痛",3,大正胃腸薬Ｋ
569,下痢で外出できません,"下痢, 下痢",1,高砂オウレン
569,下痢で外出できません,"下痢, 下痢",2,高砂オウレン末
569,下痢で外出できません,"下痢, 下痢",3,オウレンいけだや
570,便秘でお腹が張って苦しいです,"便秘, お腹, 便秘",1,東洋漢方のセンナ顆粒Ｓ（分包）
570,便秘でお腹が張って苦しいです,"便秘, お腹, 便秘",2,ミカサ浣腸Ｎ４０
570,便秘でお腹が張って苦しいです,"便秘, お腹, 便秘",3,コトブキ浣腸４０
571,吐き気で食べられません,吐き気,1,アネロン「ニスキャップ」
571,吐き気で食べられません,吐き気,2,エアミットサットＦ
571,吐き気で食べられません,吐き気,3,センパアＰｒｏ
572,めまいで立っていられません,めまい,1,半夏厚朴湯
572,めまいで立っていられません,めまい,2,奥田脳神経薬
572,めまいで立っていられません,めまい,3,アネロン「キャップ」
573,かゆみで眠れません,"かゆみ, かゆ",1,レーバンＨ
573,かゆみで眠れません,"かゆみ, かゆ",2,スラジン
573,かゆみで眠れません,"かゆみ, かゆ",3,スラジンＡ
574,目の疲れでパソコンが使えません,"疲れ, 目",1,漢方ナイトミン
574,目の疲れでパソコンが使えません,"疲れ, 目",2,六君子湯
574,目の疲れでパソコンが使えません,"疲れ, 目",3,強表水散
575,関節痛で歩けません,"関節痛, 痛",1,ノーシンピュア《ピルケース》
575,関節痛で歩けません,"関節痛, 痛",2,オトナノーシンピュア
575,関節痛で歩けません,"関節痛, 痛",3,イブ
576,腰痛で座っていられません,"腰痛, 痛",1,雲仙散
576,腰痛で座っていられません,"腰痛, 痛",2,ノーシンピュア《ピルケース》
576,腰痛で座っていられません,"腰痛, 痛",3,オトナノーシンピュア
577,疲労感で何もできません,疲労,1,ピュアＣホワイト
577,疲労感で何もできません,疲労,2,ピュアナＣチュアブル錠
577,疲労感で何もできません,疲労,3,ホワイピュアＥＸ
578,頭痛の薬を探しています,"頭痛, 痛",1,大柴胡湯
578,頭痛の薬を探しています,"頭痛, 痛",2,清風散
578,頭痛の薬を探しています,"頭痛, 痛",3,ノーシンピュア《ピルケース》
579,発熱の薬を探しています,"発熱, 熱",1,ハイゼリーロイヤル
579,発熱の薬を探しています,"発熱, 熱",2,新ハイゼリーエースⅡ
579,発熱の薬を探しています,"発熱, 熱",3,ヘパリーゼドリンクⅡ
580,咳止めの薬を探しています,咳,1,清風散
580,咳止めの薬を探しています,咳,2,ウチダの麻黄加朮湯
580,咳止めの薬を探しています,咳,3,カンゾウいけだや
581,鼻水の薬を探しています,"鼻水, 鼻",1,新エザック鼻炎Ｌ
581,鼻水の薬を探しています,"鼻水, 鼻",2,新ビノック鼻炎用カプセル
581,鼻水の薬を探しています,"鼻水, 鼻",3,フジビトール鼻炎薬Ｓ
582,のどの痛みの薬を探しています,"のど, 痛",1,オトナノーシンピュア
582,のどの痛みの薬を探しています,"のど, 痛",2,クミアイ新いたみどめカプセル
582,のどの痛みの薬を探しています,"のど, 痛",3,プレミナスＩＰクイックａ
583,腹痛の薬を探しています,"腹痛, 痛",1,太田漢方胃腸薬Ⅱ
583,腹痛の薬を探しています,"腹痛, 痛",2,太田漢方胃腸薬Ⅱ＜錠剤＞
583,腹痛の薬を探しています,"腹痛, 痛",3,大正胃腸薬Ｋ
584,下痢止めの薬を探しています,"下痢, 下痢",1,高砂オウレン
584,下痢止めの薬を探しています,"下痢, 下痢",2,高砂オウレン末
584,下痢止めの薬を探しています,"下痢, 下痢",3,オウレンいけだや
585,便秘薬を探しています,"便秘, 便秘",1,東洋漢方のセンナ顆粒Ｓ（分包）
585,便秘薬を探しています,"便秘, 便秘",2,ミカサ浣腸Ｎ４０
585,便秘薬を探しています,"便秘, 便秘",3,コトブキ浣腸４０
586,吐き気止めの薬を探しています,吐き気,1,アネロン「ニスキャップ」
586,吐き気止めの薬を探しています,吐き気,2,エアミットサットＦ
586,吐き気止めの薬を探しています,吐き気,3,センパアＰｒｏ
587,めまいの薬を探しています,めまい,1,半夏厚朴湯
587,めまいの薬を探しています,めまい,2,奥田脳神経薬
587,めまいの薬を探しています,めまい,3,アネロン「キャップ」
588,かゆみ止めの薬を探しています,"かゆみ, かゆ",1,レーバンＨ
588,かゆみ止めの薬を探しています,"かゆみ, かゆ",2,スラジン
588,かゆみ止めの薬を探しています,"かゆみ, かゆ",3,スラジンＡ
589,目の疲れの薬を探しています,"疲れ, 目",1,漢方ナイトミン
589,目の疲れの薬を探しています,"疲れ, 目",2,六君子湯
589,目の疲れの薬を探しています,"疲れ, 目",3,強表水散
590,関節痛の薬を探しています,"関節痛, 痛",1,ノーシンピュア《ピルケース》
590,関節痛の薬を探しています,"関節痛, 痛",2,オトナノーシンピュア
590,関節痛の薬を探しています,"関節痛, 痛",3,イブ
591,腰痛の薬を探しています,"腰痛, 痛",1,雲仙散
591,腰痛の薬を探しています,"腰痛, 痛",2,ノーシンピュア《ピルケース》
591,腰痛の薬を探しています,"腰痛, 痛",3,オトナノーシンピュア
592,疲労回復の薬を探しています,疲労,1,ピュアＣホワイト
592,疲労回復の薬を探しています,疲労,2,ピュアナＣチュアブル錠
592,疲労回復の薬を探しています,疲労,3,ホワイピュアＥＸ
593,頭痛は何の薬がいいですか,"頭痛, 痛",1,大柴胡湯
593,頭痛は何の薬がいいですか,"頭痛, 痛",2,清風散
593,頭痛は何の薬がいいですか,"頭痛, 痛",3,ノーシンピュア《ピルケース》
594,発熱には何の薬が効きますか,"発熱, 熱",1,ハイゼリーロイヤル
594,発熱には何の薬が効きますか,"発熱, 熱",2,新ハイゼリーエースⅡ
594,発熱には何の薬が効きますか,"発熱, 熱",3,ヘパリーゼドリンクⅡ
595,咳には何の薬がいいですか,咳,1,清風散
595,咳には何の薬がいいですか,咳,2,ウチダの麻黄加朮湯
595,咳には何の薬がいいですか,咳,3,カンゾウいけだや
596,鼻水には何の薬が効きますか,"鼻水, 鼻",1,新エザック鼻炎Ｌ
596,鼻水には何の薬が効きますか,"鼻水, 鼻",2,新ビノック鼻炎用カプセル
596,鼻水には何の薬が効きますか,"鼻水, 鼻",3,フジビトール鼻炎薬Ｓ
597,のどの痛みには何の薬がいいですか,"のど, 痛",1,オトナノーシンピュア
597,のどの痛みには何の薬がいいですか,"のど, 痛",2,クミアイ新いたみどめカプセル
597,のどの痛みには何の薬がいいですか,"のど, 痛",3,プレミナスＩＰクイックａ
598,腹痛には何の薬が効きますか,"腹痛, 痛",1,太田漢方胃腸薬Ⅱ
598,腹痛には何の薬が効きますか,"腹痛, 痛",2,太田漢方胃腸薬Ⅱ＜錠剤＞
598,腹痛には何の薬が効きますか,"腹痛, 痛",3,大正胃腸薬Ｋ
599,下痢には何の薬がいいですか,"下痢, 下痢",1,高砂オウレン
599,下痢には何の薬がいいですか,"下痢, 下痢",2,高砂オウレン末
599,下痢には何の薬がいいですか,"下痢, 下痢",3,オウレンいけだや
600,便秘には何の薬が効きますか,"便秘, 便秘",1,東洋漢方のセンナ顆粒Ｓ（分包）
600,便秘には何の薬が効きますか,"便秘, 便秘",2,ミカサ浣腸Ｎ４０
600,便秘には何の薬が効きますか,"便秘, 便秘",3,コトブキ浣腸４０
601,吐き気には何の薬がいいですか,吐き気,1,アネロン「ニスキャップ」
601,吐き気には何の薬がいいですか,吐き気,2,エアミットサットＦ
601,吐き気には何の薬がいいですか,吐き気,3,センパアＰｒｏ
602,めまいには何の薬が効きますか,めまい,1,半夏厚朴湯
602,めまいには何の薬が効きますか,めまい,2,奥田脳神経薬
602,めまいには何の薬が効きますか,めまい,3,アネロン「キャップ」
603,かゆみには何の薬がいいですか,"かゆみ, かゆ",1,レーバンＨ
603,かゆみには何の薬がいいですか,"かゆみ, かゆ",2,スラジン
603,かゆみには何の薬がいいですか,"かゆみ, かゆ",3,スラジンＡ
604,目の疲れには何の薬が効きますか,"疲れ, 目",1,漢方ナイトミン
604,目の疲れには何の薬が効きますか,"疲れ, 目",2,六君子湯
604,目の疲れには何の薬が効きますか,"疲れ, 目",3,強表水散
605,関節痛には何の薬がいいですか,"関節痛, 痛",1,ノーシンピュア《ピルケース》
605,関節痛には何の薬がいいですか,"関節痛, 痛",2,オトナノーシンピュア
605,関節痛には何の薬がいいですか,"関節痛, 痛",3,イブ
606,腰痛には何の薬が効きますか,"腰痛, 痛",1,雲仙散
606,腰痛には何の薬が効きますか,"腰痛, 痛",2,ノーシンピュア《ピルケース》
606,腰痛には何の薬が効きますか,"腰痛, 痛",3,オトナノーシンピュア
607,疲労には何の薬がいいですか,疲労,1,ピュアＣホワイト
607,疲労には何の薬がいいですか,疲労,2,ピュアナＣチュアブル錠
607,疲労には何の薬がいいですか,疲労,3,ホワイピュアＥＸ
618,頭痛がありました,"頭痛, 痛",1,大柴胡湯
618,頭痛がありました,"頭痛, 痛",2,清風散
618,頭痛がありました,"頭痛, 痛",3,ノーシンピュア《ピルケース》
619,発熱がありました,"発熱, 熱",1,ハイゼリーロイヤル
619,発熱がありました,"発熱, 熱",2,新ハイゼリーエースⅡ
619,発熱がありました,"発熱, 熱",3,ヘパリーゼドリンクⅡ
620,咳が出ました,咳,1,清風散
620,咳が出ました,咳,2,ウチダの麻黄加朮湯
620,咳が出ました,咳,3,カンゾウいけだや
621,鼻水が出ました,"鼻水, 鼻",1,新エザック鼻炎Ｌ
621,鼻水が出ました,"鼻水, 鼻",2,新ビノック鼻炎用カプセル
621,鼻水が出ました,"鼻水, 鼻",3,フジビトール鼻炎薬Ｓ
622,のどが痛かったです,"のど, 痛",1,オトナノーシンピュア
622,のどが痛かったです,"のど, 痛",2,クミアイ新いたみどめカプセル
622,のどが痛かったです,"のど, 痛",3,プレミナスＩＰクイックａ
623,腹痛がありました,"腹痛, 痛",1,太田漢方胃腸薬Ⅱ
623,腹痛がありました,"腹痛, 痛",2,太田漢方胃腸薬Ⅱ＜錠剤＞
623,腹痛がありました,"腹痛, 痛",3,大正胃腸薬Ｋ
624,下痢をしました,"下痢, 下痢",1,高砂オウレン
624,下痢をしました,"下痢, 下痢",2,高砂オウレン末
624,下痢をしました,"下痢, 下痢",3,オウレンいけだや
625,便秘でした,"便秘, 便秘",1,東洋漢方のセンナ顆粒Ｓ（分包）
625,便秘でした,"便秘, 便秘",2,ミカサ浣腸Ｎ４０
625,便秘でした,"便秘, 便秘",3,コトブキ浣腸４０
626,吐き気がありました,吐き気,1,アネロン「ニスキャップ」
626,吐き気がありました,吐き気,2,エアミットサットＦ
626,吐き気がありました,吐き気,3,センパアＰｒｏ
627,めまいがありました,めまい,1,半夏厚朴湯
627,めまいがありました,めまい,2,奥田脳神経薬
627,めまいがありました,めまい,3,アネロン「キャップ」
628,頭痛になりそうです,"頭痛, 痛",1,大柴胡湯
628,頭痛になりそうです,"頭痛, 痛",2,清風散
628,頭痛になりそうです,"頭痛, 痛",3,ノーシンピュア《ピルケース》
629,発熱しそうです,"発熱, 熱",1,ハイゼリーロイヤル
629,発熱しそうです,"発熱, 熱",2,新ハイゼリーエースⅡ
629,発熱しそうです,"発熱, 熱",3,ヘパリーゼドリンクⅡ
630,咳が出そうです,咳,1,清風散
630,咳が出そうです,咳,2,ウチダの麻黄加朮湯
630,咳が出そうです,咳,3,カンゾウいけだや
631,鼻水が出そうです,"鼻水, 鼻",1,新エザック鼻炎Ｌ
631,鼻水が出そうです,"鼻水, 鼻",2,新ビノック鼻炎用カプセル
631,鼻水が出そうです,"鼻水, 鼻",3,フジビトール鼻炎薬Ｓ
632,のどが痛くなりそうです,"のど, 痛",1,オトナノーシンピュア
632,のどが痛くなりそうです,"のど, 痛",2,クミアイ新いたみどめカプセル
632,のどが痛くなりそうです,"のど, 痛",3,プレミナスＩＰクイックａ
633,腹痛になりそうです,"腹痛, 痛",1,太田漢方胃腸薬Ⅱ
633,腹痛になりそうです,"腹痛, 痛",2,太田漢方胃腸薬Ⅱ＜錠剤＞
633,腹痛になりそうです,"腹痛, 痛",3,大正胃腸薬Ｋ
634,下痢しそうです,"下痢, 下痢",1,高砂オウレン
634,下痢しそうです,"下痢, 下痢",2,高砂オウレン末
634,下痢しそうです,"下痢, 下痢",3,オウレンいけだや
635,便秘になりそうです,"便秘, 便秘",1,東洋漢方のセンナ顆粒Ｓ（分包）
635,便秘になりそうです,"便秘, 便秘",2,ミカサ浣腸Ｎ４０
635,便秘になりそうです,"便秘, 便秘",3,コトブキ浣腸４０
636,吐き気がしそうです,吐き気,1,アネロン「ニスキャップ」
636,吐き気がしそうです,吐き気,2,エアミットサットＦ
636,吐き気がしそうです,吐き気,3,センパアＰｒｏ
637,めまいがしそうです,めまい,1,半夏厚朴湯
637,めまいがしそうです,めまい,2,奥田脳神経薬
637,めまいがしそうです,めまい,3,アネロン「キャップ」
638,頭痛になったら薬を飲みます,"頭痛, 痛",1,大柴胡湯
638,頭痛になったら薬を飲みます,"頭痛, 痛",2,清風散
638,頭痛になったら薬を飲みます,"頭痛, 痛",3,ノーシンピュア《ピルケース》
639,発熱したら薬を飲みます,"発熱, 熱",1,ハイゼリーロイヤル
639,発熱したら薬を飲みます,"発熱, 熱",2,新ハイゼリーエースⅡ
639,発熱したら薬を飲みます,"発熱, 熱",3,ヘパリーゼドリンクⅡ
640,咳が出たら薬を飲みます,咳,1,清風散
640,咳が出たら薬を飲みます,咳,2,ウチダの麻黄加朮湯
640,咳が出たら薬を飲みます,咳,3,カンゾウいけだや
641,鼻水が出たら薬を飲みます,"鼻水, 鼻",1,新エザック鼻炎Ｌ
641,鼻水が出たら薬を飲みます,"鼻水, 鼻",2,新ビノック鼻炎用カプセル
641,鼻水が出たら薬を飲みます,"鼻水, 鼻",3,フジビトール鼻炎薬Ｓ
642,のどが痛くなったら薬を飲みます,"のど, 痛",1,オトナノーシンピュア
642,のどが痛くなったら薬を飲みます,"のど, 痛",2,クミアイ新いたみどめカプセル
642,のどが痛くなったら薬を飲みます,"のど, 痛",3,プレミナスＩＰクイックａ
643,腹痛になったら薬を飲みます,"腹痛, 痛",1,太田漢方胃腸薬Ⅱ
643,腹痛になったら薬を飲みます,"腹痛, 痛",2,太田漢方胃腸薬Ⅱ＜錠剤＞
643,腹痛になったら薬を飲みます,"腹痛, 痛",3,大正胃腸薬Ｋ
644,下痢したら薬を飲みます,"下痢, 下痢",1,高砂オウレン
644,下痢したら薬を飲みます,"下痢, 下痢",2,高砂オウレン末
644,下痢したら薬を飲みます,"下痢, 下痢",3,オウレンいけだや
645,便秘になったら薬を飲みます,"便秘, 便秘",1,東洋漢方のセンナ顆粒Ｓ（分包）
645,便秘になったら薬を飲みます,"便秘, 便秘",2,ミカサ浣腸Ｎ４０
645,便秘になったら薬を飲みます,"便秘, 便秘",3,コトブキ浣腸４０
646,吐き気がしたら薬を飲みます,吐き気,1,アネロン「ニスキャップ」
646,吐き気がしたら薬を飲みます,吐き気,2,エアミットサットＦ
646,吐き気がしたら薬を飲みます,吐き気,3,センパアＰｒｏ
647,めまいがしたら薬を飲みます,めまい,1,半夏厚朴湯
647,めまいがしたら薬を飲みます,めまい,2,奥田脳神経薬
647,めまいがしたら薬を飲みます,めまい,3,アネロン「キャップ」
648,頭痛かもしれません,"頭痛, 痛",1,大柴胡湯
648,頭痛かもしれません,"頭痛, 痛",2,清風散
648,頭痛かもしれません,"頭痛, 痛",3,ノーシンピュア《ピルケース》
649,発熱かもしれません,"発熱, 熱",1,ハイゼリーロイヤル
649,発熱かもしれません,"発熱, 熱",2,新ハイゼリーエースⅡ
649,発熱かもしれません,"発熱, 熱",3,ヘパリーゼドリンクⅡ
650,咳かもしれません,咳,1,清風散
650,咳かもしれません,咳,2,ウチダの麻黄加朮湯
650,咳かもしれません,咳,3,カンゾウいけだや
651,鼻水かもしれません,"鼻水, 鼻",1,新エザック鼻炎Ｌ
651,鼻水かもしれません,"鼻水, 鼻",2,新ビノック鼻炎用カプセル
651,鼻水かもしれません,"鼻水, 鼻",3,フジビトール鼻炎薬Ｓ
652,のどが痛いかもしれません,"のど, 痛",1,オトナノーシンピュア
652,のどが痛いかもしれません,"のど, 痛",2,クミアイ新いたみどめカプセル
652,のどが痛いかもしれません,"のど, 痛",3,プレミナスＩＰクイックａ
653,腹痛かもしれません,"腹痛, 痛",1,太田漢方胃腸薬Ⅱ
653,腹痛かもしれません,"腹痛, 痛",2,太田漢方胃腸薬Ⅱ＜錠剤＞
653,腹痛かもしれません,"腹痛, 痛",3,大正胃腸薬Ｋ
654,下痢かもしれません,"下痢, 下痢",1,高砂オウレン
654,下痢かもしれません,"下痢, 下痢",2,高砂オウレン末
654,下痢かもしれません,"下痢, 下痢",3,オウレンいけだや
655,便秘かもしれません,"便秘, 便秘",1,東洋漢方のセンナ顆粒Ｓ（分包）
655,便秘かもしれません,"便秘, 便秘",2,ミカサ浣腸Ｎ４０
655,便秘かもしれません,"便秘, 便秘",3,コトブキ浣腸４０
656,吐き気かもしれません,吐き気,1,アネロン「ニスキャップ」
656,吐き気かもしれません,吐き気,2,エアミットサットＦ
656,吐き気かもしれません,吐き気,3,センパアＰｒｏ
657,めまいかもしれません,めまい,1,半夏厚朴湯
657,めまいかもしれません,めまい,2,奥田脳神経薬
657,めまいかもしれません,めまい,3,アネロン「キャップ」
658,頭痛がとてもひどいです,"頭痛, 痛",1,大柴胡湯
658,頭痛がとてもひどいです,"頭痛, 痛",2,清風散
658,頭痛がとてもひどいです,"頭痛, 痛",3,ノーシンピュア《ピルケース》
659,発熱が非常に高いです,"発熱, 熱",1,ハイゼリーロイヤル
659,発熱が非常に高いです,"発熱, 熱",2,新ハイゼリーエースⅡ
659,発熱が非常に高いです,"発熱, 熱",3,ヘパリーゼドリンクⅡ
660,咳がすごく出ます,咳,1,清風散
660,咳がすごく出ます,咳,2,ウチダの麻黄加朮湯
660,咳がすごく出ます,咳,3,カンゾウいけだや
661,鼻水がすごく出ます,"鼻水, 鼻",1,新エザック鼻炎Ｌ
661,鼻水がすごく出ます,"鼻水, 鼻",2,新ビノック鼻炎用カプセル
661,鼻水がすごく出ます,"鼻水, 鼻",3,フジビトール鼻炎薬Ｓ
662,のどがとても痛いです,"のど, 痛",1,オトナノーシンピュア
662,のどがとても痛いです,"のど, 痛",2,クミアイ新いたみどめカプセル
662,のどがとても痛いです,"のど, 痛",3,プレミナスＩＰクイックａ
663,腹痛が非常にひどいです,"腹痛, 痛",1,太田漢方胃腸薬Ⅱ
663,腹痛が非常にひどいです,"腹痛, 痛",2,太田漢方胃腸薬Ⅱ＜錠剤＞
663,腹痛が非常にひどいです,"腹痛, 痛",3,大正胃腸薬Ｋ
664,下痢がすごく続いています,"下痢, 下痢",1,高砂オウレン
664,下痢がすごく続いています,"下痢, 下痢",2,高砂オウレン末
664,下痢がすごく続いています,"下痢, 下痢",3,オウレンいけだや
665,便秘がとてもひどいです,"便秘, 便秘",1,東洋漢方のセンナ顆粒Ｓ（分包）
665,便秘がとてもひどいです,"便秘, 便秘",2,ミカサ浣腸Ｎ４０
665,便秘がとてもひどいです,"便秘, 便秘",3,コトブキ浣腸４０
666,吐き気が非常に強いです,吐き気,1,アネロン「ニスキャップ」
666,吐き気が非常に強いです,吐き気,2,エアミットサットＦ
666,吐き気が非常に強いです,吐き気,3,センパアＰｒｏ
667,めまいがすごくします,めまい,1,半夏厚朴湯
667,めまいがすごくします,めまい,2,奥田脳神経薬
667,めまいがすごくします,めまい,3,アネロン「キャップ」
673,熱っぽい,熱,1,ハイゼリーロイヤル
673,熱っぽい,熱,2,新ハイゼリーエースⅡ
673,熱っぽい,熱,3,ヘパリーゼドリンクⅡ
674,寒気がする,寒気,1,神農柴胡桂枝湯エキス錠
674,寒気がする,寒気,2,ホリエの麻黄湯
674,寒気がする,寒気,3,ホノミキョウカン錠
675,悪寒がする,悪寒,1,清風散
675,悪寒がする,悪寒,2,ノーシンピュア《ピルケース》
675,悪寒がする,悪寒,3,メリドンＥＶ錠
676,体が熱い,熱,1,ハイゼリーロイヤル
676,体が熱い,熱,2,新ハイゼリーエースⅡ
676,体が熱い,熱,3,ヘパリーゼドリンクⅡ
678,咳がコンコン出る,咳,1,清風散
678,咳がコンコン出る,咳,2,ウチダの麻黄加朮湯
678,咳がコンコン出る,咳,3,カンゾウいけだや
679,咳がゴホゴホ出る,咳,1,清風散
679,咳がゴホゴホ出る,咳,2,ウチダの麻黄加朮湯
679,咳がゴホゴホ出る,咳,3,カンゾウいけだや
680,咳が止まらない,咳,1,清風散
680,咳が止まらない,咳,2,ウチダの麻黄加朮湯
680,咳が止まらない,咳,3,カンゾウいけだや
681,咳が続く,咳,1,清風散
681,咳が続く,咳,2,ウチダの麻黄加朮湯
681,咳が続く,咳,3,カンゾウいけだや
682,咳がひどい,咳,1,清風散
682,咳がひどい,咳,2,ウチダの麻黄加朮湯
682,咳がひどい,咳,3,カンゾウいけだや
683,鼻がムズムズする,鼻,1,ナイシトールＧ
683,鼻がムズムズする,鼻,2,ピュアＣホワイト
683,鼻がムズムズする,鼻,3,ピュアナＣチュアブル錠
684,鼻がツンとする,鼻,1,ナイシトールＧ
684,鼻がツンとする,鼻,2,ピュアＣホワイト
684,鼻がツンとする,鼻,3,ピュアナＣチュアブル錠
685,鼻がかゆい,"かゆ, 鼻",1,レーバンＨ
685,鼻がかゆい,"かゆ, 鼻",2,スラジン
685,鼻がかゆい,"かゆ, 鼻",3,スラジンＡ
686,鼻が痛い,"痛, 鼻",1,雲仙散
686,鼻が痛い,"痛, 鼻",2,ビトラックＳ
686,鼻が痛い,"痛, 鼻",3,太田漢方胃腸薬Ⅱ
687,鼻が詰まる,鼻,1,ナイシトールＧ
687,鼻が詰まる,鼻,2,ピュアＣホワイト
687,鼻が詰まる,鼻,3,ピュアナＣチュアブル錠
688,のどがイガイガする,のど,1,オトナノーシンピュア
688,のどがイガイガする,のど,2,クミアイ新いたみどめカプセル
688,のどがイガイガする,のど,3,プレミナスＩＰクイックａ
689,のどがヒリヒリする,のど,1,オトナノーシンピュア
689,のどがヒリヒリする,のど,2,クミアイ新いたみどめカプセル
689,のどがヒリヒリする,のど,3,プレミナスＩＰクイックａ
690,のどが渇く,のど,1,オトナノーシンピュア
690,のどが渇く,のど,2,クミアイ新いたみどめカプセル
690,のどが渇く,のど,3,プレミナスＩＰクイックａ
691,のどが腫れる,のど,1,オトナノーシンピュア
691,のどが腫れる,のど,2,クミアイ新いたみどめカプセル
691,のどが腫れる,のど,3,プレミナスＩＰクイックａ
692,のどがつまる,のど,1,オトナノーシンピュア
692,のどがつまる,のど,2,クミアイ新いたみどめカプセル
692,のどがつまる,のど,3,プレミナスＩＰクイックａ
697,お腹がシクシク痛む,"痛, お腹",1,雲仙散
697,お腹がシクシク痛む,"痛, お腹",2,ビトラックＳ
697,お腹がシクシク痛む,"痛, お腹",3,太田漢方胃腸薬Ⅱ
703,胃がキリキリ痛む,"痛, 胃",1,雲仙散
703,胃がキリキリ痛む,"痛, 胃",2,ビトラックＳ
703,胃がキリキリ痛む,"痛, 胃",3,太田漢方胃腸薬Ⅱ
704,胃がシクシク痛む,"痛, 胃",1,雲仙散
704,胃がシクシク痛む,"痛, 胃",2,ビトラックＳ
704,胃がシクシク痛む,"痛, 胃",3,太田漢方胃腸薬Ⅱ
705,胃がもたれる,胃,1,新バック液
705,胃がもたれる,胃,2,ソルマックプラス
705,胃がもたれる,胃,3,高砂オウレン
706,胃が重い,胃,1,新バック液
706,胃が重い,胃,2,ソルマックプラス
706,胃が重い,胃,3,高砂オウレン
707,胃がムカムカする,胃,1,新バック液
707,胃がムカムカする,胃,2,ソルマックプラス
707,胃がムカムカする,胃,3,高砂オウレン
708,目がショボショボする,目,1,強表水散
708,目がショボショボする,目,2,四物血行散
708,目がショボショボする,目,3,四物血行散
709,目がチカチカする,目,1,強表水散
709,目がチカチカする,目,2,四物血行散
709,目がチカチカする,目,3,四物血行散
710,目がゴロゴロする,目,1,強表水散
710,目がゴロゴロする,目,2,四物血行散
710,目がゴロゴロする,目,3,四物血行散
711,目がかすむ,目,1,強表水散
711,目がかすむ,目,2,四物血行散
711,目がかすむ,目,3,四物血行散
712,目が乾く,目,1,強表水散
712,目が乾く,目,2,四物血行散
712,目が乾く,目,3,四物血行散
713,耳が聞こえにくい,耳,1,ナリピタン
713,耳が聞こえにくい,耳,2,ノーシンピュア《ピルケース》
713,耳が聞こえにくい,耳,3,オトナノーシンピュア
714,耳が詰まる,耳,1,ナリピタン
714,耳が詰まる,耳,2,ノーシンピュア《ピルケース》
714,耳が詰まる,耳,3,オトナノーシンピュア
715,耳がかゆい,"かゆ, 耳",1,レーバンＨ
715,耳がかゆい,"かゆ, 耳",2,スラジン
715,耳がかゆい,"かゆ, 耳",3,スラジンＡ
716,耳がジンジンする,耳,1,ナリピタン
716,耳がジンジンする,耳,2,ノーシンピュア《ピルケース》
716,耳がジンジンする,耳,3,オトナノーシンピュア
717,耳がボーンとする,耳,1,ナリピタン
717,耳がボーンとする,耳,2,ノーシンピュア《ピルケース》
717,耳がボーンとする,耳,3,オトナノーシンピュア
718,頭痛と発熱と咳があります,"頭痛, 発熱, 咳",1,大柴胡湯
718,頭痛と発熱と咳があります,"頭痛, 発熱, 咳",2,清風散
718,頭痛と発熱と咳があります,"頭痛, 発熱, 咳",3,ノーシンピュア《ピルケース》
719,のどが痛くて鼻水とくしゃみが出ます,"鼻水, のど, 痛",1,新エザック鼻炎Ｌ
719,のどが痛くて鼻水とくしゃみが出ます,"鼻水, のど, 痛",2,新ビノック鼻炎用カプセル
719,のどが痛くて鼻水とくしゃみが出ます,"鼻水, のど, 痛",3,フジビトール鼻炎薬Ｓ
720,腹痛と下痢と吐き気とめまいがあります,"腹痛, 下痢, 吐き気",1,太田漢方胃腸薬Ⅱ
720,腹痛と下痢と吐き気とめまいがあります,"腹痛, 下痢, 吐き気",2,太田漢方胃腸薬Ⅱ＜錠剤＞
720,腹痛と下痢と吐き気とめまいがあります,"腹痛, 下痢, 吐き気",3,大正胃腸薬Ｋ
721,便秘と腹痛と胃もたれと胸やけがあります,"腹痛, 便秘, 痛",1,太田漢方胃腸薬Ⅱ
721,便秘と腹痛と胃もたれと胸やけがあります,"腹痛, 便秘, 痛",2,太田漢方胃腸薬Ⅱ＜錠剤＞
721,便秘と腹痛と胃もたれと胸やけがあります,"腹痛, 便秘, 痛",3,大正胃腸薬Ｋ
722,かゆみと発疹と皮膚の赤みがあります,"かゆみ, かゆ, 発疹",1,レーバンＨ
722,かゆみと発疹と皮膚の赤みがあります,"かゆみ, かゆ, 発疹",2,スラジン
722,かゆみと発疹と皮膚の赤みがあります,"かゆみ, かゆ, 発疹",3,スラジンＡ
723,目の疲れと頭痛とめまいと肩こりがあります,"頭痛, めまい, 疲れ",1,大柴胡湯
723,目の疲れと頭痛とめまいと肩こりがあります,"頭痛, めまい, 疲れ",2,清風散
723,目の疲れと頭痛とめまいと肩こりがあります,"頭痛, めまい, 疲れ",3,ノーシンピュア《ピルケース》
724,関節痛と筋肉痛と肩こりと腰痛があります,"関節痛, 腰痛, 痛",1,ノーシンピュア《ピルケース》
724,関節痛と筋肉痛と肩こりと腰痛があります,"関節痛, 腰痛, 痛",2,オトナノーシンピュア
724,関節痛と筋肉痛と肩こりと腰痛があります,"関節痛, 腰痛, 痛",3,イブ
725,疲労感と不眠とイライラと不安があります,"疲労, 不眠",1,ピュアＣホワイト
725,疲労感と不眠とイライラと不安があります,"疲労, 不眠",2,ピュアナＣチュアブル錠
725,疲労感と不眠とイライラと不安があります,"疲労, 不眠",3,ホワイピュアＥＸ
726,動悸と息切れと胸の痛みとめまいがあります,"めまい, 痛, 胸",1,半夏厚朴湯
726,動悸と息切れと胸の痛みとめまいがあります,"めまい, 痛, 胸",2,奥田脳神経薬
726,動悸と息切れと胸の痛みとめまいがあります,"めまい, 痛, 胸",3,アネロン「キャップ」
727,頭痛と吐き気とめまいとふらつきがあります,"頭痛, 吐き気, めまい",1,大柴胡湯
727,頭痛と吐き気とめまいとふらつきがあります,"頭痛, 吐き気, めまい",2,清風散
727,頭痛と吐き気とめまいとふらつきがあります,"頭痛, 吐き気, めまい",3,ノーシンピュア《ピルケース》
728,発熱と悪寒と頭痛と体のだるさがあります,"頭痛, 発熱, だる",1,大柴胡湯
728,発熱と悪寒と頭痛と体のだるさがあります,"頭痛, 発熱, だる",2,清風散
728,発熱と悪寒と頭痛と体のだるさがあります,"頭痛, 発熱, だる",3,ノーシンピュア《ピルケース》
729,咳と痰と鼻水とくしゃみが出ます,"咳, 痰, 鼻水",1,清風散
729,咳と痰と鼻水とくしゃみが出ます,"咳, 痰, 鼻水",2,ウチダの麻黄加朮湯
729,咳と痰と鼻水とくしゃみが出ます,"咳, 痰, 鼻水",3,カンゾウいけだや
730,のどが痛くて発熱と頭痛があります,"頭痛, 発熱, のど",1,大柴胡湯
730,のどが痛くて発熱と頭痛があります,"頭痛, 発熱, のど",2,清風散
730,のどが痛くて発熱と頭痛があります,"頭痛, 発熱, のど",3,ノーシンピュア《ピルケース》
731,腹痛と下痢と発熱があります,"発熱, 腹痛, 下痢",1,ハイゼリーロイヤル
731,腹痛と下痢と発熱があります,"発熱, 腹痛, 下痢",2,新ハイゼリーエースⅡ
731,腹痛と下痢と発熱があります,"発熱, 腹痛, 下痢",3,ヘパリーゼドリンクⅡ
732,便秘と腹痛と吐き気があります,"腹痛, 便秘, 吐き気",1,太田漢方胃腸薬Ⅱ
732,便秘と腹痛と吐き気があります,"腹痛, 便秘, 吐き気",2,太田漢方胃腸薬Ⅱ＜錠剤＞
732,便秘と腹痛と吐き気があります,"腹痛, 便秘, 吐き気",3,大正胃腸薬Ｋ
733,かゆみと発疹と皮膚の乾燥があります,"かゆみ, かゆ, 発疹",1,レーバンＨ
733,かゆみと発疹と皮膚の乾燥があります,"かゆみ, かゆ, 発疹",2,スラジン
733,かゆみと発疹と皮膚の乾燥があります,"かゆみ, かゆ, 発疹",3,スラジンＡ
734,目の疲れと頭痛と首の痛みがあります,"頭痛, 疲れ, 痛",1,大柴胡湯
734,目の疲れと頭痛と首の痛みがあります,"頭痛, 疲れ, 痛",2,清風散
734,目の疲れと頭痛と首の痛みがあります,"頭痛, 疲れ, 痛",3,ノーシンピュア《ピルケース》
735,関節痛と筋肉痛と体のだるさがあります,"関節痛, だる, 痛",1,ノーシンピュア《ピルケース》
735,関節痛と筋肉痛と体のだるさがあります,"関節痛, だる, 痛",2,オトナノーシンピュア
735,関節痛と筋肉痛と体のだるさがあります,"関節痛, だる, 痛",3,イブ
736,腰痛と肩こりと首の痛みがあります,"腰痛, 痛, 肩",1,雲仙散
736,腰痛と肩こりと首の痛みがあります,"腰痛, 痛, 肩",2,ノーシンピュア《ピルケース》
736,腰痛と肩こりと首の痛みがあります,"腰痛, 痛, 肩",3,オトナノーシンピュア
737,疲労感と不眠と頭痛があります,"頭痛, 疲労, 不眠",1,大柴胡湯
737,疲労感と不眠と頭痛があります,"頭痛, 疲労, 不眠",2,清風散
737,疲労感と不眠と頭痛があります,"頭痛, 疲労, 不眠",3,ノーシンピュア《ピルケース》
738,動悸と息切れとめまいがあります,"めまい, 動悸, 息切れ",1,半夏厚朴湯
738,動悸と息切れとめまいがあります,"めまい, 動悸, 息切れ",2,奥田脳神経薬
738,動悸と息切れとめまいがあります,"めまい, 動悸, 息切れ",3,アネロン「キャップ」
739,頭痛とめまいと吐き気があります,"頭痛, 吐き気, めまい",1,大柴胡湯
739,頭痛とめまいと吐き気があります,"頭痛, 吐き気, めまい",2,清風散
739,頭痛とめまいと吐き気があります,"頭痛, 吐き気, めまい",3,ノーシンピュア《ピルケース》
740,発熱と頭痛と体のだるさがあります,"頭痛, 発熱, だる",1,大柴胡湯
740,発熱と頭痛と体のだるさがあります,"頭痛, 発熱, だる",2,清風散
740,発熱と頭痛と体のだるさがあります,"頭痛, 発熱, だる",3,ノーシンピュア《ピルケース》
741,咳と痰とのどの痛みがあります,"咳, 痰, のど",1,清風散
741,咳と痰とのどの痛みがあります,"咳, 痰, のど",2,ウチダの麻黄加朮湯
741,咳と痰とのどの痛みがあります,"咳, 痰, のど",3,カンゾウいけだや
742,鼻水とくしゃみと目のかゆみがあります,"鼻水, かゆみ, かゆ",1,新エザック鼻炎Ｌ
742,鼻水とくしゃみと目のかゆみがあります,"鼻水, かゆみ, かゆ",2,新ビノック鼻炎用カプセル
742,鼻水とくしゃみと目のかゆみがあります,"鼻水, かゆみ, かゆ",3,フジビトール鼻炎薬Ｓ
743,のどが痛くて咳と痰が出ます,"咳, 痰, のど",1,清風散
743,のどが痛くて咳と痰が出ます,"咳, 痰, のど",2,ウチダの麻黄加朮湯
743,のどが痛くて咳と痰が出ます,"咳, 痰, のど",3,カンゾウいけだや
744,腹痛と下痢と発熱と頭痛があります,"頭痛, 発熱, 腹痛",1,大柴胡湯
744,腹痛と下痢と発熱と頭痛があります,"頭痛, 発熱, 腹痛",2,清風散
744,腹痛と下痢と発熱と頭痛があります,"頭痛, 発熱, 腹痛",3,ノーシンピュア《ピルケース》
745,便秘と腹痛と胃もたれと吐き気があります,"腹痛, 便秘, 吐き気",1,太田漢方胃腸薬Ⅱ
745,便秘と腹痛と胃もたれと吐き気があります,"腹痛, 便秘, 吐き気",2,太田漢方胃腸薬Ⅱ＜錠剤＞
745,便秘と腹痛と胃もたれと吐き気があります,"腹痛, 便秘, 吐き気",3,大正胃腸薬Ｋ
746,かゆみと発疹と皮膚の赤みと腫れがあります,"かゆみ, かゆ, 発疹",1,レーバンＨ
746,かゆみと発疹と皮膚の赤みと腫れがあります,"かゆみ, かゆ, 発疹",2,スラジン
746,かゆみと発疹と皮膚の赤みと腫れがあります,"かゆみ, かゆ, 発疹",3,スラジンＡ
747,目の疲れと頭痛とめまいと肩こりと首の痛みがあります,"頭痛, めまい, 疲れ",1,大柴胡湯
747,目の疲れと頭痛とめまいと肩こりと首の痛みがあります,"頭痛, めまい, 疲れ",2,清風散
747,目の疲れと頭痛とめまいと肩こりと首の痛みがあります,"頭痛, めまい, 疲れ",3,ノーシンピュア《ピルケース》
748,関節痛と筋肉痛と肩こりと腰痛と首の痛みがあります,"関節痛, 腰痛, 痛",1,ノーシンピュア《ピルケース》
748,関節痛と筋肉痛と肩こりと腰痛と首の痛みがあります,"関節痛, 腰痛, 痛",2,オトナノーシンピュア
748,関節痛と筋肉痛と肩こりと腰痛と首の痛みがあります,"関節痛, 腰痛, 痛",3,イブ
749,疲労感と不眠とイライラと不安と頭痛があります,"頭痛, 疲労, 不眠",1,大柴胡湯
749,疲労感と不眠とイライラと不安と頭痛があります,"頭痛, 疲労, 不眠",2,清風散
749,疲労感と不眠とイライラと不安と頭痛があります,"頭痛, 疲労, 不眠",3,ノーシンピュア《ピルケース》
750,動悸と息切れと胸の痛みとめまいとふらつきがあります,"めまい, 痛, 胸",1,半夏厚朴湯
750,動悸と息切れと胸の痛みとめまいとふらつきがあります,"めまい, 痛, 胸",2,奥田脳神経薬
750,動悸と息切れと胸の痛みとめまいとふらつきがあります,"めまい, 痛, 胸",3,アネロン「キャップ」
751,頭痛と吐き気とめまいとふらつきと体のだるさがあります,"頭痛, 吐き気, めまい",1,大柴胡湯
751,頭痛と吐き気とめまいとふらつきと体のだるさがあります,"頭痛, 吐き気, めまい",2,清風散
751,頭痛と吐き気とめまいとふらつきと体のだるさがあります,"頭痛, 吐き気, めまい",3,ノーシンピュア《ピルケース》
752,発熱と悪寒と頭痛と体のだるさと食欲不振があります,"頭痛, 発熱, だる",1,大柴胡湯
752,発熱と悪寒と頭痛と体のだるさと食欲不振があります,"頭痛, 発熱, だる",2,清風散
752,発熱と悪寒と頭痛と体のだるさと食欲不振があります,"頭痛, 発熱, だる",3,ノーシンピュア《ピルケース》
753,咳と痰と鼻水とくしゃみとのどの痛みがあります,"咳, 痰, 鼻水",1,清風散
753,咳と痰と鼻水とくしゃみとのどの痛みがあります,"咳, 痰, 鼻水",2,ウチダの麻黄加朮湯
753,咳と痰と鼻水とくしゃみとのどの痛みがあります,"咳, 痰, 鼻水",3,カンゾウいけだや
754,のどが痛くて発熱と頭痛と体のだるさがあります,"頭痛, 発熱, のど",1,大柴胡湯
754,のどが痛くて発熱と頭痛と体のだるさがあります,"頭痛, 発熱, のど",2,清風散
754,のどが痛くて発熱と頭痛と体のだるさがあります,"頭痛, 発熱, のど",3,ノーシンピュア《ピルケース》
755,腹痛と下痢と発熱と頭痛と吐き気があります,"頭痛, 発熱, 腹痛",1,大柴胡湯
755,腹痛と下痢と発熱と頭痛と吐き気があります,"頭痛, 発熱, 腹痛",2,清風散
755,腹痛と下痢と発熱と頭痛と吐き気があります,"頭痛, 発熱, 腹痛",3,ノーシンピュア《ピルケース》
756,便秘と腹痛と胃もたれと胸やけと吐き気があります,"腹痛, 便秘, 吐き気",1,太田漢方胃腸薬Ⅱ
756,便秘と腹痛と胃もたれと胸やけと吐き気があります,"腹痛, 便秘, 吐き気",2,太田漢方胃腸薬Ⅱ＜錠剤＞
756,便秘と腹痛と胃もたれと胸やけと吐き気があります,"腹痛, 便秘, 吐き気",3,大正胃腸薬Ｋ
757,かゆみと発疹と皮膚の赤みと腫れと痛みがあります,"かゆみ, 痛, かゆ",1,レーバンＨ
757,かゆみと発疹と皮膚の赤みと腫れと痛みがあります,"かゆみ, 痛, かゆ",2,スラジン
757,かゆみと発疹と皮膚の赤みと腫れと痛みがあります,"かゆみ, 痛, かゆ",3,スラジンＡ
758,目の疲れと頭痛とめまいと肩こりと首の痛みと体のだるさがあります,"頭痛, めまい, 疲れ",1,大柴胡湯
758,目の疲れと頭痛とめまいと肩こりと首の痛みと体のだるさがあります,"頭痛, めまい, 疲れ",2,清風散
758,目の疲れと頭痛とめまいと肩こりと首の痛みと体のだるさがあります,"頭痛, めまい, 疲れ",3,ノーシンピュア《ピルケース》
759,関節痛と筋肉痛と肩こりと腰痛と首の痛みと体のだるさがあります,"関節痛, 腰痛, だる",1,ノーシンピュア《ピルケース》
759,関節痛と筋肉痛と肩こりと腰痛と首の痛みと体のだるさがあります,"関節痛, 腰痛, だる",2,オトナノーシンピュア
759,関節痛と筋肉痛と肩こりと腰痛と首の痛みと体のだるさがあります,"関節痛, 腰痛, だる",3,イブ
760,疲労感と不眠とイライラと不安と頭痛とめまいがあります,"頭痛, めまい, 疲労",1,大柴胡湯
760,疲労感と不眠とイライラと不安と頭痛とめまいがあります,"頭痛, めまい, 疲労",2,清風散
760,疲労感と不眠とイライラと不安と頭痛とめまいがあります,"頭痛, めまい, 疲労",3,ノーシンピュア《ピルケース》
761,動悸と息切れと胸の痛みとめまいとふらつきと体のだるさがあります,"めまい, だる, 痛",1,半夏厚朴湯
761,動悸と息切れと胸の痛みとめまいとふらつきと体のだるさがあります,"めまい, だる, 痛",2,奥田脳神経薬
761,動悸と息切れと胸の痛みとめまいとふらつきと体のだるさがあります,"めまい, だる, 痛",3,アネロン「キャップ」
762,頭痛と吐き気とめまいとふらつきと体のだるさと食欲不振があります,"頭痛, 吐き気, めまい",1,大柴胡湯
762,頭痛と吐き気とめまいとふらつきと体のだるさと食欲不振があります,"頭痛, 吐き気, めまい",2,清風散
762,頭痛と吐き気とめまいとふらつきと体のだるさと食欲不振があります,"頭痛, 吐き気, めまい",3,ノーシンピュア《ピルケース》
763,発熱と悪寒と頭痛と体のだるさと食欲不振と不眠があります,"頭痛, 発熱, 不眠",1,大柴胡湯
763,発熱と悪寒と頭痛と体のだるさと食欲不振と不眠があります,"頭痛, 発熱, 不眠",2,清風散
763,発熱と悪寒と頭痛と体のだるさと食欲不振と不眠があります,"頭痛, 発熱, 不眠",3,ノーシンピュア《ピルケース》
764,咳と痰と鼻水とくしゃみとのどの痛みと発熱があります,"発熱, 咳, 痰",1,ハイゼリーロイヤル
764,咳と痰と鼻水とくしゃみとのどの痛みと発熱があります,"発熱, 咳, 痰",2,新ハイゼリーエースⅡ
764,咳と痰と鼻水とくしゃみとのどの痛みと発熱があります,"発熱, 咳, 痰",3,ヘパリーゼドリンクⅡ
765,のどが痛くて発熱と頭痛と体のだるさと食欲不振があります,"頭痛, 発熱, のど",1,大柴胡湯
765,のどが痛くて発熱と頭痛と体のだるさと食欲不振があります,"頭痛, 発熱, のど",2,清風散
765,のどが痛くて発熱と頭痛と体のだるさと食欲不振があります,"頭痛, 発熱, のど",3,ノーシンピュア《ピルケース》
766,腹痛と下痢と発熱と頭痛と吐き気とめまいがあります,"頭痛, 発熱, 腹痛",1,大柴胡湯
766,腹痛と下痢と発熱と頭痛と吐き気とめまいがあります,"頭痛, 発熱, 腹痛",2,清風散
766,腹痛と下痢と発熱と頭痛と吐き気とめまいがあります,"頭痛, 発熱, 腹痛",3,ノーシンピュア《ピルケース》
767,便秘と腹痛と胃もたれと胸やけと吐き気と食欲不振があります,"腹痛, 便秘, 吐き気",1,太田漢方胃腸薬Ⅱ
767,便秘と腹痛と胃もたれと胸やけと吐き気と食欲不振があります,"腹痛, 便秘, 吐き気",2,太田漢方胃腸薬Ⅱ＜錠剤＞
767,便秘と腹痛と胃もたれと胸やけと吐き気と食欲不振があります,"腹痛, 便秘, 吐き気",3,大正胃腸薬Ｋ
768,かゆみと発疹と皮膚の赤みと腫れと痛みと熱感があります,"かゆみ, 痛, かゆ",1,レーバンＨ
768,かゆみと発疹と皮膚の赤みと腫れと痛みと熱感があります,"かゆみ, 痛, かゆ",2,スラジン
768,かゆみと発疹と皮膚の赤みと腫れと痛みと熱感があります,"かゆみ, 痛, かゆ",3,スラジンＡ
769,目の疲れと頭痛とめまいと肩こりと首の痛みと体のだるさと不眠があります,"頭痛, めまい, 不眠",1,大柴胡湯
769,目の疲れと頭痛とめまいと肩こりと首の痛みと体のだるさと不眠があります,"頭痛, めまい, 不眠",2,清風散
769,目の疲れと頭痛とめまいと肩こりと首の痛みと体のだるさと不眠があります,"頭痛, めまい, 不眠",3,ノーシンピュア《ピルケース》
914,頭痛！,"頭痛, 痛",1,大柴胡湯
914,頭痛！,"頭痛, 痛",2,清風散
914,頭痛！,"頭痛, 痛",3,ノーシンピュア《ピルケース》
915,頭痛？,"頭痛, 痛",1,大柴胡湯
915,頭痛？,"頭痛, 痛",2,清風散
915,頭痛？,"頭痛, 痛",3,ノーシンピュア《ピルケース》
916,頭痛。,"頭痛, 痛",1,大柴胡湯
916,頭痛。,"頭痛, 痛",2,清風散
916,頭痛。,"頭痛, 痛",3,ノーシンピュア《ピルケース》
917,頭痛、,"頭痛, 痛",1,大柴胡湯
917,頭痛、,"頭痛, 痛",2,清風散
917,頭痛、,"頭痛, 痛",3,ノーシンピュア《ピルケース》
918,頭痛：,"頭痛, 痛",1,大柴胡湯
918,頭痛：,"頭痛, 痛",2,清風散
918,頭痛：,"頭痛, 痛",3,ノーシンピュア《ピルケース》
919,頭痛；,"頭痛, 痛",1,大柴胡湯
919,頭痛；,"頭痛, 痛",2,清風散
919,頭痛；,"頭痛, 痛",3,ノーシンピュア《ピルケース》
920,頭痛「,"頭痛, 痛",1,大柴胡湯
920,頭痛「,"頭痛, 痛",2,清風散
920,頭痛「,"頭痛, 痛",3,ノーシンピュア《ピルケース》
921,頭痛」,"頭痛, 痛",1,大柴胡湯
921,頭痛」,"頭痛, 痛",2,清風散
921,頭痛」,"頭痛, 痛",3,ノーシンピュア《ピルケース》
922,頭痛『,"頭痛, 痛",1,大柴胡湯
922,頭痛『,"頭痛, 痛",2,清風散
922,頭痛『,"頭痛, 痛",3,ノーシンピュア《ピルケース》
923,頭痛』,"頭痛, 痛",1,大柴胡湯
923,頭痛』,"頭痛, 痛",2,清風散
923,頭痛』,"頭痛, 痛",3,ノーシンピュア《ピルケース》
924,頭痛（,"頭痛, 痛",1,大柴胡湯
924,頭痛（,"頭痛, 痛",2,清風散
924,頭痛（,"頭痛, 痛",3,ノーシンピュア《ピルケース》
925,頭痛）,"頭痛, 痛",1,大柴胡湯
925,頭痛）,"頭痛, 痛",2,清風散
925,頭痛）,"頭痛, 痛",3,ノーシンピュア《ピルケース》
926,頭痛【,"頭痛, 痛",1,大柴胡湯
926,頭痛【,"頭痛, 痛",2,清風散
926,頭痛【,"頭痛, 痛",3,ノーシンピュア《ピルケース》
927,頭痛】,"頭痛, 痛",1,大柴胡湯
927,頭痛】,"頭痛, 痛",2,清風散
927,頭痛】,"頭痛, 痛",3,ノーシンピュア《ピルケース》
928,頭痛〔,"頭痛, 痛",1,大柴胡湯
928,頭痛〔,"頭痛, 痛",2,清風散
928,頭痛〔,"頭痛, 痛",3,ノーシンピュア《ピルケース》
929,頭痛〕,"頭痛, 痛",1,大柴胡湯
929,頭痛〕,"頭痛, 痛",2,清風散
929,頭痛〕,"頭痛, 痛",3,ノーシンピュア《ピルケース》
930,頭痛〈,"頭痛, 痛",1,大柴胡湯
930,頭痛〈,"頭痛, 痛",2,清風散
930,頭痛〈,"頭痛, 痛",3,ノーシンピュア《ピルケース》
931,頭痛〉,"頭痛, 痛",1,大柴胡湯
931,頭痛〉,"頭痛, 痛",2,清風散
931,頭痛〉,"頭痛, 痛",3,ノーシンピュア《ピルケース》
932,頭痛《,"頭痛, 痛",1,大柴胡湯
932,頭痛《,"頭痛, 痛",2,清風散
932,頭痛《,"頭痛, 痛",3,ノーシンピュア《ピルケース》
933,頭痛》,"頭痛, 痛",1,大柴胡湯
933,頭痛》,"頭痛, 痛",2,清風散
933,頭痛》,"頭痛, 痛",3,ノーシンピュア《ピルケース》
934,頭痛『,"頭痛, 痛",1,大柴胡湯
934,頭痛『,"頭痛, 痛",2,清風散
934,頭痛『,"頭痛, 痛",3,ノーシンピュア《ピルケース》
935,頭痛』,"頭痛, 痛",1,大柴胡湯
935,頭痛』,"頭痛, 痛",2,清風散
935,頭痛』,"頭痛, 痛",3,ノーシンピュア《ピルケース》
936,頭痛「,"頭痛, 痛",1,大柴胡湯
936,頭痛「,"頭痛, 痛",2,清風散
936,頭痛「,"頭痛, 痛",3,ノーシンピュア《ピルケース》
937,頭痛」,"頭痛, 痛",1,大柴胡湯
937,頭痛」,"頭痛, 痛",2,清風散
937,頭痛」,"頭痛, 痛",3,ノーシンピュア《ピルケース》
938,頭痛！？,"頭痛, 痛",1,大柴胡湯
938,頭痛！？,"頭痛, 痛",2,清風散
938,頭痛！？,"頭痛, 痛",3,ノーシンピュア《ピルケース》
939,頭痛？！,"頭痛, 痛",1,大柴胡湯
939,頭痛？！,"頭痛, 痛",2,清風散
939,頭痛？！,"頭痛, 痛",3,ノーシンピュア《ピルケース》
940,頭痛...,"頭痛, 痛",1,大柴胡湯
940,頭痛...,"頭痛, 痛",2,清風散
940,頭痛...,"頭痛, 痛",3,ノーシンピュア《ピルケース》
941,頭痛---,"頭痛, 痛",1,大柴胡湯
941,頭痛---,"頭痛, 痛",2,清風散
941,頭痛---,"頭痛, 痛",3,ノーシンピュア《ピルケース》
942,頭痛___,"頭痛, 痛",1,大柴胡湯
942,頭痛___,"頭痛, 痛",2,清風散
942,頭痛___,"頭痛, 痛",3,ノーシンピュア《ピルケース》
943,頭痛@#$%,"頭痛, 痛",1,大柴胡湯
943,頭痛@#$%,"頭痛, 痛",2,清風散
943,頭痛@#$%,"頭痛, 痛",3,ノーシンピュア《ピルケース》
944,頭痛%^&*,"頭痛, 痛",1,大柴胡湯
944,頭痛%^&*,"頭痛, 痛",2,清風散
944,頭痛%^&*,"頭痛, 痛",3,ノーシンピュア《ピルケース》
945,頭痛*()[],"頭痛, 痛",1,大柴胡湯
945,頭痛*()[],"頭痛, 痛",2,清風散
945,頭痛*()[],"頭痛, 痛",3,ノーシンピュア《ピルケース》
946,頭痛[]{},"頭痛, 痛",1,大柴胡湯
946,頭痛[]{},"頭痛, 痛",2,清風散
946,頭痛[]{},"頭痛, 痛",3,ノーシンピュア《ピルケース》
947,頭痛{}<>,"頭痛, 痛",1,大柴胡湯
947,頭痛{}<>,"頭痛, 痛",2,清風散
947,頭痛{}<>,"頭痛, 痛",3,ノーシンピュア《ピルケース》
948,頭痛が1時間続いています,"頭痛, 痛",1,大柴胡湯
948,頭痛が1時間続いています,"頭痛, 痛",2,清風散
948,頭痛が1時間続いています,"頭痛, 痛",3,ノーシンピュア《ピルケース》
949,発熱が2時間続いています,"発熱, 熱",1,ハイゼリーロイヤル
949,発熱が2時間続いています,"発熱, 熱",2,新ハイゼリーエースⅡ
949,発熱が2時間続いています,"発熱, 熱",3,ヘパリーゼドリンクⅡ
950,咳が3時間続いています,咳,1,清風散
950,咳が3時間続いています,咳,2,ウチダの麻黄加朮湯
950,咳が3時間続いています,咳,3,カンゾウいけだや
951,鼻水が4時間続いています,"鼻水, 鼻",1,新エザック鼻炎Ｌ
951,鼻水が4時間続いています,"鼻水, 鼻",2,新ビノック鼻炎用カプセル
951,鼻水が4時間続いています,"鼻水, 鼻",3,フジビトール鼻炎薬Ｓ
952,のどが痛くて5時間経ちました,"のど, 痛",1,オトナノーシンピュア
952,のどが痛くて5時間経ちました,"のど, 痛",2,クミアイ新いたみどめカプセル
952,のどが痛くて5時間経ちました,"のど, 痛",3,プレミナスＩＰクイックａ
953,腹痛が6時間続いています,"腹痛, 痛",1,太田漢方胃腸薬Ⅱ
953,腹痛が6時間続いています,"腹痛, 痛",2,太田漢方胃腸薬Ⅱ＜錠剤＞
953,腹痛が6時間続いています,"腹痛, 痛",3,大正胃腸薬Ｋ
954,下痢が7時間続いています,"下痢, 下痢",1,高砂オウレン
954,下痢が7時間続いています,"下痢, 下痢",2,高砂オウレン末
954,下痢が7時間続いています,"下痢, 下痢",3,オウレンいけだや
955,便秘が8時間続いています,"便秘, 便秘",1,東洋漢方のセンナ顆粒Ｓ（分包）
955,便秘が8時間続いています,"便秘, 便秘",2,ミカサ浣腸Ｎ４０
955,便秘が8時間続いています,"便秘, 便秘",3,コトブキ浣腸４０
956,吐き気が9時間続いています,吐き気,1,アネロン「ニスキャップ」
956,吐き気が9時間続いています,吐き気,2,エアミットサットＦ
956,吐き気が9時間続いています,吐き気,3,センパアＰｒｏ
957,めまいが10時間続いています,めまい,1,半夏厚朴湯
957,めまいが10時間続いています,めまい,2,奥田脳神経薬
957,めまいが10時間続いています,めまい,3,アネロン「キャップ」
958,かゆみが11時間続いています,"かゆみ, かゆ",1,レーバンＨ
958,かゆみが11時間続いています,"かゆみ, かゆ",2,スラジン
958,かゆみが11時間続いています,"かゆみ, かゆ",3,スラジンＡ
959,疲労感が12時間続いています,疲労,1,ピュアＣホワイト
959,疲労感が12時間続いています,疲労,2,ピュアナＣチュアブル錠
959,疲労感が12時間続いています,疲労,3,ホワイピュアＥＸ
960,不眠が13時間続いています,不眠,1,漢方ナイトミン
960,不眠が13時間続いています,不眠,2,バイグロミン
960,不眠が13時間続いています,不眠,3,ラムールＱ
961,関節痛が14時間続いています,"関節痛, 痛",1,ノーシンピュア《ピルケース》
961,関節痛が14時間続いています,"関節痛, 痛",2,オトナノーシンピュア
961,関節痛が14時間続いています,"関節痛, 痛",3,イブ
962,腰痛が15時間続いています,"腰痛, 痛",1,雲仙散
962,腰痛が15時間続いています,"腰痛, 痛",2,ノーシンピュア《ピルケース》
962,腰痛が15時間続いています,"腰痛, 痛",3,オトナノーシンピュア
963,頭痛が半日続いています,"頭痛, 痛",1,大柴胡湯
963,頭痛が半日続いています,"頭痛, 痛",2,清風散
963,頭痛が半日続いています,"頭痛, 痛",3,ノーシンピュア《ピルケース》
964,発熱が1日続いています,"発熱, 熱",1,ハイゼリーロイヤル
964,発熱が1日続いています,"発熱, 熱",2,新ハイゼリーエースⅡ
964,発熱が1日続いています,"発熱, 熱",3,ヘパリーゼドリンクⅡ
965,咳が2日続いています,咳,1,清風散
965,咳が2日続いています,咳,2,ウチダの麻黄加朮湯
965,咳が2日続いています,咳,3,カンゾウいけだや
966,鼻水が3日続いています,"鼻水, 鼻",1,新エザック鼻炎Ｌ
966,鼻水が3日続いています,"鼻水, 鼻",2,新ビノック鼻炎用カプセル
966,鼻水が3日続いています,"鼻水, 鼻",3,フジビトール鼻炎薬Ｓ
967,のどが痛くて4日経ちました,"のど, 痛",1,オトナノーシンピュア
967,のどが痛くて4日経ちました,"のど, 痛",2,クミアイ新いたみどめカプセル
967,のどが痛くて4日経ちました,"のど, 痛",3,プレミナスＩＰクイックａ
968,腹痛が5日続いています,"腹痛, 痛",1,太田漢方胃腸薬Ⅱ
968,腹痛が5日続いています,"腹痛, 痛",2,太田漢方胃腸薬Ⅱ＜錠剤＞
968,腹痛が5日続いています,"腹痛, 痛",3,大正胃腸薬Ｋ
969,下痢が6日続いています,"下痢, 下痢",1,高砂オウレン
969,下痢が6日続いています,"下痢, 下痢",2,高砂オウレン末
969,下痢が6日続いています,"下痢, 下痢",3,オウレンいけだや
970,便秘が7日続いています,"便秘, 便秘",1,東洋漢方のセンナ顆粒Ｓ（分包）
970,便秘が7日続いています,"便秘, 便秘",2,ミカサ浣腸Ｎ４０
970,便秘が7日続いています,"便秘, 便秘",3,コトブキ浣腸４０
971,吐き気が8日続いています,吐き気,1,アネロン「ニスキャップ」
971,吐き気が8日続いています,吐き気,2,エアミットサットＦ
971,吐き気が8日続いています,吐き気,3,センパアＰｒｏ
972,めまいが9日続いています,めまい,1,半夏厚朴湯
972,めまいが9日続いています,めまい,2,奥田脳神経薬
972,めまいが9日続いています,めまい,3,アネロン「キャップ」
973,かゆみが10日続いています,"かゆみ, かゆ",1,レーバンＨ
973,かゆみが10日続いています,"かゆみ, かゆ",2,スラジン
973,かゆみが10日続いています,"かゆみ, かゆ",3,スラジンＡ
974,疲労感が2週間続いています,疲労,1,ピュアＣホワイト
974,疲労感が2週間続いています,疲労,2,ピュアナＣチュアブル錠
974,疲労感が2週間続いています,疲労,3,ホワイピュアＥＸ
975,不眠が3週間続いています,不眠,1,漢方ナイトミン
975,不眠が3週間続いています,不眠,2,バイグロミン
975,不眠が3週間続いています,不眠,3,ラムールＱ
976,関節痛が1ヶ月続いています,"関節痛, 痛",1,ノーシンピュア《ピルケース》
976,関節痛が1ヶ月続いています,"関節痛, 痛",2,オトナノーシンピュア
976,関節痛が1ヶ月続いています,"関節痛, 痛",3,イブ
977,腰痛が2ヶ月続いています,"腰痛, 痛",1,雲仙散
977,腰痛が2ヶ月続いています,"腰痛, 痛",2,ノーシンピュア《ピルケース》
977,腰痛が2ヶ月続いています,"腰痛, 痛",3,オトナノーシンピュア
978,頭痛がかなりひどいです,"頭痛, 痛",1,大柴胡湯
978,頭痛がかなりひどいです,"頭痛, 痛",2,清風散
978,頭痛がかなりひどいです,"頭痛, 痛",3,ノーシンピュア《ピルケース》
979,発熱がかなり高いです,"発熱, 熱",1,ハイゼリーロイヤル
979,発熱がかなり高いです,"発熱, 熱",2,新ハイゼリーエースⅡ
979,発熱がかなり高いです,"発熱, 熱",3,ヘパリーゼドリンクⅡ
980,咳がかなり出ます,咳,1,清風散
980,咳がかなり出ます,咳,2,ウチダの麻黄加朮湯
980,咳がかなり出ます,咳,3,カンゾウいけだや
981,鼻水がかなり出ます,"鼻水, 鼻",1,新エザック鼻炎Ｌ
981,鼻水がかなり出ます,"鼻水, 鼻",2,新ビノック鼻炎用カプセル
981,鼻水がかなり出ます,"鼻水, 鼻",3,フジビトール鼻炎薬Ｓ
982,のどがかなり痛いです,"のど, 痛",1,オトナノーシンピュア
982,のどがかなり痛いです,"のど, 痛",2,クミアイ新いたみどめカプセル
982,のどがかなり痛いです,"のど, 痛",3,プレミナスＩＰクイックａ
983,腹痛がかなりひどいです,"腹痛, 痛",1,太田漢方胃腸薬Ⅱ
983,腹痛がかなりひどいです,"腹痛, 痛",2,太田漢方胃腸薬Ⅱ＜錠剤＞
983,腹痛がかなりひどいです,"腹痛, 痛",3,大正胃腸薬Ｋ
984,下痢がかなり続いています,"下痢, 下痢",1,高砂オウレン
984,下痢がかなり続いています,"下痢, 下痢",2,高砂オウレン末
984,下痢がかなり続いています,"下痢, 下痢",3,オウレンいけだや
985,便秘がかなりひどいです,"便秘, 便秘",1,東洋漢方のセンナ顆粒Ｓ（分包）
985,便秘がかなりひどいです,"便秘, 便秘",2,ミカサ浣腸Ｎ４０
985,便秘がかなりひどいです,"便秘, 便秘",3,コトブキ浣腸４０
986,吐き気がかなり強いです,吐き気,1,アネロン「ニスキャップ」
986,吐き気がかなり強いです,吐き気,2,エアミットサットＦ
986,吐き気がかなり強いです,吐き気,3,センパアＰｒｏ
987,めまいがかなりします,めまい,1,半夏厚朴湯
987,めまいがかなりします,めまい,2,奥田脳神経薬
987,めまいがかなりします,めまい,3,アネロン「キャップ」
988,かゆみがかなりひどいです,"かゆみ, かゆ",1,レーバンＨ
988,かゆみがかなりひどいです,"かゆみ, かゆ",2,スラジン
988,かゆみがかなりひどいです,"かゆみ, かゆ",3,スラジンＡ
989,疲労感がかなりあります,疲労,1,ピュアＣホワイト
989,疲労感がかなりあります,疲労,2,ピュアナＣチュアブル錠
989,疲労感がかなりあります,疲労,3,ホワイピュアＥＸ
990,不眠がかなり続いています,不眠,1,漢方ナイトミン
990,不眠がかなり続いています,不眠,2,バイグロミン
990,不眠がかなり続いています,不眠,3,ラムールＱ
991,関節痛がかなりあります,"関節痛, 痛",1,ノーシンピュア《ピルケース》
991,関節痛がかなりあります,"関節痛, 痛",2,オトナノーシンピュア
991,関節痛がかなりあります,"関節痛, 痛",3,イブ
992,腰痛がかなりひどいです,"腰痛, 痛",1,雲仙散
992,腰痛がかなりひどいです,"腰痛, 痛",2,ノーシンピュア《ピルケース》
992,腰痛がかなりひどいです,"腰痛, 痛",3,オトナノーシンピュア
993,頭痛がややひどいです,"頭痛, 痛",1,大柴胡湯
993,頭痛がややひどいです,"頭痛, 痛",2,清風散
993,頭痛がややひどいです,"頭痛, 痛",3,ノーシンピュア《ピルケース》
994,発熱がやや高いです,"発熱, 熱",1,ハイゼリーロイヤル
994,発熱がやや高いです,"発熱, 熱",2,新ハイゼリーエースⅡ
994,発熱がやや高いです,"発熱, 熱",3,ヘパリーゼドリンクⅡ
995,咳がやや出ます,咳,1,清風散
995,咳がやや出ます,咳,2,ウチダの麻黄加朮湯
995,咳がやや出ます,咳,3,カンゾウいけだや
996,鼻水がやや出ます,"鼻水, 鼻",1,新エザック鼻炎Ｌ
996,鼻水がやや出ます,"鼻水, 鼻",2,新ビノック鼻炎用カプセル
996,鼻水がやや出ます,"鼻水, 鼻",3,フジビトール鼻炎薬Ｓ
997,のどがやや痛いです,"のど, 痛",1,オトナノーシンピュア
997,のどがやや痛いです,"のど, 痛",2,クミアイ新いたみどめカプセル
997,のどがやや痛いです,"のど, 痛",3,プレミナスＩＰクイックａ
998,腹痛がややひどいです,"腹痛, 痛",1,太田漢方胃腸薬Ⅱ
998,腹痛がややひどいです,"腹痛, 痛",2,太田漢方胃腸薬Ⅱ＜錠剤＞
998,腹痛がややひどいです,"腹痛, 痛",3,大正胃腸薬Ｋ
999,下痢がやや続いています,"下痢, 下痢",1,高砂オウレン
999,下痢がやや続いています,"下痢, 下痢",2,高砂オウレン末
999,下痢がやや続いています,"下痢, 下痢",3,オウレンいけだや
1000,便秘がややひどいです,"便秘, 便秘",1,東洋漢方のセンナ顆粒Ｓ（分包）
1000,便秘がややひどいです,"便秘, 便秘",2,ミカサ浣腸Ｎ４０
1000,便秘がややひどいです,"便秘, 便秘",3,コトブキ浣腸４０
1001,吐き気がやや強いです,吐き気,1,アネロン「ニスキャップ」
1001,吐き気がやや強いです,吐き気,2,エアミットサットＦ
1001,吐き気がやや強いです,吐き気,3,センパアＰｒｏ
1002,めまいがややします,めまい,1,半夏厚朴湯
1002,めまいがややします,めまい,2,奥田脳神経薬
1002,めまいがややします,めまい,3,アネロン「キャップ」
1003,かゆみがややひどいです,"かゆみ, かゆ",1,レーバンＨ
1003,かゆみがややひどいです,"かゆみ, かゆ",2,スラジン
1003,かゆみがややひどいです,"かゆみ, かゆ",3,スラジンＡ
1004,疲労感がややあります,疲労,1,ピュアＣホワイト
1004,疲労感がややあります,疲労,2,ピュアナＣチュアブル錠
1004,疲労感がややあります,疲労,3,ホワイピュアＥＸ
1005,不眠がやや続いています,不眠,1,漢方ナイトミン
1005,不眠がやや続いています,不眠,2,バイグロミン
1005,不眠がやや続いています,不眠,3,ラムールＱ
1006,関節痛がややあります,"関節痛, 痛",1,ノーシンピュア《ピルケース》
1006,関節痛がややあります,"関節痛, 痛",2,オトナノーシンピュア
1006,関節痛がややあります,"関節痛, 痛",3,イブ
1007,腰痛がややひどいです,"腰痛, 痛",1,雲仙散
1007,腰痛がややひどいです,"腰痛, 痛",2,ノーシンピュア《ピルケース》
1007,腰痛がややひどいです,"腰痛, 痛",3,オトナノーシンピュア
1008,前頭部が痛いです,痛,1,雲仙散
1008,前頭部が痛いです,痛,2,ビトラックＳ
1008,前頭部が痛いです,痛,3,太田漢方胃腸薬Ⅱ
1009,側頭部が痛いです,痛,1,雲仙散
1009,側頭部が痛いです,痛,2,ビトラックＳ
1009,側頭部が痛いです,痛,3,太田漢方胃腸薬Ⅱ
1010,後頭部が痛いです,痛,1,雲仙散
1010,後頭部が痛いです,痛,2,ビトラックＳ
1010,後頭部が痛いです,痛,3,太田漢方胃腸薬Ⅱ
1011,頭頂部が痛いです,痛,1,雲仙散
1011,頭頂部が痛いです,痛,2,ビトラックＳ
1011,頭頂部が痛いです,痛,3,太田漢方胃腸薬Ⅱ
1012,右の目の疲れがあります,"疲れ, 目",1,漢方ナイトミン
1012,右の目の疲れがあります,"疲れ, 目",2,六君子湯
1012,右の目の疲れがあります,"疲れ, 目",3,強表水散
1013,左の目の疲れがあります,"疲れ, 目",1,漢方ナイトミン
1013,左の目の疲れがあります,"疲れ, 目",2,六君子湯
1013,左の目の疲れがあります,"疲れ, 目",3,強表水散
1014,両目の疲れがあります,"疲れ, 目",1,漢方ナイトミン
1014,両目の疲れがあります,"疲れ, 目",2,六君子湯
1014,両目の疲れがあります,"疲れ, 目",3,強表水散
1015,右耳が痛いです,"痛, 耳",1,雲仙散
1015,右耳が痛いです,"痛, 耳",2,ビトラックＳ
1015,右耳が痛いです,"痛, 耳",3,太田漢方胃腸薬Ⅱ
1016,左耳が痛いです,"痛, 耳",1,雲仙散
1016,左耳が痛いです,"痛, 耳",2,ビトラックＳ
1016,左耳が痛いです,"痛, 耳",3,太田漢方胃腸薬Ⅱ
1017,両耳が痛いです,"痛, 耳",1,雲仙散
1017,両耳が痛いです,"痛, 耳",2,ビトラックＳ
1017,両耳が痛いです,"痛, 耳",3,太田漢方胃腸薬Ⅱ
1018,右の鼻が詰まっています,鼻,1,ナイシトールＧ
1018,右の鼻が詰まっています,鼻,2,ピュアＣホワイト
1018,右の鼻が詰まっています,鼻,3,ピュアナＣチュアブル錠
1019,左の鼻が詰まっています,鼻,1,ナイシトールＧ
1019,左の鼻が詰まっています,鼻,2,ピュアＣホワイト
1019,左の鼻が詰まっています,鼻,3,ピュアナＣチュアブル錠
1020,両方の鼻が詰まっています,鼻,1,ナイシトールＧ
1020,両方の鼻が詰まっています,鼻,2,ピュアＣホワイト
1020,両方の鼻が詰まっています,鼻,3,ピュアナＣチュアブル錠
1021,右ののどが痛いです,"のど, 痛",1,オトナノーシンピュア
1021,右ののどが痛いです,"のど, 痛",2,クミアイ新いたみどめカプセル
1021,右ののどが痛いです,"のど, 痛",3,プレミナスＩＰクイックａ
1022,左ののどが痛いです,"のど, 痛",1,オトナノーシンピュア
1022,左ののどが痛いです,"のど, 痛",2,クミアイ新いたみどめカプセル
1022,左ののどが痛いです,"のど, 痛",3,プレミナスＩＰクイックａ
1023,のどの奥が痛いです,"のど, 痛",1,オトナノーシンピュア
1023,のどの奥が痛いです,"のど, 痛",2,クミアイ新いたみどめカプセル
1023,のどの奥が痛いです,"のど, 痛",3,プレミナスＩＰクイックａ
1024,のどの手前が痛いです,"のど, 痛",1,オトナノーシンピュア
1024,のどの手前が痛いです,"のど, 痛",2,クミアイ新いたみどめカプセル
1024,のどの手前が痛いです,"のど, 痛",3,プレミナスＩＰクイックａ
1025,右肩が痛いです,"痛, 肩",1,雲仙散
1025,右肩が痛いです,"痛, 肩",2,ビトラックＳ
1025,右肩が痛いです,"痛, 肩",3,太田漢方胃腸薬Ⅱ
1026,左肩が痛いです,"痛, 肩",1,雲仙散
1026,左肩が痛いです,"痛, 肩",2,ビトラックＳ
1026,左肩が痛いです,"痛, 肩",3,太田漢方胃腸薬Ⅱ
1027,両肩が痛いです,"痛, 肩",1,雲仙散
1027,両肩が痛いです,"痛, 肩",2,ビトラックＳ
1027,両肩が痛いです,"痛, 肩",3,太田漢方胃腸薬Ⅱ
1028,首の前が痛いです,"痛, 首",1,雲仙散
1028,首の前が痛いです,"痛, 首",2,ビトラックＳ
1028,首の前が痛いです,"痛, 首",3,太田漢方胃腸薬Ⅱ
1029,首の後ろが痛いです,"痛, 首",1,雲仙散
1029,首の後ろが痛いです,"痛, 首",2,ビトラックＳ
1029,首の後ろが痛いです,"痛, 首",3,太田漢方胃腸薬Ⅱ
1030,首の右が痛いです,"痛, 首",1,雲仙散
1030,首の右が痛いです,"痛, 首",2,ビトラックＳ
1030,首の右が痛いです,"痛, 首",3,太田漢方胃腸薬Ⅱ
1031,首の左が痛いです,"痛, 首",1,雲仙散
1031,首の左が痛いです,"痛, 首",2,ビトラックＳ
1031,首の左が痛いです,"痛, 首",3,太田漢方胃腸薬Ⅱ
1032,右の腰が痛いです,痛,1,雲仙散
1032,右の腰が痛いです,痛,2,ビトラックＳ
1032,右の腰が痛いです,痛,3,太田漢方胃腸薬Ⅱ
1033,左の腰が痛いです,痛,1,雲仙散
1033,左の腰が痛いです,痛,2,ビトラックＳ
1033,左の腰が痛いです,痛,3,太田漢方胃腸薬Ⅱ
1034,腰の中央が痛いです,痛,1,雲仙散
1034,腰の中央が痛いです,痛,2,ビトラックＳ
1034,腰の中央が痛いです,痛,3,太田漢方胃腸薬Ⅱ
1035,右の背中が痛いです,"痛, 背中",1,雲仙散
1035,右の背中が痛いです,"痛, 背中",2,ビトラックＳ
1035,右の背中が痛いです,"痛, 背中",3,太田漢方胃腸薬Ⅱ
1036,左の背中が痛いです,"痛, 背中",1,雲仙散
1036,左の背中が痛いです,"痛, 背中",2,ビトラックＳ
1036,左の背中が痛いです,"痛, 背中",3,太田漢方胃腸薬Ⅱ
1037,背中の中央が痛いです,"痛, 背中",1,雲仙散
1037,背中の中央が痛いです,"痛, 背中",2,ビトラックＳ
1037,背中の中央が痛いです,"痛, 背中",3,太田漢方胃腸薬Ⅱ
1038,頭がガンガン痛いです,痛,1,雲仙散
1038,頭がガンガン痛いです,痛,2,ビトラックＳ
1038,頭がガンガン痛いです,痛,3,太田漢方胃腸薬Ⅱ
1039,頭がドキドキ痛いです,痛,1,雲仙散
1039,頭がドキドキ痛いです,痛,2,ビトラックＳ
1039,頭がドキドキ痛いです,痛,3,太田漢方胃腸薬Ⅱ
1040,頭がビリビリ痛いです,痛,1,雲仙散
1040,頭がビリビリ痛いです,痛,2,ビトラックＳ
1040,頭がビリビリ痛いです,痛,3,太田漢方胃腸薬Ⅱ
1041,のどがピリピリ痛いです,"のど, 痛",1,オトナノーシンピュア
1041,のどがピリピリ痛いです,"のど, 痛",2,クミアイ新いたみどめカプセル
1041,のどがピリピリ痛いです,"のど, 痛",3,プレミナスＩＰクイックａ
1042,のどがジンジン痛いです,"のど, 痛",1,オトナノーシンピュア
1042,のどがジンジン痛いです,"のど, 痛",2,クミアイ新いたみどめカプセル
1042,のどがジンジン痛いです,"のど, 痛",3,プレミナスＩＰクイックａ
1043,のどがズキズキ痛いです,"のど, 痛",1,オトナノーシンピュア
1043,のどがズキズキ痛いです,"のど, 痛",2,クミアイ新いたみどめカプセル
1043,のどがズキズキ痛いです,"のど, 痛",3,プレミナスＩＰクイックａ
1044,お腹がギュルギュル痛む,"痛, お腹",1,雲仙散
1044,お腹がギュルギュル痛む,"痛, お腹",2,ビトラックＳ
1044,お腹がギュルギュル痛む,"痛, お腹",3,太田漢方胃腸薬Ⅱ
1045,お腹がチクチク痛む,"痛, お腹",1,雲仙散
1045,お腹がチクチク痛む,"痛, お腹",2,ビトラックＳ
1045,お腹がチクチク痛む,"痛, お腹",3,太田漢方胃腸薬Ⅱ
1046,お腹がズキズキ痛む,"痛, お腹",1,雲仙散
1046,お腹がズキズキ痛む,"痛, お腹",2,ビトラックＳ
1046,お腹がズキズキ痛む,"痛, お腹",3,太田漢方胃腸薬Ⅱ
1050,目がチカチカします,目,1,強表水散
1050,目がチカチカします,目,2,四物血行散
1050,目がチカチカします,目,3,四物血行散
1051,目がキラキラします,目,1,強表水散
1051,目がキラキラします,目,2,四物血行散
1051,目がキラキラします,目,3,四物血行散
1052,目がボーッとします,目,1,強表水散
1052,目がボーッとします,目,2,四物血行散
1052,目がボーッとします,目,3,四物血行散
1053,耳がキーンとします,耳,1,ナリピタン
1053,耳がキーンとします,耳,2,ノーシンピュア《ピルケース》
1053,耳がキーンとします,耳,3,オトナノーシンピュア
1054,耳がジーンとします,耳,1,ナリピタン
1054,耳がジーンとします,耳,2,ノーシンピュア《ピルケース》
1054,耳がジーンとします,耳,3,オトナノーシンピュア
1055,耳がボーンとします,耳,1,ナリピタン
1055,耳がボーンとします,耳,2,ノーシンピュア《ピルケース》
1055,耳がボーンとします,耳,3,オトナノーシンピュア
1068,横になると頭痛がします,"頭痛, 痛",1,大柴胡湯
1068,横になると頭痛がします,"頭痛, 痛",2,清風散
1068,横になると頭痛がします,"頭痛, 痛",3,ノーシンピュア《ピルケース》
1069,起き上がるとめまいがします,めまい,1,半夏厚朴湯
1069,起き上がるとめまいがします,めまい,2,奥田脳神経薬
1069,起き上がるとめまいがします,めまい,3,アネロン「キャップ」
1070,体を動かすと関節痛があります,"関節痛, 痛",1,ノーシンピュア《ピルケース》
1070,体を動かすと関節痛があります,"関節痛, 痛",2,オトナノーシンピュア
1070,体を動かすと関節痛があります,"関節痛, 痛",3,イブ
1071,重いものを持つと腰痛があります,"腰痛, 痛",1,雲仙散
1071,重いものを持つと腰痛があります,"腰痛, 痛",2,ノーシンピュア《ピルケース》
1071,重いものを持つと腰痛があります,"腰痛, 痛",3,オトナノーシンピュア
1072,長時間座っていると腰痛があります,"腰痛, 痛",1,雲仙散
1072,長時間座っていると腰痛があります,"腰痛, 痛",2,ノーシンピュア《ピルケース》
1072,長時間座っていると腰痛があります,"腰痛, 痛",3,オトナノーシンピュア
1073,長時間立っていると腰痛があります,"腰痛, 痛",1,雲仙散
1073,長時間立っていると腰痛があります,"腰痛, 痛",2,ノーシンピュア《ピルケース》
1073,長時間立っていると腰痛があります,"腰痛, 痛",3,オトナノーシンピュア
1074,歩き始めると関節痛があります,"関節痛, 痛",1,ノーシンピュア《ピルケース》
1074,歩き始めると関節痛があります,"関節痛, 痛",2,オトナノーシンピュア
1074,歩き始めると関節痛があります,"関節痛, 痛",3,イブ
1075,階段を上ると息切れがします,息切れ,1,ラムールＱ
1075,階段を上ると息切れがします,息切れ,2,喜谷實母散
1075,階段を上ると息切れがします,息切れ,3,エベナＬ
1076,階段を下りると膝が痛いです,痛,1,雲仙散
1076,階段を下りると膝が痛いです,痛,2,ビトラックＳ
1076,階段を下りると膝が痛いです,痛,3,太田漢方胃腸薬Ⅱ
1077,走ると動悸がします,動悸,1,半夏厚朴湯
1077,走ると動悸がします,動悸,2,ラムールＱ
1077,走ると動悸がします,動悸,3,サイロ
1078,運動すると息切れがします,息切れ,1,ラムールＱ
1078,運動すると息切れがします,息切れ,2,喜谷實母散
1078,運動すると息切れがします,息切れ,3,エベナＬ
1079,深呼吸すると胸が痛いです,"痛, 胸",1,雲仙散
1079,深呼吸すると胸が痛いです,"痛, 胸",2,ビトラックＳ
1079,深呼吸すると胸が痛いです,"痛, 胸",3,太田漢方胃腸薬Ⅱ
1080,食べ始めるとのどが痛いです,"のど, 痛",1,オトナノーシンピュア
1080,食べ始めるとのどが痛いです,"のど, 痛",2,クミアイ新いたみどめカプセル
1080,食べ始めるとのどが痛いです,"のど, 痛",3,プレミナスＩＰクイックａ
1081,飲み込むとのどが痛いです,"のど, 痛",1,オトナノーシンピュア
1081,飲み込むとのどが痛いです,"のど, 痛",2,クミアイ新いたみどめカプセル
1081,飲み込むとのどが痛いです,"のど, 痛",3,プレミナスＩＰクイックａ
1082,話し始めるとのどが痛いです,"のど, 痛",1,オトナノーシンピュア
1082,話し始めるとのどが痛いです,"のど, 痛",2,クミアイ新いたみどめカプセル
1082,話し始めるとのどが痛いです,"のど, 痛",3,プレミナスＩＰクイックａ
1083,大声を出すとのどが痛いです,"のど, 痛",1,オトナノーシンピュア
1083,大声を出すとのどが痛いです,"のど, 痛",2,クミアイ新いたみどめカプセル
1083,大声を出すとのどが痛いです,"のど, 痛",3,プレミナスＩＰクイックａ
1084,笑うとお腹が痛いです,"痛, お腹",1,雲仙散
1084,笑うとお腹が痛いです,"痛, お腹",2,ビトラックＳ
1084,笑うとお腹が痛いです,"痛, お腹",3,太田漢方胃腸薬Ⅱ
1085,くしゃみをすると頭が痛いです,痛,1,雲仙散
1085,くしゃみをすると頭が痛いです,痛,2,ビトラックＳ
1085,くしゃみをすると頭が痛いです,痛,3,太田漢方胃腸薬Ⅱ
1086,咳をすると頭が痛いです,"咳, 痛",1,清風散
1086,咳をすると頭が痛いです,"咳, 痛",2,ウチダの麻黄加朮湯
1086,咳をすると頭が痛いです,"咳, 痛",3,カンゾウいけだや
1087,首を動かすと首が痛いです,"痛, 首",1,雲仙散
1087,首を動かすと首が痛いです,"痛, 首",2,ビトラックＳ
1087,首を動かすと首が痛いです,"痛, 首",3,太田漢方胃腸薬Ⅱ
1088,肩を動かすと肩が痛いです,"痛, 肩",1,雲仙散
1088,肩を動かすと肩が痛いです,"痛, 肩",2,ビトラックＳ
1088,肩を動かすと肩が痛いです,"痛, 肩",3,太田漢方胃腸薬Ⅱ
1089,腕を上げると肩が痛いです,"痛, 肩",1,雲仙散
1089,腕を上げると肩が痛いです,"痛, 肩",2,ビトラックＳ
1089,腕を上げると肩が痛いです,"痛, 肩",3,太田漢方胃腸薬Ⅱ
1090,腰を曲げると腰痛があります,"腰痛, 痛",1,雲仙散
1090,腰を曲げると腰痛があります,"腰痛, 痛",2,ノーシンピュア《ピルケース》
1090,腰を曲げると腰痛があります,"腰痛, 痛",3,オトナノーシンピュア
1091,腰を伸ばすと腰痛があります,"腰痛, 痛",1,雲仙散
1091,腰を伸ばすと腰痛があります,"腰痛, 痛",2,ノーシンピュア《ピルケース》
1091,腰を伸ばすと腰痛があります,"腰痛, 痛",3,オトナノーシンピュア
1092,体をひねると腰痛があります,"腰痛, 痛",1,雲仙散
1092,体をひねると腰痛があります,"腰痛, 痛",2,ノーシンピュア《ピルケース》
1092,体をひねると腰痛があります,"腰痛, 痛",3,オトナノーシンピュア
1093,前かがみになると腰痛があります,"腰痛, 痛",1,雲仙散
1093,前かがみになると腰痛があります,"腰痛, 痛",2,ノーシンピュア《ピルケース》
1093,前かがみになると腰痛があります,"腰痛, 痛",3,オトナノーシンピュア
1094,後ろに反ると腰痛があります,"腰痛, 痛",1,雲仙散
1094,後ろに反ると腰痛があります,"腰痛, 痛",2,ノーシンピュア《ピルケース》
1094,後ろに反ると腰痛があります,"腰痛, 痛",3,オトナノーシンピュア
1095,パソコンを見続けると目の疲れがあります,"疲れ, 目",1,漢方ナイトミン
1095,パソコンを見続けると目の疲れがあります,"疲れ, 目",2,六君子湯
1095,パソコンを見続けると目の疲れがあります,"疲れ, 目",3,強表水散
1096,本を読むと目の疲れがあります,"疲れ, 目",1,漢方ナイトミン
1096,本を読むと目の疲れがあります,"疲れ, 目",2,六君子湯
1096,本を読むと目の疲れがあります,"疲れ, 目",3,強表水散
1097,テレビを見ると目の疲れがあります,"疲れ, 目",1,漢方ナイトミン
1097,テレビを見ると目の疲れがあります,"疲れ, 目",2,六君子湯
1097,テレビを見ると目の疲れがあります,"疲れ, 目",3,強表水散
1098,ストレスで頭痛がします,"頭痛, 痛",1,大柴胡湯
1098,ストレスで頭痛がします,"頭痛, 痛",2,清風散
1098,ストレスで頭痛がします,"頭痛, 痛",3,ノーシンピュア《ピルケース》
1099,疲れで頭痛がします,"頭痛, 疲れ, 痛",1,大柴胡湯
1099,疲れで頭痛がします,"頭痛, 疲れ, 痛",2,清風散
1099,疲れで頭痛がします,"頭痛, 疲れ, 痛",3,ノーシンピュア《ピルケース》
1100,寝不足で頭痛がします,"頭痛, 痛",1,大柴胡湯
1100,寝不足で頭痛がします,"頭痛, 痛",2,清風散
1100,寝不足で頭痛がします,"頭痛, 痛",3,ノーシンピュア《ピルケース》
1101,二日酔いで頭痛がします,"頭痛, 痛",1,大柴胡湯
1101,二日酔いで頭痛がします,"頭痛, 痛",2,清風散
1101,二日酔いで頭痛がします,"頭痛, 痛",3,ノーシンピュア《ピルケース》
1102,天気で頭痛がします,"頭痛, 痛",1,大柴胡湯
1102,天気で頭痛がします,"頭痛, 痛",2,清風散
1102,天気で頭痛がします,"頭痛, 痛",3,ノーシンピュア《ピルケース》
1103,気圧で頭痛がします,"頭痛, 痛",1,大柴胡湯
1103,気圧で頭痛がします,"頭痛, 痛",2,清風散
1103,気圧で頭痛がします,"頭痛, 痛",3,ノーシンピュア《ピルケース》
1104,食べ過ぎで腹痛があります,"腹痛, 痛",1,太田漢方胃腸薬Ⅱ
1104,食べ過ぎで腹痛があります,"腹痛, 痛",2,太田漢方胃腸薬Ⅱ＜錠剤＞
1104,食べ過ぎで腹痛があります,"腹痛, 痛",3,大正胃腸薬Ｋ
1105,飲み過ぎで腹痛があります,"腹痛, 痛",1,太田漢方胃腸薬Ⅱ
1105,飲み過ぎで腹痛があります,"腹痛, 痛",2,太田漢方胃腸薬Ⅱ＜錠剤＞
1105,飲み過ぎで腹痛があります,"腹痛, 痛",3,大正胃腸薬Ｋ
1106,冷えで腹痛があります,"腹痛, 痛",1,太田漢方胃腸薬Ⅱ
1106,冷えで腹痛があります,"腹痛, 痛",2,太田漢方胃腸薬Ⅱ＜錠剤＞
1106,冷えで腹痛があります,"腹痛, 痛",3,大正胃腸薬Ｋ
1107,ストレスで腹痛があります,"腹痛, 痛",1,太田漢方胃腸薬Ⅱ
1107,ストレスで腹痛があります,"腹痛, 痛",2,太田漢方胃腸薬Ⅱ＜錠剤＞
1107,ストレスで腹痛があります,"腹痛, 痛",3,大正胃腸薬Ｋ
1108,緊張で腹痛があります,"腹痛, 痛",1,太田漢方胃腸薬Ⅱ
1108,緊張で腹痛があります,"腹痛, 痛",2,太田漢方胃腸薬Ⅱ＜錠剤＞
1108,緊張で腹痛があります,"腹痛, 痛",3,大正胃腸薬Ｋ
1109,不安で腹痛があります,"腹痛, 痛",1,太田漢方胃腸薬Ⅱ
1109,不安で腹痛があります,"腹痛, 痛",2,太田漢方胃腸薬Ⅱ＜錠剤＞
1109,不安で腹痛があります,"腹痛, 痛",3,大正胃腸薬Ｋ
1110,食べ過ぎで胃もたれがあります,"胃, 胃もたれ",1,新バック液
1110,食べ過ぎで胃もたれがあります,"胃, 胃もたれ",2,ソルマックプラス
1110,食べ過ぎで胃もたれがあります,"胃, 胃もたれ",3,高砂オウレン
1111,飲み過ぎで胃もたれがあります,"胃, 胃もたれ",1,新バック液
1111,飲み過ぎで胃もたれがあります,"胃, 胃もたれ",2,ソルマックプラス
1111,飲み過ぎで胃もたれがあります,"胃, 胃もたれ",3,高砂オウレン
1112,油っこいものを食べて胃もたれがあります,"胃, 胃もたれ",1,新バック液
1112,油っこいものを食べて胃もたれがあります,"胃, 胃もたれ",2,ソルマックプラス
1112,油っこいものを食べて胃もたれがあります,"胃, 胃もたれ",3,高砂オウレン
1113,冷たいものを飲んでのどが痛いです,"のど, 痛",1,オトナノーシンピュア
1113,冷たいものを飲んでのどが痛いです,"のど, 痛",2,クミアイ新いたみどめカプセル
1113,冷たいものを飲んでのどが痛いです,"のど, 痛",3,プレミナスＩＰクイックａ
1114,熱いものを飲んでのどが痛いです,"のど, 痛, 熱",1,オトナノーシンピュア
1114,熱いものを飲んでのどが痛いです,"のど, 痛, 熱",2,クミアイ新いたみどめカプセル
1114,熱いものを飲んでのどが痛いです,"のど, 痛, 熱",3,プレミナスＩＰクイックａ
1115,大声を出してのどが痛いです,"のど, 痛",1,オトナノーシンピュア
1115,大声を出してのどが痛いです,"のど, 痛",2,クミアイ新いたみどめカプセル
1115,大声を出してのどが痛いです,"のど, 痛",3,プレミナスＩＰクイックａ
1116,タバコを吸ってのどが痛いです,"のど, 痛",1,オトナノーシンピュア
1116,タバコを吸ってのどが痛いです,"のど, 痛",2,クミアイ新いたみどめカプセル
1116,タバコを吸ってのどが痛いです,"のど, 痛",3,プレミナスＩＰクイックａ
1117,花粉で鼻水が出ます,"鼻水, 鼻",1,新エザック鼻炎Ｌ
1117,花粉で鼻水が出ます,"鼻水, 鼻",2,新ビノック鼻炎用カプセル
1117,花粉で鼻水が出ます,"鼻水, 鼻",3,フジビトール鼻炎薬Ｓ
1118,ほこりで鼻水が出ます,"鼻水, 鼻",1,新エザック鼻炎Ｌ
1118,ほこりで鼻水が出ます,"鼻水, 鼻",2,新ビノック鼻炎用カプセル
1118,ほこりで鼻水が出ます,"鼻水, 鼻",3,フジビトール鼻炎薬Ｓ
1119,寒さで鼻水が出ます,"鼻水, 鼻",1,新エザック鼻炎Ｌ
1119,寒さで鼻水が出ます,"鼻水, 鼻",2,新ビノック鼻炎用カプセル
1119,寒さで鼻水が出ます,"鼻水, 鼻",3,フジビトール鼻炎薬Ｓ
1120,アレルギーでかゆみがあります,"かゆみ, かゆ",1,レーバンＨ
1120,アレルギーでかゆみがあります,"かゆみ, かゆ",2,スラジン
1120,アレルギーでかゆみがあります,"かゆみ, かゆ",3,スラジンＡ
1121,虫刺されでかゆみがあります,"かゆみ, かゆ",1,レーバンＨ
1121,虫刺されでかゆみがあります,"かゆみ, かゆ",2,スラジン
1121,虫刺されでかゆみがあります,"かゆみ, かゆ",3,スラジンＡ
1122,日焼けでかゆみがあります,"かゆみ, かゆ",1,レーバンＨ
1122,日焼けでかゆみがあります,"かゆみ, かゆ",2,スラジン
1122,日焼けでかゆみがあります,"かゆみ, かゆ",3,スラジンＡ
1123,長時間パソコンを見て目の疲れがあります,"疲れ, 目",1,漢方ナイトミン
1123,長時間パソコンを見て目の疲れがあります,"疲れ, 目",2,六君子湯
1123,長時間パソコンを見て目の疲れがあります,"疲れ, 目",3,強表水散
1124,長時間本を読んで目の疲れがあります,"疲れ, 目",1,漢方ナイトミン
1124,長時間本を読んで目の疲れがあります,"疲れ, 目",2,六君子湯
1124,長時間本を読んで目の疲れがあります,"疲れ, 目",3,強表水散
1125,長時間運転して目の疲れがあります,"疲れ, 目",1,漢方ナイトミン
1125,長時間運転して目の疲れがあります,"疲れ, 目",2,六君子湯
1125,長時間運転して目の疲れがあります,"疲れ, 目",3,強表水散
1126,長時間テレビを見て目の疲れがあります,"疲れ, 目",1,漢方ナイトミン
1126,長時間テレビを見て目の疲れがあります,"疲れ, 目",2,六君子湯
1126,長時間テレビを見て目の疲れがあります,"疲れ, 目",3,強表水散
1127,運動不足で腰痛があります,"腰痛, 痛",1,雲仙散
1127,運動不足で腰痛があります,"腰痛, 痛",2,ノーシンピュア《ピルケース》
1127,運動不足で腰痛があります,"腰痛, 痛",3,オトナノーシンピュア
1128,長時間座って腰痛があります,"腰痛, 痛",1,雲仙散
1128,長時間座って腰痛があります,"腰痛, 痛",2,ノーシンピュア《ピルケース》
1128,長時間座って腰痛があります,"腰痛, 痛",3,オトナノーシンピュア
1129,重いものを持って腰痛があります,"腰痛, 痛",1,雲仙散
1129,重いものを持って腰痛があります,"腰痛, 痛",2,ノーシンピュア《ピルケース》
1129,重いものを持って腰痛があります,"腰痛, 痛",3,オトナノーシンピュア
1130,頭痛がさらに悪化しました,"頭痛, 痛",1,大柴胡湯
1130,頭痛がさらに悪化しました,"頭痛, 痛",2,清風散
1130,頭痛がさらに悪化しました,"頭痛, 痛",3,ノーシンピュア《ピルケース》
1131,発熱がさらに悪化しました,"発熱, 熱",1,ハイゼリーロイヤル
1131,発熱がさらに悪化しました,"発熱, 熱",2,新ハイゼリーエースⅡ
1131,発熱がさらに悪化しました,"発熱, 熱",3,ヘパリーゼドリンクⅡ
1132,咳がさらに悪化しました,咳,1,清風散
1132,咳がさらに悪化しました,咳,2,ウチダの麻黄加朮湯
1132,咳がさらに悪化しました,咳,3,カンゾウいけだや
1133,鼻水がさらに悪化しました,"鼻水, 鼻",1,新エザック鼻炎Ｌ
1133,鼻水がさらに悪化しました,"鼻水, 鼻",2,新ビノック鼻炎用カプセル
1133,鼻水がさらに悪化しました,"鼻水, 鼻",3,フジビトール鼻炎薬Ｓ
1134,のどが痛くてさらに悪化しました,"のど, 痛",1,オトナノーシンピュア
1134,のどが痛くてさらに悪化しました,"のど, 痛",2,クミアイ新いたみどめカプセル
1134,のどが痛くてさらに悪化しました,"のど, 痛",3,プレミナスＩＰクイックａ
1135,腹痛がさらに悪化しました,"腹痛, 痛",1,太田漢方胃腸薬Ⅱ
1135,腹痛がさらに悪化しました,"腹痛, 痛",2,太田漢方胃腸薬Ⅱ＜錠剤＞
1135,腹痛がさらに悪化しました,"腹痛, 痛",3,大正胃腸薬Ｋ
1136,下痢がさらに悪化しました,"下痢, 下痢",1,高砂オウレン
1136,下痢がさらに悪化しました,"下痢, 下痢",2,高砂オウレン末
1136,下痢がさらに悪化しました,"下痢, 下痢",3,オウレンいけだや
1137,便秘がさらに悪化しました,"便秘, 便秘",1,東洋漢方のセンナ顆粒Ｓ（分包）
1137,便秘がさらに悪化しました,"便秘, 便秘",2,ミカサ浣腸Ｎ４０
1137,便秘がさらに悪化しました,"便秘, 便秘",3,コトブキ浣腸４０
1138,吐き気がさらに悪化しました,吐き気,1,アネロン「ニスキャップ」
1138,吐き気がさらに悪化しました,吐き気,2,エアミットサットＦ
1138,吐き気がさらに悪化しました,吐き気,3,センパアＰｒｏ
1139,めまいがさらに悪化しました,めまい,1,半夏厚朴湯
1139,めまいがさらに悪化しました,めまい,2,奥田脳神経薬
1139,めまいがさらに悪化しました,めまい,3,アネロン「キャップ」
1140,かゆみがさらに悪化しました,"かゆみ, かゆ",1,レーバンＨ
1140,かゆみがさらに悪化しました,"かゆみ, かゆ",2,スラジン
1140,かゆみがさらに悪化しました,"かゆみ, かゆ",3,スラジンＡ
1141,疲労感がさらに悪化しました,疲労,1,ピュアＣホワイト
1141,疲労感がさらに悪化しました,疲労,2,ピュアナＣチュアブル錠
1141,疲労感がさらに悪化しました,疲労,3,ホワイピュアＥＸ
1142,不眠がさらに悪化しました,不眠,1,漢方ナイトミン
1142,不眠がさらに悪化しました,不眠,2,バイグロミン
1142,不眠がさらに悪化しました,不眠,3,ラムールＱ
1143,関節痛がさらに悪化しました,"関節痛, 痛",1,ノーシンピュア《ピルケース》
1143,関節痛がさらに悪化しました,"関節痛, 痛",2,オトナノーシンピュア
1143,関節痛がさらに悪化しました,"関節痛, 痛",3,イブ
1144,腰痛がさらに悪化しました,"腰痛, 痛",1,雲仙散
1144,腰痛がさらに悪化しました,"腰痛, 痛",2,ノーシンピュア《ピルケース》
1144,腰痛がさらに悪化しました,"腰痛, 痛",3,オトナノーシンピュア
1145,頭痛が少し改善しました,"頭痛, 痛",1,大柴胡湯
1145,頭痛が少し改善しました,"頭痛, 痛",2,清風散
1145,頭痛が少し改善しました,"頭痛, 痛",3,ノーシンピュア《ピルケース》
1146,発熱が少し改善しました,"発熱, 熱",1,ハイゼリーロイヤル
1146,発熱が少し改善しました,"発熱, 熱",2,新ハイゼリーエースⅡ
1146,発熱が少し改善しました,"発熱, 熱",3,ヘパリーゼドリンクⅡ
1147,咳が少し改善しました,咳,1,清風散
1147,咳が少し改善しました,咳,2,ウチダの麻黄加朮湯
1147,咳が少し改善しました,咳,3,カンゾウいけだや
1148,鼻水が少し改善しました,"鼻水, 鼻",1,新エザック鼻炎Ｌ
1148,鼻水が少し改善しました,"鼻水, 鼻",2,新ビノック鼻炎用カプセル
1148,鼻水が少し改善しました,"鼻水, 鼻",3,フジビトール鼻炎薬Ｓ
1149,のどが痛くて少し改善しました,"のど, 痛",1,オトナノーシンピュア
1149,のどが痛くて少し改善しました,"のど, 痛",2,クミアイ新いたみどめカプセル
1149,のどが痛くて少し改善しました,"のど, 痛",3,プレミナスＩＰクイックａ
1150,腹痛が少し改善しました,"腹痛, 痛",1,太田漢方胃腸薬Ⅱ
1150,腹痛が少し改善しました,"腹痛, 痛",2,太田漢方胃腸薬Ⅱ＜錠剤＞
1150,腹痛が少し改善しました,"腹痛, 痛",3,大正胃腸薬Ｋ
1151,下痢が少し改善しました,"下痢, 下痢",1,高砂オウレン
1151,下痢が少し改善しました,"下痢, 下痢",2,高砂オウレン末
1151,下痢が少し改善しました,"下痢, 下痢",3,オウレンいけだや
1152,便秘が少し改善しました,"便秘, 便秘",1,東洋漢方のセンナ顆粒Ｓ（分包）
1152,便秘が少し改善しました,"便秘, 便秘",2,ミカサ浣腸Ｎ４０
1152,便秘が少し改善しました,"便秘, 便秘",3,コトブキ浣腸４０
1153,吐き気が少し改善しました,吐き気,1,アネロン「ニスキャップ」
1153,吐き気が少し改善しました,吐き気,2,エアミットサットＦ
1153,吐き気が少し改善しました,吐き気,3,センパアＰｒｏ
1154,めまいが少し改善しました,めまい,1,半夏厚朴湯
1154,めまいが少し改善しました,めまい,2,奥田脳神経薬
1154,めまいが少し改善しました,めまい,3,アネロン「キャップ」
1155,かゆみが少し改善しました,"かゆみ, かゆ",1,レーバンＨ
1155,かゆみが少し改善しました,"かゆみ, かゆ",2,スラジン
1155,かゆみが少し改善しました,"かゆみ, かゆ",3,スラジンＡ
1156,疲労感が少し改善しました,疲労,1,ピュアＣホワイト
1156,疲労感が少し改善しました,疲労,2,ピュアナＣチュアブル錠
1156,疲労感が少し改善しました,疲労,3,ホワイピュアＥＸ
1157,不眠が少し改善しました,不眠,1,漢方ナイトミン
1157,不眠が少し改善しました,不眠,2,バイグロミン
1157,不眠が少し改善しました,不眠,3,ラムールＱ
1158,関節痛が少し改善しました,"関節痛, 痛",1,ノーシンピュア《ピルケース》
1158,関節痛が少し改善しました,"関節痛, 痛",2,オトナノーシンピュア
1158,関節痛が少し改善しました,"関節痛, 痛",3,イブ
1159,腰痛が少し改善しました,"腰痛, 痛",1,雲仙散
1159,腰痛が少し改善しました,"腰痛, 痛",2,ノーシンピュア《ピルケース》
1159,腰痛が少し改善しました,"腰痛, 痛",3,オトナノーシンピュア
1160,頭痛で集中できません,"頭痛, 痛",1,大柴胡湯
1160,頭痛で集中できません,"頭痛, 痛",2,清風散
1160,頭痛で集中できません,"頭痛, 痛",3,ノーシンピュア《ピルケース》
1161,発熱で動けません,"発熱, 熱",1,ハイゼリーロイヤル
1161,発熱で動けません,"発熱, 熱",2,新ハイゼリーエースⅡ
1161,発熱で動けません,"発熱, 熱",3,ヘパリーゼドリンクⅡ
1162,咳で眠れません,咳,1,清風散
1162,咳で眠れません,咳,2,ウチダの麻黄加朮湯
1162,咳で眠れません,咳,3,カンゾウいけだや
1163,鼻水で集中できません,"鼻水, 鼻",1,新エザック鼻炎Ｌ
1163,鼻水で集中できません,"鼻水, 鼻",2,新ビノック鼻炎用カプセル
1163,鼻水で集中できません,"鼻水, 鼻",3,フジビトール鼻炎薬Ｓ
1164,のどが痛くて食事ができません,"のど, 痛",1,オトナノーシンピュア
1164,のどが痛くて食事ができません,"のど, 痛",2,クミアイ新いたみどめカプセル
1164,のどが痛くて食事ができません,"のど, 痛",3,プレミナスＩＰクイックａ
1165,腹痛で動けません,"腹痛, 痛",1,太田漢方胃腸薬Ⅱ
1165,腹痛で動けません,"腹痛, 痛",2,太田漢方胃腸薬Ⅱ＜錠剤＞
1165,腹痛で動けません,"腹痛, 痛",3,大正胃腸薬Ｋ
1166,下痢で外出できません,"下痢, 下痢",1,高砂オウレン
1166,下痢で外出できません,"下痢, 下痢",2,高砂オウレン末
1166,下痢で外出できません,"下痢, 下痢",3,オウレンいけだや
1167,便秘でお腹が張って苦しいです,"便秘, お腹, 便秘",1,東洋漢方のセンナ顆粒Ｓ（分包）
1167,便秘でお腹が張って苦しいです,"便秘, お腹, 便秘",2,ミカサ浣腸Ｎ４０
1167,便秘でお腹が張って苦しいです,"便秘, お腹, 便秘",3,コトブキ浣腸４０
1168,吐き気で食べられません,吐き気,1,アネロン「ニスキャップ」
1168,吐き気で食べられません,吐き気,2,エアミットサットＦ
1168,吐き気で食べられません,吐き気,3,センパアＰｒｏ
1169,めまいで立っていられません,めまい,1,半夏厚朴湯
1169,めまいで立っていられません,めまい,2,奥田脳神経薬
1169,めまいで立っていられません,めまい,3,アネロン「キャップ」
1170,かゆみで眠れません,"かゆみ, かゆ",1,レーバンＨ
1170,かゆみで眠れません,"かゆみ, かゆ",2,スラジン
1170,かゆみで眠れません,"かゆみ, かゆ",3,スラジンＡ
1171,目の疲れでパソコンが使えません,"疲れ, 目",1,漢方ナイトミン
1171,目の疲れでパソコンが使えません,"疲れ, 目",2,六君子湯
1171,目の疲れでパソコンが使えません,"疲れ, 目",3,強表水散
1172,関節痛で歩けません,"関節痛, 痛",1,ノーシンピュア《ピルケース》
1172,関節痛で歩けません,"関節痛, 痛",2,オトナノーシンピュア
1172,関節痛で歩けません,"関節痛, 痛",3,イブ
1173,腰痛で座っていられません,"腰痛, 痛",1,雲仙散
1173,腰痛で座っていられません,"腰痛, 痛",2,ノーシンピュア《ピルケース》
1173,腰痛で座っていられません,"腰痛, 痛",3,オトナノーシンピュア
1174,疲労感で何もできません,疲労,1,ピュアＣホワイト
1174,疲労感で何もできません,疲労,2,ピュアナＣチュアブル錠
1174,疲労感で何もできません,疲労,3,ホワイピュアＥＸ
1175,頭痛で仕事ができません,"頭痛, 痛",1,大柴胡湯
1175,頭痛で仕事ができません,"頭痛, 痛",2,清風散
1175,頭痛で仕事ができません,"頭痛, 痛",3,ノーシンピュア《ピルケース》
1176,発熱で学校を休みました,"発熱, 熱",1,ハイゼリーロイヤル
1176,発熱で学校を休みました,"発熱, 熱",2,新ハイゼリーエースⅡ
1176,発熱で学校を休みました,"発熱, 熱",3,ヘパリーゼドリンクⅡ
1177,咳で会議に参加できません,咳,1,清風散
1177,咳で会議に参加できません,咳,2,ウチダの麻黄加朮湯
1177,咳で会議に参加できません,咳,3,カンゾウいけだや
1178,鼻水で集中できません,"鼻水, 鼻",1,新エザック鼻炎Ｌ
1178,鼻水で集中できません,"鼻水, 鼻",2,新ビノック鼻炎用カプセル
1178,鼻水で集中できません,"鼻水, 鼻",3,フジビトール鼻炎薬Ｓ
1179,のどが痛くて会話ができません,"のど, 痛",1,オトナノーシンピュア
1179,のどが痛くて会話ができません,"のど, 痛",2,クミアイ新いたみどめカプセル
1179,のどが痛くて会話ができません,"のど, 痛",3,プレミナスＩＰクイックａ
1180,腹痛で会議に参加できません,"腹痛, 痛",1,太田漢方胃腸薬Ⅱ
1180,腹痛で会議に参加できません,"腹痛, 痛",2,太田漢方胃腸薬Ⅱ＜錠剤＞
1180,腹痛で会議に参加できません,"腹痛, 痛",3,大正胃腸薬Ｋ
1181,下痢で会議に参加できません,"下痢, 下痢",1,高砂オウレン
1181,下痢で会議に参加できません,"下痢, 下痢",2,高砂オウレン末
1181,下痢で会議に参加できません,"下痢, 下痢",3,オウレンいけだや
1182,便秘でお腹が張って苦しいです,"便秘, お腹, 便秘",1,東洋漢方のセンナ顆粒Ｓ（分包）
1182,便秘でお腹が張って苦しいです,"便秘, お腹, 便秘",2,ミカサ浣腸Ｎ４０
1182,便秘でお腹が張って苦しいです,"便秘, お腹, 便秘",3,コトブキ浣腸４０
1183,吐き気で会議に参加できません,吐き気,1,アネロン「ニスキャップ」
1183,吐き気で会議に参加できません,吐き気,2,エアミットサットＦ
1183,吐き気で会議に参加できません,吐き気,3,センパアＰｒｏ
1184,めまいで会議に参加できません,めまい,1,半夏厚朴湯
1184,めまいで会議に参加できません,めまい,2,奥田脳神経薬
1184,めまいで会議に参加できません,めまい,3,アネロン「キャップ」
1185,かゆみで会議に参加できません,"かゆみ, かゆ",1,レーバンＨ
1185,かゆみで会議に参加できません,"かゆみ, かゆ",2,スラジン
1185,かゆみで会議に参加できません,"かゆみ, かゆ",3,スラジンＡ
1186,目の疲れで会議に参加できません,"疲れ, 目",1,漢方ナイトミン
1186,目の疲れで会議に参加できません,"疲れ, 目",2,六君子湯
1186,目の疲れで会議に参加できません,"疲れ, 目",3,強表水散
1187,関節痛で会議に参加できません,"関節痛, 痛",1,ノーシンピュア《ピルケース》
1187,関節痛で会議に参加できません,"関節痛, 痛",2,オトナノーシンピュア
1187,関節痛で会議に参加できません,"関節痛, 痛",3,イブ
1188,腰痛で会議に参加できません,"腰痛, 痛",1,雲仙散
1188,腰痛で会議に参加できません,"腰痛, 痛",2,ノーシンピュア《ピルケース》
1188,腰痛で会議に参加できません,"腰痛, 痛",3,オトナノーシンピュア
1189,疲労感で会議に参加できません,疲労,1,ピュアＣホワイト
1189,疲労感で会議に参加できません,疲労,2,ピュアナＣチュアブル錠
1189,疲労感で会議に参加できません,疲労,3,ホワイピュアＥＸ
1190,頭痛の薬を教えてください,"頭痛, 痛",1,大柴胡湯
1190,頭痛の薬を教えてください,"頭痛, 痛",2,清風散
1190,頭痛の薬を教えてください,"頭痛, 痛",3,ノーシンピュア《ピルケース》
1191,発熱の薬を教えてください,"発熱, 熱",1,ハイゼリーロイヤル
1191,発熱の薬を教えてください,"発熱, 熱",2,新ハイゼリーエースⅡ
1191,発熱の薬を教えてください,"発熱, 熱",3,ヘパリーゼドリンクⅡ
1192,咳止めの薬を教えてください,咳,1,清風散
1192,咳止めの薬を教えてください,咳,2,ウチダの麻黄加朮湯
1192,咳止めの薬を教えてください,咳,3,カンゾウいけだや
1193,鼻水の薬を教えてください,"鼻水, 鼻",1,新エザック鼻炎Ｌ
1193,鼻水の薬を教えてください,"鼻水, 鼻",2,新ビノック鼻炎用カプセル
1193,鼻水の薬を教えてください,"鼻水, 鼻",3,フジビトール鼻炎薬Ｓ
1194,のどの痛みの薬を教えてください,"のど, 痛",1,オトナノーシンピュア
1194,のどの痛みの薬を教えてください,"のど, 痛",2,クミアイ新いたみどめカプセル
1194,のどの痛みの薬を教えてください,"のど, 痛",3,プレミナスＩＰクイックａ
1195,腹痛の薬を教えてください,"腹痛, 痛",1,太田漢方胃腸薬Ⅱ
1195,腹痛の薬を教えてください,"腹痛, 痛",2,太田漢方胃腸薬Ⅱ＜錠剤＞
1195,腹痛の薬を教えてください,"腹痛, 痛",3,大正胃腸薬Ｋ
1196,下痢止めの薬を教えてください,"下痢, 下痢",1,高砂オウレン
1196,下痢止めの薬を教えてください,"下痢, 下痢",2,高砂オウレン末
1196,下痢止めの薬を教えてください,"下痢, 下痢",3,オウレンいけだや
1197,便秘薬を教えてください,"便秘, 便秘",1,東洋漢方のセンナ顆粒Ｓ（分包）
1197,便秘薬を教えてください,"便秘, 便秘",2,ミカサ浣腸Ｎ４０
1197,便秘薬を教えてください,"便秘, 便秘",3,コトブキ浣腸４０
1198,吐き気止めの薬を教えてください,吐き気,1,アネロン「ニスキャップ」
1198,吐き気止めの薬を教えてください,吐き気,2,エアミットサットＦ
1198,吐き気止めの薬を教えてください,吐き気,3,センパアＰｒｏ
1199,めまいの薬を教えてください,めまい,1,半夏厚朴湯
1199,めまいの薬を教えてください,めまい,2,奥田脳神経薬
1199,めまいの薬を教えてください,めまい,3,アネロン「キャップ」
1200,かゆみ止めの薬を教えてください,"かゆみ, かゆ",1,レーバンＨ
1200,かゆみ止めの薬を教えてください,"かゆみ, かゆ",2,スラジン
1200,かゆみ止めの薬を教えてください,"かゆみ, かゆ",3,スラジンＡ
1201,目の疲れの薬を教えてください,"疲れ, 目",1,漢方ナイトミン
1201,目の疲れの薬を教えてください,"疲れ, 目",2,六君子湯
1201,目の疲れの薬を教えてください,"疲れ, 目",3,強表水散
1202,関節痛の薬を教えてください,"関節痛, 痛",1,ノーシンピュア《ピルケース》
1202,関節痛の薬を教えてください,"関節痛, 痛",2,オトナノーシンピュア
1202,関節痛の薬を教えてください,"関節痛, 痛",3,イブ
1203,腰痛の薬を教えてください,"腰痛, 痛",1,雲仙散
1203,腰痛の薬を教えてください,"腰痛, 痛",2,ノーシンピュア《ピルケース》
1203,腰痛の薬を教えてください,"腰痛, 痛",3,オトナノーシンピュア
1204,疲労回復の薬を教えてください,疲労,1,ピュアＣホワイト
1204,疲労回復の薬を教えてください,疲労,2,ピュアナＣチュアブル錠
1204,疲労回復の薬を教えてください,疲労,3,ホワイピュアＥＸ
1205,頭痛に効く薬はありますか,"頭痛, 痛",1,大柴胡湯
1205,頭痛に効く薬はありますか,"頭痛, 痛",2,清風散
1205,頭痛に効く薬はありますか,"頭痛, 痛",3,ノーシンピュア《ピルケース》
1206,発熱に効く薬はありますか,"発熱, 熱",1,ハイゼリーロイヤル
1206,発熱に効く薬はありますか,"発熱, 熱",2,新ハイゼリーエースⅡ
1206,発熱に効く薬はありますか,"発熱, 熱",3,ヘパリーゼドリンクⅡ
1207,咳に効く薬はありますか,咳,1,清風散
1207,咳に効く薬はありますか,咳,2,ウチダの麻黄加朮湯
1207,咳に効く薬はありますか,咳,3,カンゾウいけだや
1208,鼻水に効く薬はありますか,"鼻水, 鼻",1,新エザック鼻炎Ｌ
1208,鼻水に効く薬はありますか,"鼻水, 鼻",2,新ビノック鼻炎用カプセル
1208,鼻水に効く薬はありますか,"鼻水, 鼻",3,フジビトール鼻炎薬Ｓ
1209,のどの痛みに効く薬はありますか,"のど, 痛",1,オトナノーシンピュア
1209,のどの痛みに効く薬はありますか,"のど, 痛",2,クミアイ新いたみどめカプセル
1209,のどの痛みに効く薬はありますか,"のど, 痛",3,プレミナスＩＰクイックａ
1210,腹痛に効く薬はありますか,"腹痛, 痛",1,太田漢方胃腸薬Ⅱ
1210,腹痛に効く薬はありますか,"腹痛, 痛",2,太田漢方胃腸薬Ⅱ＜錠剤＞
1210,腹痛に効く薬はありますか,"腹痛, 痛",3,大正胃腸薬Ｋ
1211,下痢に効く薬はありますか,"下痢, 下痢",1,高砂オウレン
1211,下痢に効く薬はありますか,"下痢, 下痢",2,高砂オウレン末
1211,下痢に効く薬はありますか,"下痢, 下痢",3,オウレンいけだや
1212,便秘に効く薬はありますか,"便秘, 便秘",1,東洋漢方のセンナ顆粒Ｓ（分包）
1212,便秘に効く薬はありますか,"便秘, 便秘",2,ミカサ浣腸Ｎ４０
1212,便秘に効く薬はありますか,"便秘, 便秘",3,コトブキ浣腸４０
1213,吐き気に効く薬はありますか,吐き気,1,アネロン「ニスキャップ」
1213,吐き気に効く薬はありますか,吐き気,2,エアミットサットＦ
1213,吐き気に効く薬はありますか,吐き気,3,センパアＰｒｏ
1214,めまいに効く薬はありますか,めまい,1,半夏厚朴湯
1214,めまいに効く薬はありますか,めまい,2,奥田脳神経薬
1214,めまいに効く薬はありますか,めまい,3,アネロン「キャップ」
1215,かゆみに効く薬はありますか,"かゆみ, かゆ",1,レーバンＨ
1215,かゆみに効く薬はありますか,"かゆみ, かゆ",2,スラジン
1215,かゆみに効く薬はありますか,"かゆみ, かゆ",3,スラジンＡ
1216,目の疲れに効く薬はありますか,"疲れ, 目",1,漢方ナイトミン
1216,目の疲れに効く薬はありますか,"疲れ, 目",2,六君子湯
1216,目の疲れに効く薬はありますか,"疲れ, 目",3,強表水散
1217,関節痛に効く薬はありますか,"関節痛, 痛",1,ノーシンピュア《ピルケース》
1217,関節痛に効く薬はありますか,"関節痛, 痛",2,オトナノーシンピュア
1217,関節痛に効く薬はありますか,"関節痛, 痛",3,イブ
1218,腰痛に効く薬はありますか,"腰痛, 痛",1,雲仙散
1218,腰痛に効く薬はありますか,"腰痛, 痛",2,ノーシンピュア《ピルケース》
1218,腰痛に効く薬はありますか,"腰痛, 痛",3,オトナノーシンピュア
1219,疲労に効く薬はありますか,疲労,1,ピュアＣホワイト
1219,疲労に効く薬はありますか,疲労,2,ピュアナＣチュアブル錠
1219,疲労に効く薬はありますか,疲労,3,ホワイピュアＥＸ
1220,頭痛には何の薬がいいですか,"頭痛, 痛",1,大柴胡湯
1220,頭痛には何の薬がいいですか,"頭痛, 痛",2,清風散
1220,頭痛には何の薬がいいですか,"頭痛, 痛",3,ノーシンピュア《ピルケース》
1221,発熱には何の薬が効きますか,"発熱, 熱",1,ハイゼリーロイヤル
1221,発熱には何の薬が効きますか,"発熱, 熱",2,新ハイゼリーエースⅡ
1221,発熱には何の薬が効きますか,"発熱, 熱",3,ヘパリーゼドリンクⅡ
1222,咳には何の薬がいいですか,咳,1,清風散
1222,咳には何の薬がいいですか,咳,2,ウチダの麻黄加朮湯
1222,咳には何の薬がいいですか,咳,3,カンゾウいけだや
1223,鼻水には何の薬が効きますか,"鼻水, 鼻",1,新エザック鼻炎Ｌ
1223,鼻水には何の薬が効きますか,"鼻水, 鼻",2,新ビノック鼻炎用カプセル
1223,鼻水には何の薬が効きますか,"鼻水, 鼻",3,フジビトール鼻炎薬Ｓ
1224,のどの痛みには何の薬がいいですか,"のど, 痛",1,オトナノーシンピュア
1224,のどの痛みには何の薬がいいですか,"のど, 痛",2,クミアイ新いたみどめカプセル
1224,のどの痛みには何の薬がいいですか,"のど, 痛",3,プレミナスＩＰクイックａ
1225,腹痛には何の薬が効きますか,"腹痛, 痛",1,太田漢方胃腸薬Ⅱ
1225,腹痛には何の薬が効きますか,"腹痛, 痛",2,太田漢方胃腸薬Ⅱ＜錠剤＞
1225,腹痛には何の薬が効きますか,"腹痛, 痛",3,大正胃腸薬Ｋ
1226,下痢には何の薬がいいですか,"下痢, 下痢",1,高砂オウレン
1226,下痢には何の薬がいいですか,"下痢, 下痢",2,高砂オウレン末
1226,下痢には何の薬がいいですか,"下痢, 下痢",3,オウレンいけだや
1227,便秘には何の薬が効きますか,"便秘, 便秘",1,東洋漢方のセンナ顆粒Ｓ（分包）
1227,便秘には何の薬が効きますか,"便秘, 便秘",2,ミカサ浣腸Ｎ４０
1227,便秘には何の薬が効きますか,"便秘, 便秘",3,コトブキ浣腸４０
1228,吐き気には何の薬がいいですか,吐き気,1,アネロン「ニスキャップ」
1228,吐き気には何の薬がいいですか,吐き気,2,エアミットサットＦ
1228,吐き気には何の薬がいいですか,吐き気,3,センパアＰｒｏ
1229,めまいには何の薬が効きますか,めまい,1,半夏厚朴湯
1229,めまいには何の薬が効きますか,めまい,2,奥田脳神経薬
1229,めまいには何の薬が効きますか,めまい,3,アネロン「キャップ」
1230,かゆみには何の薬がいいですか,"かゆみ, かゆ",1,レーバンＨ
1230,かゆみには何の薬がいいですか,"かゆみ, かゆ",2,スラジン
1230,かゆみには何の薬がいいですか,"かゆみ, かゆ",3,スラジンＡ
1231,目の疲れには何の薬が効きますか,"疲れ, 目",1,漢方ナイトミン
1231,目の疲れには何の薬が効きますか,"疲れ, 目",2,六君子湯
1231,目の疲れには何の薬が効きますか,"疲れ, 目",3,強表水散
1232,関節痛には何の薬がいいですか,"関節痛, 痛",1,ノーシンピュア《ピルケース》
1232,関節痛には何の薬がいいですか,"関節痛, 痛",2,オトナノーシンピュア
1232,関節痛には何の薬がいいですか,"関節痛, 痛",3,イブ
1233,腰痛には何の薬が効きますか,"腰痛, 痛",1,雲仙散
1233,腰痛には何の薬が効きますか,"腰痛, 痛",2,ノーシンピュア《ピルケース》
1233,腰痛には何の薬が効きますか,"腰痛, 痛",3,オトナノーシンピュア
1234,疲労には何の薬がいいですか,疲労,1,ピュアＣホワイト
1234,疲労には何の薬がいいですか,疲労,2,ピュアナＣチュアブル錠
1234,疲労には何の薬がいいですか,疲労,3,ホワイピュアＥＸ
1235,頭痛の薬はどれがいいですか,"頭痛, 痛",1,大柴胡湯
1235,頭痛の薬はどれがいいですか,"頭痛, 痛",2,清風散
1235,頭痛の薬はどれがいいですか,"頭痛, 痛",3,ノーシンピュア《ピルケース》
1236,発熱の薬はどれがいいですか,"発熱, 熱",1,ハイゼリーロイヤル
1236,発熱の薬はどれがいいですか,"発熱, 熱",2,新ハイゼリーエースⅡ
1236,発熱の薬はどれがいいですか,"発熱, 熱",3,ヘパリーゼドリンクⅡ
1237,咳止めの薬はどれがいいですか,咳,1,清風散
1237,咳止めの薬はどれがいいですか,咳,2,ウチダの麻黄加朮湯
1237,咳止めの薬はどれがいいですか,咳,3,カンゾウいけだや
1238,鼻水の薬はどれがいいですか,"鼻水, 鼻",1,新エザック鼻炎Ｌ
1238,鼻水の薬はどれがいいですか,"鼻水, 鼻",2,新ビノック鼻炎用カプセル
1238,鼻水の薬はどれがいいですか,"鼻水, 鼻",3,フジビトール鼻炎薬Ｓ
1239,のどの痛みの薬はどれがいいですか,"のど, 痛",1,オトナノーシンピュア
1239,のどの痛みの薬はどれがいいですか,"のど, 痛",2,クミアイ新いたみどめカプセル
1239,のどの痛みの薬はどれがいいですか,"のど, 痛",3,プレミナスＩＰクイックａ
1240,腹痛の薬はどれがいいですか,"腹痛, 痛",1,太田漢方胃腸薬Ⅱ
1240,腹痛の薬はどれがいいですか,"腹痛, 痛",2,太田漢方胃腸薬Ⅱ＜錠剤＞
1240,腹痛の薬はどれがいいですか,"腹痛, 痛",3,大正胃腸薬Ｋ
1241,下痢止めの薬はどれがいいですか,"下痢, 下痢",1,高砂オウレン
1241,下痢止めの薬はどれがいいですか,"下痢, 下痢",2,高砂オウレン末
1241,下痢止めの薬はどれがいいですか,"下痢, 下痢",3,オウレンいけだや
1242,便秘薬はどれがいいですか,"便秘, 便秘",1,東洋漢方のセンナ顆粒Ｓ（分包）
1242,便秘薬はどれがいいですか,"便秘, 便秘",2,ミカサ浣腸Ｎ４０
1242,便秘薬はどれがいいですか,"便秘, 便秘",3,コトブキ浣腸４０
1243,吐き気止めの薬はどれがいいですか,吐き気,1,アネロン「ニスキャップ」
1243,吐き気止めの薬はどれがいいですか,吐き気,2,エアミットサットＦ
1243,吐き気止めの薬はどれがいいですか,吐き気,3,センパアＰｒｏ
1244,めまいの薬はどれがいいですか,めまい,1,半夏厚朴湯
1244,めまいの薬はどれがいいですか,めまい,2,奥田脳神経薬
1244,めまいの薬はどれがいいですか,めまい,3,アネロン「キャップ」
1245,かゆみ止めの薬はどれがいいですか,"かゆみ, かゆ",1,レーバンＨ
1245,かゆみ止めの薬はどれがいいですか,"かゆみ, かゆ",2,スラジン
1245,かゆみ止めの薬はどれがいいですか,"かゆみ, かゆ",3,スラジンＡ
1246,目の疲れの薬はどれがいいですか,"疲れ, 目",1,漢方ナイトミン
1246,目の疲れの薬はどれがいいですか,"疲れ, 目",2,六君子湯
1246,目の疲れの薬はどれがいいですか,"疲れ, 目",3,強表水散
1247,関節痛の薬はどれがいいですか,"関節痛, 痛",1,ノーシンピュア《ピルケース》
1247,関節痛の薬はどれがいいですか,"関節痛, 痛",2,オトナノーシンピュア
1247,関節痛の薬はどれがいいですか,"関節痛, 痛",3,イブ
1248,腰痛の薬はどれがいいですか,"腰痛, 痛",1,雲仙散
1248,腰痛の薬はどれがいいですか,"腰痛, 痛",2,ノーシンピュア《ピルケース》
1248,腰痛の薬はどれがいいですか,"腰痛, 痛",3,オトナノーシンピュア
1249,疲労回復の薬はどれがいいですか,疲労,1,ピュアＣホワイト
1249,疲労回復の薬はどれがいいですか,疲労,2,ピュアナＣチュアブル錠
1249,疲労回復の薬はどれがいいですか,疲労,3,ホワイピュアＥＸ
1270,頭痛がありましたが治りました,"頭痛, 痛",1,大柴胡湯
1270,頭痛がありましたが治りました,"頭痛, 痛",2,清風散
1270,頭痛がありましたが治りました,"頭痛, 痛",3,ノーシンピュア《ピルケース》
1271,発熱がありましたが治りました,"発熱, 熱",1,ハイゼリーロイヤル
1271,発熱がありましたが治りました,"発熱, 熱",2,新ハイゼリーエースⅡ
1271,発熱がありましたが治りました,"発熱, 熱",3,ヘパリーゼドリンクⅡ
1272,咳が出ましたが治りました,咳,1,清風散
1272,咳が出ましたが治りました,咳,2,ウチダの麻黄加朮湯
1272,咳が出ましたが治りました,咳,3,カンゾウいけだや
1273,鼻水が出ましたが治りました,"鼻水, 鼻",1,新エザック鼻炎Ｌ
1273,鼻水が出ましたが治りました,"鼻水, 鼻",2,新ビノック鼻炎用カプセル
1273,鼻水が出ましたが治りました,"鼻水, 鼻",3,フジビトール鼻炎薬Ｓ
1274,のどが痛かったですが治りました,"のど, 痛",1,オトナノーシンピュア
1274,のどが痛かったですが治りました,"のど, 痛",2,クミアイ新いたみどめカプセル
1274,のどが痛かったですが治りました,"のど, 痛",3,プレミナスＩＰクイックａ
1275,腹痛がありましたが治りました,"腹痛, 痛",1,太田漢方胃腸薬Ⅱ
1275,腹痛がありましたが治りました,"腹痛, 痛",2,太田漢方胃腸薬Ⅱ＜錠剤＞
1275,腹痛がありましたが治りました,"腹痛, 痛",3,大正胃腸薬Ｋ
1276,下痢をしましたが治りました,"下痢, 下痢",1,高砂オウレン
1276,下痢をしましたが治りました,"下痢, 下痢",2,高砂オウレン末
1276,下痢をしましたが治りました,"下痢, 下痢",3,オウレンいけだや
1277,便秘でしたが治りました,"便秘, 便秘",1,東洋漢方のセンナ顆粒Ｓ（分包）
1277,便秘でしたが治りました,"便秘, 便秘",2,ミカサ浣腸Ｎ４０
1277,便秘でしたが治りました,"便秘, 便秘",3,コトブキ浣腸４０
1278,吐き気がありましたが治りました,吐き気,1,アネロン「ニスキャップ」
1278,吐き気がありましたが治りました,吐き気,2,エアミットサットＦ
1278,吐き気がありましたが治りました,吐き気,3,センパアＰｒｏ
1279,めまいがありましたが治りました,めまい,1,半夏厚朴湯
1279,めまいがありましたが治りました,めまい,2,奥田脳神経薬
1279,めまいがありましたが治りました,めまい,3,アネロン「キャップ」
1280,かゆみがありましたが治りました,"かゆみ, かゆ",1,レーバンＨ
1280,かゆみがありましたが治りました,"かゆみ, かゆ",2,スラジン
1280,かゆみがありましたが治りました,"かゆみ, かゆ",3,スラジンＡ
1281,疲労感がありましたが治りました,疲労,1,ピュアＣホワイト
1281,疲労感がありましたが治りました,疲労,2,ピュアナＣチュアブル錠
1281,疲労感がありましたが治りました,疲労,3,ホワイピュアＥＸ
1282,不眠がありましたが治りました,不眠,1,漢方ナイトミン
1282,不眠がありましたが治りました,不眠,2,バイグロミン
1282,不眠がありましたが治りました,不眠,3,ラムールＱ
1283,関節痛がありましたが治りました,"関節痛, 痛",1,ノーシンピュア《ピルケース》
1283,関節痛がありましたが治りました,"関節痛, 痛",2,オトナノーシンピュア
1283,関節痛がありましたが治りました,"関節痛, 痛",3,イブ
1284,腰痛がありましたが治りました,"腰痛, 痛",1,雲仙散
1284,腰痛がありましたが治りました,"腰痛, 痛",2,ノーシンピュア《ピルケース》
1284,腰痛がありましたが治りました,"腰痛, 痛",3,オトナノーシンピュア
1285,頭痛がありました,"頭痛, 痛",1,大柴胡湯
1285,頭痛がありました,"頭痛, 痛",2,清風散
1285,頭痛がありました,"頭痛, 痛",3,ノーシンピュア《ピルケース》
1286,発熱がありました,"発熱, 熱",1,ハイゼリーロイヤル
1286,発熱がありました,"発熱, 熱",2,新ハイゼリーエースⅡ
1286,発熱がありました,"発熱, 熱",3,ヘパリーゼドリンクⅡ
1287,咳が出ました,咳,1,清風散
1287,咳が出ました,咳,2,ウチダの麻黄加朮湯
1287,咳が出ました,咳,3,カンゾウいけだや
1288,鼻水が出ました,"鼻水, 鼻",1,新エザック鼻炎Ｌ
1288,鼻水が出ました,"鼻水, 鼻",2,新ビノック鼻炎用カプセル
1288,鼻水が出ました,"鼻水, 鼻",3,フジビトール鼻炎薬Ｓ
1289,のどが痛かったです,"のど, 痛",1,オトナノーシンピュア
1289,のどが痛かったです,"のど, 痛",2,クミアイ新いたみどめカプセル
1289,のどが痛かったです,"のど, 痛",3,プレミナスＩＰクイックａ
1290,頭痛になりそうで心配です,"頭痛, 痛",1,大柴胡湯
1290,頭痛になりそうで心配です,"頭痛, 痛",2,清風散
1290,頭痛になりそうで心配です,"頭痛, 痛",3,ノーシンピュア《ピルケース》
1291,発熱しそうで心配です,"発熱, 熱",1,ハイゼリーロイヤル
1291,発熱しそうで心配です,"発熱, 熱",2,新ハイゼリーエースⅡ
1291,発熱しそうで心配です,"発熱, 熱",3,ヘパリーゼドリンクⅡ
1292,咳が出そうで心配です,咳,1,清風散
1292,咳が出そうで心配です,咳,2,ウチダの麻黄加朮湯
1292,咳が出そうで心配です,咳,3,カンゾウいけだや
1293,鼻水が出そうで心配です,"鼻水, 鼻",1,新エザック鼻炎Ｌ
1293,鼻水が出そうで心配です,"鼻水, 鼻",2,新ビノック鼻炎用カプセル
1293,鼻水が出そうで心配です,"鼻水, 鼻",3,フジビトール鼻炎薬Ｓ
1294,のどが痛くなりそうで心配です,"のど, 痛",1,オトナノーシンピュア
1294,のどが痛くなりそうで心配です,"のど, 痛",2,クミアイ新いたみどめカプセル
1294,のどが痛くなりそうで心配です,"のど, 痛",3,プレミナスＩＰクイックａ
1295,腹痛になりそうで心配です,"腹痛, 痛",1,太田漢方胃腸薬Ⅱ
1295,腹痛になりそうで心配です,"腹痛, 痛",2,太田漢方胃腸薬Ⅱ＜錠剤＞
1295,腹痛になりそうで心配です,"腹痛, 痛",3,大正胃腸薬Ｋ
1296,下痢しそうで心配です,"下痢, 下痢",1,高砂オウレン
1296,下痢しそうで心配です,"下痢, 下痢",2,高砂オウレン末
1296,下痢しそうで心配です,"下痢, 下痢",3,オウレンいけだや
1297,便秘になりそうで心配です,"便秘, 便秘",1,東洋漢方のセンナ顆粒Ｓ（分包）
1297,便秘になりそうで心配です,"便秘, 便秘",2,ミカサ浣腸Ｎ４０
1297,便秘になりそうで心配です,"便秘, 便秘",3,コトブキ浣腸４０
1298,吐き気がしそうで心配です,吐き気,1,アネロン「ニスキャップ」
1298,吐き気がしそうで心配です,吐き気,2,エアミットサットＦ
1298,吐き気がしそうで心配です,吐き気,3,センパアＰｒｏ
1299,めまいがしそうで心配です,めまい,1,半夏厚朴湯
1299,めまいがしそうで心配です,めまい,2,奥田脳神経薬
1299,めまいがしそうで心配です,めまい,3,アネロン「キャップ」
1300,かゆみが出そうで心配です,"かゆみ, かゆ",1,レーバンＨ
1300,かゆみが出そうで心配です,"かゆみ, かゆ",2,スラジン
1300,かゆみが出そうで心配です,"かゆみ, かゆ",3,スラジンＡ
1301,疲労感が出そうで心配です,疲労,1,ピュアＣホワイト
1301,疲労感が出そうで心配です,疲労,2,ピュアナＣチュアブル錠
1301,疲労感が出そうで心配です,疲労,3,ホワイピュアＥＸ
1302,不眠になりそうで心配です,不眠,1,漢方ナイトミン
1302,不眠になりそうで心配です,不眠,2,バイグロミン
1302,不眠になりそうで心配です,不眠,3,ラムールＱ
1303,関節痛になりそうで心配です,"関節痛, 痛",1,ノーシンピュア《ピルケース》
1303,関節痛になりそうで心配です,"関節痛, 痛",2,オトナノーシンピュア
1303,関節痛になりそうで心配です,"関節痛, 痛",3,イブ
1304,腰痛になりそうで心配です,"腰痛, 痛",1,雲仙散
1304,腰痛になりそうで心配です,"腰痛, 痛",2,ノーシンピュア《ピルケース》
1304,腰痛になりそうで心配です,"腰痛, 痛",3,オトナノーシンピュア
1305,頭痛になりそうです,"頭痛, 痛",1,大柴胡湯
1305,頭痛になりそうです,"頭痛, 痛",2,清風散
1305,頭痛になりそうです,"頭痛, 痛",3,ノーシンピュア《ピルケース》
1306,発熱しそうです,"発熱, 熱",1,ハイゼリーロイヤル
1306,発熱しそうです,"発熱, 熱",2,新ハイゼリーエースⅡ
1306,発熱しそうです,"発熱, 熱",3,ヘパリーゼドリンクⅡ
1307,咳が出そうです,咳,1,清風散
1307,咳が出そうです,咳,2,ウチダの麻黄加朮湯
1307,咳が出そうです,咳,3,カンゾウいけだや
1308,鼻水が出そうです,"鼻水, 鼻",1,新エザック鼻炎Ｌ
1308,鼻水が出そうです,"鼻水, 鼻",2,新ビノック鼻炎用カプセル
1308,鼻水が出そうです,"鼻水, 鼻",3,フジビトール鼻炎薬Ｓ
1309,のどが痛くなりそうです,"のど, 痛",1,オトナノーシンピュア
1309,のどが痛くなりそうです,"のど, 痛",2,クミアイ新いたみどめカプセル
1309,のどが痛くなりそうです,"のど, 痛",3,プレミナスＩＰクイックａ
