product_name,manufacturer,medicine_type,recommendation_count,slug,matsukiyo_jan,matsukiyo_name,source_image_url,r2_url,status,note
カロナールＡ,第一三共ヘルスケア,解熱鎮痛薬,795,カロナールA,4987107634115,カロナールＡ １２錠 第一三共ヘルスケア 【第2類医薬品】,https://www.matsukiyococokara-online.com/store/media/catalog/product/4/9/4987107634115_01_7ec33082a85ac55750d6c9dfe6f62b15.jpg,https://images.yutok.dev/otc/カロナールA.webp,uploaded,query=カロナールＡ 第一三共
トキワイブプロエースＡ,常盤薬品工業,解熱鎮痛薬,790,トキワイブプロエースA,,,,,not_found,matsukiyo search: no match
タイレノールＡ,東亜薬品,解熱鎮痛薬,518,タイレノールA,4987910002705,タイレノールＡＳ ３０錠 アリナミン製薬 【第2類医薬品】,https://www.matsukiyococokara-online.com/store/media/catalog/product/4/9/4987910002705_01_37e548414abd87ea7cec2d4c43f5d67b.jpg,https://images.yutok.dev/otc/タイレノールA.webp,uploaded,query=タイレノールＡ
イブロックフィルムプラスター,帝國製薬,外用薬（皮膚）,260,イブロックフィルムプラスター,4987373080760,matsukiyo イブロックフィルムプラスター ３０枚 【第3類医薬品】,https://www.matsukiyococokara-online.com/store/media/catalog/product/4/9/4987373080760_01_d796762c140f5bc982a50b8ee0b497e6.jpg,https://images.yutok.dev/otc/イブロックフィルムプラスター.webp,uploaded,query=イブロックフィルムプラスター 帝國
スカイブブロンのどスプレー,福地製薬,外用薬（のど）,197,スカイブブロンのどスプレー,,,,,not_found,matsukiyo search: no match
イブロック冷感Ｓ,帝國製薬,外用薬（皮膚）,152,イブロック冷感S,,,,,not_found,matsukiyo search: no match
リビメックスコーワクリーム,興和,外用薬（皮膚）,126,リビメックスコーワクリーム,4987973132432,新リビメックスコーワＷ軟膏 １５ｇ 興和 【指定第2類医薬品】,https://www.matsukiyococokara-online.com/store/media/catalog/product/4/9/4987973132432_01_67e9e8845597d51f5076b82750bc9b31.jpg,https://images.yutok.dev/otc/リビメックスコーワクリーム.webp,uploaded,query=リビメックスコーワクリーム 興和
タクトプラスローション,佐藤製薬,外用薬（皮膚）,126,タクトプラスローション,4987316015071,タクトプラスクリーム ２０ｇ 佐藤製薬 【指定第2類医薬品】,https://www.matsukiyococokara-online.com/store/media/catalog/product/4/9/4987316015071_01_f08d666c09654f607bd9ce50a85f8fab.jpg,https://images.yutok.dev/otc/タクトプラスローション.webp,uploaded,query=タクトプラスローション 佐藤
サロンパス３０,久光製薬,外用薬（皮膚）,123,サロンパス30,4987188171172,ら・サロンパス ３０枚 久光製薬 【第3類医薬品】,https://www.matsukiyococokara-online.com/store/media/catalog/product/4/9/4987188171172_01_4af2e2535844e1eecaa2dcf165eab988.jpg,https://images.yutok.dev/otc/サロンパス30.webp,uploaded,query=サロンパス３０ 久光
マキセリン「コタロー」,小太郎漢方製薬,風邪薬,119,マキセリンコタロー,,,,,not_found,matsukiyo search: no match
イブプロフェン錠２００Ｓ,奥田製薬,解熱鎮痛薬,118,イブプロフェン錠200S,,,,,not_found,matsukiyo search: no match
ベンザブロックトローチ,アリナミン製薬,風邪薬,116,ベンザブロックトローチ,4987123139588,ベンザブロックトローチ ２４錠 アリナミン製薬 【第2類医薬品】,https://www.matsukiyococokara-online.com/store/media/catalog/product/4/9/4987123139588_01_d8df7032c6090f742a4740f4b8ca881c.jpg,https://images.yutok.dev/otc/ベンザブロックトローチ.webp,uploaded,query=ベンザブロックトローチ アリナミン
新エスベナントローチ,日野薬品工業,風邪薬,115,新エスベナントローチ,,,,,not_found,matsukiyo search: no match
イブプロフェンソフトカプセル２００「キョーワ」,協和薬品工業,解熱鎮痛薬,108,イブプロフェンソフトカプセル200キョーワ,,,,,not_found,matsukiyo search: no match
トピックＧトローチ,日新薬品工業,風邪薬,106,トピックGトローチ,,,,,not_found,matsukiyo search: no match
デーチカ,剤盛堂薬品,外用薬（皮膚）,92,デーチカ,,,,,not_found,matsukiyo search: no match
キップパイロール－Ｈｉ,キップ薬品,外用薬（皮膚）,75,キップパイロール-Hi,4987315001402,キップパイロール－Ｈｉ ４０ｇ キップ薬品 【第2類医薬品】,https://www.matsukiyococokara-online.com/store/media/catalog/product/4/9/4987315001402_01_bbd4335b5e85443a5780a075bf2e48b3.jpg,https://images.yutok.dev/otc/キップパイロール-Hi.webp,uploaded,query=キップパイロール－Ｈｉ キップ
オリブ油「タイセイ」Ｐ,大成薬品工業,外用薬（皮膚）,75,オリブ油タイセイP,,,,,not_found,matsukiyo search: no match
クールスロート,協和新薬,外用薬（皮膚）,75,クールスロート,,,,,not_found,matsukiyo search: no match
ザッツ錠,武田コンシューマーヘルスケア,胃腸薬,66,ザッツ錠,,,,,not_found,matsukiyo search: no match
角野龍雲湯,角野製薬所,鼻炎用薬,63,角野龍雲湯,,,,,not_found,matsukiyo search: no match
東洋漢方の小青龍湯,東洋漢方製薬,鼻炎用薬,63,東洋漢方の小青龍湯,,,,,not_found,matsukiyo search: no match
新キャベジンコーワＳ,興和,胃腸薬,63,新キャベジンコーワS,4987067267408,新キャベ2コーワ ３０包 興和 【第2類医薬品】,https://www.matsukiyococokara-online.com/store/media/catalog/product/4/9/4987067267408_01_eb7a577d9c81730451f99a9215149c14.jpg,https://images.yutok.dev/otc/新キャベジンコーワS.webp,uploaded,query=新キャベジンコーワＳ 興和
富士はら薬「赤玉」,富士薬品,胃腸薬,63,富士はら薬赤玉,,,,,not_found,matsukiyo search: no match
高砂オウレン,高砂薬業,胃腸薬,63,高砂オウレン,,,,,not_found,matsukiyo search: no match
高砂オウレン末,高砂薬業,胃腸薬,63,高砂オウレン末,,,,,not_found,matsukiyo search: no match
大柴胡湯,東洋漢方製薬,胃腸薬,63,大柴胡湯,4987045043369,大柴胡湯エキス顆粒クラシエ ４５包 クラシエ薬品 【第2類医薬品】,https://www.matsukiyococokara-online.com/store/media/catalog/product/4/9/4987045043369_01_eb7a577d9c81730451f99a9215149c14.jpg,https://images.yutok.dev/otc/大柴胡湯.webp,uploaded,query=大柴胡湯 東洋漢方
グリセリン浣腸Ａ１０,ムネ製薬,胃腸薬,63,グリセリン浣腸A10,,,,,not_found,matsukiyo search: no match
スースカット浣腸１０,ムネ製薬,胃腸薬,63,スースカット浣腸10,,,,,not_found,matsukiyo search: no match
リビメックスコーワローション,興和,外用薬（皮膚）,63,リビメックスコーワローション,4987973113837,新リビメックスコーワローション １５ｇ 興和 【指定第2類医薬品】,https://www.matsukiyococokara-online.com/store/media/catalog/product/4/9/4987973113837_01_ace5330774b51b949f3be45774366449.jpg,https://images.yutok.dev/otc/リビメックスコーワローション.webp,uploaded,query=リビメックスコーワローション 興和
胃健錠,龍角散,胃腸薬,63,胃健錠,,,,,not_found,matsukiyo search: no match
ベトノバールＳクリーム,佐藤製薬,外用薬（皮膚）,63,ベトノバールSクリーム,4987316026077,ベトノバールＳクリーム ５ｇ 佐藤製薬 【指定第2類医薬品】,https://www.matsukiyococokara-online.com/store/media/catalog/product/4/9/4987316026077_01_6cdc8b7f7046b5582a36f4ca99c91bdd.jpg,https://images.yutok.dev/otc/ベトノバールSクリーム.webp,uploaded,query=ベトノバールＳクリーム 佐藤
キンカンＡＬ錠,セントラル製薬,外用薬（皮膚）,63,キンカンAL錠,,,,,not_found,matsukiyo search: no match
メンソレータムメディクイッククリームＳ,ロート製薬,外用薬（皮膚）,63,メンソレータムメディクイッククリームS,4987241125326,メンソレータム メディクイック クリームS ８ｇ ロート製薬 【指定第2類医薬品】,https://www.matsukiyococokara-online.com/store/media/catalog/product/4/9/4987241125326_01_f08d666c09654f607bd9ce50a85f8fab.jpg,https://images.yutok.dev/otc/メンソレータムメディクイッククリームS.webp,uploaded,query=メンソレータムメディクイッククリームＳ ロート
メンソレータムメディクイックプロクリーム,ロート製薬,外用薬（皮膚）,63,メンソレータムメディクイックプロクリーム,4987241196654,メンソレータムメディクイックプロクリームａ ８ｇ ロート製薬 【指定第2類医薬品】,https://www.matsukiyococokara-online.com/store/media/catalog/product/4/9/4987241196654_01_da59aa4423b3568e8cc7ba8e453cf579.jpg,https://images.yutok.dev/otc/メンソレータムメディクイックプロクリーム.webp,uploaded,query=メンソレータムメディクイックプロクリーム ロート
デイトナＳ,オール薬品工業,睡眠障害,42,デイトナS,,,,,not_found,matsukiyo search: no match
ノイロンムーンＳ,オール薬品工業,睡眠障害,42,ノイロンムーンS,,,,,not_found,matsukiyo search: no match
フストールＳ,オール薬品工業,睡眠障害,42,フストールS,,,,,not_found,matsukiyo search: no match
ハイカゼ内服液Ｓ,廣貫堂,風邪薬,39,ハイカゼ内服液S,,,,,not_found,matsukiyo search: no match
スロナースのどスプレー,池田薬品工業,外用薬（のど）,29,スロナースのどスプレー,,,,,not_found,matsukiyo search: no match
セイヨン総合かぜ薬,中外医薬生産,風邪薬,28,セイヨン総合かぜ薬,,,,,not_found,matsukiyo search: no match
新スカイブブロンゴールド錠,米田薬品工業,風邪薬,20,新スカイブブロンゴールド錠,,,,,not_found,matsukiyo search: no match
カイゲンＡＺのどスプレー,池田薬品工業,外用薬（のど）,18,カイゲンAZのどスプレー,,,,,not_found,matsukiyo search: no match
スカイブブロンストレート,阪本漢法製薬,風邪薬,18,スカイブブロンストレート,,,,,not_found,matsukiyo search: no match
新ストナエースＧ,佐藤製薬,風邪薬,17,新ストナエースG,,,,,not_found,matsukiyo search: no match
救風,常盤薬品工業,風邪薬,17,救風,,,,,not_found,matsukiyo search: no match
カゼンエース,富山めぐみ製薬,風邪薬,16,カゼンエース,,,,,not_found,matsukiyo search: no match
新スカイブブロンゴールド微粒,米田薬品工業,風邪薬,15,新スカイブブロンゴールド微粒,,,,,not_found,matsukiyo search: no match
ナロンｍ,大正製薬,解熱鎮痛薬,13,ナロンm,4987306040519,ナロンｍ ２４錠 大正製薬 【第2類医薬品】,https://www.matsukiyococokara-online.com/store/media/catalog/product/4/9/4987306040519_01_f08d666c09654f607bd9ce50a85f8fab.jpg,https://images.yutok.dev/otc/ナロンm.webp,uploaded,query=ナロンｍ 大正
ガストール細粒,エスエス製薬,胃腸薬,13,ガストール細粒,4987300037003,ガストール細粒 １０包 エスエス製薬 【第2類医薬品】,https://www.matsukiyococokara-online.com/store/media/catalog/product/4/9/4987300037003_01_f08d666c09654f607bd9ce50a85f8fab.jpg,https://images.yutok.dev/otc/ガストール細粒.webp,uploaded,query=ガストール細粒 エスエス
ガストール錠,エスエス製薬,胃腸薬,13,ガストール錠,4987300037515,ガストール錠 ６０錠 エスエス製薬 【第2類医薬品】,https://www.matsukiyococokara-online.com/store/media/catalog/product/4/9/4987300037515_01_f08d666c09654f607bd9ce50a85f8fab.jpg,https://images.yutok.dev/otc/ガストール錠.webp,uploaded,query=ガストール錠 エスエス
健栄のどフレッシュ,健栄製薬,外用薬（のど）,9,健栄のどフレッシュ,,,,,not_found,matsukiyo search: no match
コーフパウダー,平坂製薬,風邪薬,9,コーフパウダー,,,,,not_found,matsukiyo search: no match
ストナリニＳ,佐藤製薬,鼻炎用薬,9,ストナリニS,4987316012384,ストナリニS ２４錠 佐藤製薬 【第2類医薬品】,https://www.matsukiyococokara-online.com/store/media/catalog/product/4/9/4987316012384_01_f08d666c09654f607bd9ce50a85f8fab.jpg,https://images.yutok.dev/otc/ストナリニS.webp,uploaded,query=ストナリニＳ 佐藤
第一三共胃腸薬コアブロック散剤,東亜薬品,胃腸薬,9,第一三共胃腸薬コアブロック散剤,,,,,not_found,matsukiyo search: no match
新エスタックイブエースカプセル,エスエス製薬,風邪薬,9,新エスタックイブエースカプセル,,,,,not_found,matsukiyo search: no match
ジキニンのどクリア,全薬工業,風邪薬,9,ジキニンのどクリア,4987305510815,ジキニン のどクリア ３０ＭＬ×３ 全薬工業 【第2類医薬品】,https://www.matsukiyococokara-online.com/store/media/catalog/product/4/9/4987305510815_01_f08d666c09654f607bd9ce50a85f8fab.jpg,https://images.yutok.dev/otc/ジキニンのどクリア.webp,uploaded,query=ジキニンのどクリア 全薬
スカイブブロンＮＡスプレー,雪の元本店,鼻炎用薬,9,スカイブブロンNAスプレー,,,,,not_found,matsukiyo search: no match
カーフェソフト錠,アルフレッサ　ファーマ,睡眠障害,8,カーフェソフト錠,4987028132394,カーフェソフト錠 １６錠 エーザイ 【第3類医薬品】,https://www.matsukiyococokara-online.com/store/media/catalog/product/4/9/4987028132394_01_c93e5a780100ec738cc426572f3beaf3.jpg,https://images.yutok.dev/otc/カーフェソフト錠.webp,uploaded,query=カーフェソフト錠 アルフレッサ　フ
グットエイドＥＸ,大昭製薬,解熱鎮痛薬,7,グットエイドEX,,,,,not_found,matsukiyo search: no match
ジキニン鼻炎ＡＧ顆粒,全薬工業,鼻炎用薬,7,ジキニン鼻炎AG顆粒,,,,,not_found,matsukiyo search: no match
ポピショット,ダイヤ製薬,外用薬（のど）,7,ポピショット,4935583204087,matsukiyo ポピショットα ３０ｍｌ 【第3類医薬品】,https://www.matsukiyococokara-online.com/store/media/catalog/product/4/9/4935583204087_01_c9582bde61d6c97516b1f2554885f931.jpg,https://images.yutok.dev/otc/ポピショット.webp,uploaded,query=ポピショット
エスタロンモカ１２,エスエス製薬,睡眠障害,7,エスタロンモカ12,4987300042205,エスタロンモカ１２ ２０錠 エスエス製薬 【第3類医薬品】,https://www.matsukiyococokara-online.com/store/media/catalog/product/4/9/4987300042205_01_f08d666c09654f607bd9ce50a85f8fab.jpg,https://images.yutok.dev/otc/エスタロンモカ12.webp,uploaded,query=エスタロンモカ１２ エスエス
エスタロンモカ内服液,同仁医薬化工,睡眠障害,7,エスタロンモカ内服液,4987300020500,エスタロンモカ内服液 ３０ｍｌ×２本 エスエス製薬 【第3類医薬品】,https://www.matsukiyococokara-online.com/store/media/catalog/product/4/9/4987300020500_01_f08d666c09654f607bd9ce50a85f8fab.jpg,https://images.yutok.dev/otc/エスタロンモカ内服液.webp,uploaded,query=エスタロンモカ内服液 同仁医薬化工
クミアイ新頭痛錠,佐藤薬品工業,解熱鎮痛薬,6,クミアイ新頭痛錠,,,,,not_found,matsukiyo search: no match
リングルＮ３００,佐藤製薬,解熱鎮痛薬,6,リングルN300,4987316032948,リングルＮ ２０錠 佐藤製薬 【第2類医薬品】,https://www.matsukiyococokara-online.com/store/media/catalog/product/4/9/4987316032948_01_f08d666c09654f607bd9ce50a85f8fab.jpg,https://images.yutok.dev/otc/リングルN300.webp,uploaded,query=リングルＮ３００ 佐藤
ムコダイン去たん錠Ｐｒｏ５００,シオノギヘルスケア,風邪薬,6,ムコダイン去たん錠Pro500,4987904101407,ムコダイン去たん錠Ｐｒｏ５００ ２０錠 シオノギヘルスケア 【第2類医薬品】,https://www.matsukiyococokara-online.com/store/media/catalog/product/4/9/4987904101407_01_fe365c313189e4242d78c5fc1f896ecf.jpg,https://images.yutok.dev/otc/ムコダイン去たん錠Pro500.webp,uploaded,query=ムコダイン去たん錠Ｐｒｏ５００ シオノギ
エスタックイブファインＥＸ,エスエス製薬,風邪薬,6,エスタックイブファインEX,,,,,not_found,matsukiyo search: no match
バファリンかぜＥＸ錠《瓶》,ライオン,風邪薬,6,バファリンかぜEX錠瓶,,,,,not_found,matsukiyo search: no match
仁壽,建林松鶴堂,解熱鎮痛薬,5,仁壽,,,,,not_found,matsukiyo search: no match
ズッキノンａ,小林製薬,解熱鎮痛薬,5,ズッキノンa,4987072083239,塗るズッキノン軟膏 １５ｇ 小林製薬 【第3類医薬品】,https://www.matsukiyococokara-online.com/store/media/catalog/product/4/9/4987072083239_01_f08d666c09654f607bd9ce50a85f8fab.jpg,https://images.yutok.dev/otc/ズッキノンa.webp,uploaded,query=ズッキノンａ 小林
暖中錠,大峰堂薬品工業,解熱鎮痛薬,5,暖中錠,,,,,not_found,matsukiyo search: no match
メソッドＷＯクリーム,ライオン,外用薬（皮膚）,5,メソッドWOクリーム,4903301301417,メソッド ＷＯクリーム １２ｇ ライオン 【第2類医薬品】,https://www.matsukiyococokara-online.com/store/media/catalog/product/4/9/4903301301417_01_bbd4335b5e85443a5780a075bf2e48b3.jpg,https://images.yutok.dev/otc/メソッドWOクリーム.webp,uploaded,query=メソッドＷＯクリーム ライオン
新スキントールＳ,雪の元本店,外用薬（皮膚）,5,新スキントールS,,,,,not_found,matsukiyo search: no match
メンソレータムカブレーナ乳液,ジャパンメディック,外用薬（皮膚）,5,メンソレータムカブレーナ乳液,4987241188642,メンソレータム カブレーナ乳液 １５ｇ ロート製薬 【第2類医薬品】,https://www.matsukiyococokara-online.com/store/media/catalog/product/4/9/4987241188642_01_f08d666c09654f607bd9ce50a85f8fab.jpg,https://images.yutok.dev/otc/メンソレータムカブレーナ乳液.webp,uploaded,query=メンソレータムカブレーナ乳液
ロキソニンＳ,第一三共ヘルスケア,解熱鎮痛薬,5,ロキソニンS,4987107610867,ロキソニンＳ １２錠 第一三共ヘルスケア 【第1類医薬品】,https://www.matsukiyococokara-online.com/store/media/catalog/product/4/9/4987107610867_01_245bd2ae5f818cb1f786ec9110ff2aea.jpg,https://images.yutok.dev/otc/ロキソニンS.webp,uploaded,query=ロキソニンＳ 第一三共
フジコールＩＰ錠,三宝製薬,風邪薬,4,フジコールIP錠,,,,,not_found,matsukiyo search: no match
東洋の茵ちん五苓散料エキス顆粒,東洋漢方製薬,抗アレルギー薬,4,東洋の茵ちん五苓散料エキス顆粒,,,,,not_found,matsukiyo search: no match
サンワ白虎加人参湯エキス細粒,三和生薬,外用薬（のど）,4,サンワ白虎加人参湯エキス細粒,,,,,not_found,matsukiyo search: no match
ナロン顆粒,大正製薬,解熱鎮痛薬,4,ナロン顆粒,4987306040519,ナロンｍ ２４錠 大正製薬 【第2類医薬品】,https://www.matsukiyococokara-online.com/store/media/catalog/product/4/9/4987306040519_01_f08d666c09654f607bd9ce50a85f8fab.jpg,https://images.yutok.dev/otc/ナロン顆粒.webp,uploaded,query=ナロン顆粒 大正
ニタンダ麻杏甘石湯エキス顆粒,二反田薬品工業,風邪薬,4,ニタンダ麻杏甘石湯エキス顆粒,,,,,not_found,matsukiyo search: no match
ヤマサンシャゼンソウ,小島漢方,風邪薬,4,ヤマサンシャゼンソウ,,,,,not_found,matsukiyo search: no match
ストナデイタイム,佐藤製薬,風邪薬,3,ストナデイタイム,,,,,not_found,matsukiyo search: no match
キュアティホワイトＮＫＢ,京都薬品工業,抗アレルギー薬,3,キュアティホワイトNKB,,,,,not_found,matsukiyo search: no match
ＤＨＣエルシスホワイト２４０,ディーエイチシー,抗アレルギー薬,3,DHCエルシスホワイト240,4511413804360,ＭＫ　ＤＨＣエルシスホワイト ２４０錠 ディーエイチシー 【第3類医薬品】,https://www.matsukiyococokara-online.com/store/media/catalog/product/4/5/4511413804360_01_d03126aad339c4c69410d1ae735fd0c1.jpg,https://images.yutok.dev/otc/DHCエルシスホワイト240.webp,uploaded,query=ＤＨＣエルシスホワイト２４０ ディーエイチシー
グロンサンゴールド錠Ａ,廣貫堂,解熱鎮痛薬,3,グロンサンゴールド錠A,,,,,not_found,matsukiyo search: no match
アオキュア,小林製薬,外用薬（皮膚）,3,アオキュア,4987072094693,チュメキュア ５Ｇ 小林製薬 【第3類医薬品】,https://www.matsukiyococokara-online.com/store/media/catalog/product/4/9/4987072094693_01_b2bfa1bca4f2013a151fa735933bdc98.jpg,https://images.yutok.dev/otc/アオキュア.webp,uploaded,query=アオキュア 小林
エイクレス,大石膏盛堂,外用薬（皮膚）,3,エイクレス,,,,,not_found,matsukiyo search: no match
コリクリアーＳローション,東光薬品工業,外用薬（皮膚）,3,コリクリアーSローション,,,,,not_found,matsukiyo search: no match
オムニンエース,オール薬品工業,風邪薬,3,オムニンエース,,,,,not_found,matsukiyo search: no match
ウチダの大黄牡丹皮湯,ウチダ和漢薬,解熱鎮痛薬,3,ウチダの大黄牡丹皮湯,,,,,not_found,matsukiyo search: no match
ザッツ,武田コンシューマーヘルスケア,胃腸薬,3,ザッツ,,,,,not_found,matsukiyo search: no match
キャベジンコーワ細粒,興和,胃腸薬,3,キャベジンコーワ細粒,4987973126516,キャベジンコーワαプラス顆粒 ５６包 興和 【第2類医薬品】,https://www.matsukiyococokara-online.com/store/media/catalog/product/4/9/4987973126516_01_67e9e8845597d51f5076b82750bc9b31.jpg,https://images.yutok.dev/otc/キャベジンコーワ細粒.webp,uploaded,query=キャベジンコーワ細粒 興和
新リバヘルスゴールド,大峰堂薬品工業,解熱鎮痛薬,2,新リバヘルスゴールド,,,,,not_found,matsukiyo search: no match
健栄のどスプレー,健栄製薬,外用薬（のど）,2,健栄のどスプレー,4987286318264,健栄のどスプレー ２５ｍｌ 健栄製薬 【第3類医薬品】,https://www.matsukiyococokara-online.com/store/media/catalog/product/4/9/4987286318264_01_f08d666c09654f607bd9ce50a85f8fab.jpg,https://images.yutok.dev/otc/健栄のどスプレー.webp,uploaded,query=健栄のどスプレー 健栄
清風散,摩耶堂製薬,風邪薬,2,清風散,,,,,not_found,matsukiyo search: no match
ヒストミンせき止め液ＮＸ,小林薬品工業,風邪薬,2,ヒストミンせき止め液NX,,,,,not_found,matsukiyo search: no match
ナカジマキキョウ末,中嶋生薬,風邪薬,2,ナカジマキキョウ末,,,,,not_found,matsukiyo search: no match
再春痛散湯エキス顆粒,再春館製薬所,解熱鎮痛薬,2,再春痛散湯エキス顆粒,,,,,not_found,matsukiyo search: no match
大正胃腸薬Ｋ＜錠剤＞,大正製薬,胃腸薬,1,大正胃腸薬K錠剤,4987306009462,大正胃腸薬Ｋ＜錠剤＞ １１０錠 大正製薬 【第2類医薬品】,https://www.matsukiyococokara-online.com/store/media/catalog/product/4/9/4987306009462_01_f08d666c09654f607bd9ce50a85f8fab.jpg,https://images.yutok.dev/otc/大正胃腸薬K錠剤.webp,uploaded,query=大正胃腸薬Ｋ＜錠剤＞ 大正
ビオフェルミン止瀉薬,ビオフェルミン製薬,胃腸薬,1,ビオフェルミン止瀉薬,4987306054837,ビオフェルミン止瀉薬 １２包 大正製薬 【第2類医薬品】,https://www.matsukiyococokara-online.com/store/media/catalog/product/4/9/4987306054837_01_f08d666c09654f607bd9ce50a85f8fab.jpg,https://images.yutok.dev/otc/ビオフェルミン止瀉薬.webp,uploaded,query=ビオフェルミン止瀉薬 ビオフェルミン
ビオフェルミン下痢止め,ビオフェルミン製薬,胃腸薬,1,ビオフェルミン下痢止め,4987306054813,ビオフェルミン下痢止め ３０錠 大正製薬 【第2類医薬品】,https://www.matsukiyococokara-online.com/store/media/catalog/product/4/9/4987306054813_01_f08d666c09654f607bd9ce50a85f8fab.jpg,https://images.yutok.dev/otc/ビオフェルミン下痢止め.webp,uploaded,query=ビオフェルミン下痢止め ビオフェルミン
新ルルエースのどスプレー,第一三共ヘルスケア,外用薬（のど）,1,新ルルエースのどスプレー,4987107611925,ルルのどスプレー ２５ｍｌ 第一三共ヘルスケア 【第3類医薬品】,https://www.matsukiyococokara-online.com/store/media/catalog/product/4/9/4987107611925_01_7d1632d9874a1ec23f4728ac802af912.jpg,https://images.yutok.dev/otc/新ルルエースのどスプレー.webp,uploaded,query=新ルルエースのどスプレー 第一三共
キオフィーバ,樋屋製薬,解熱鎮痛薬,1,キオフィーバ,4987192002066,キオフィーバ こども解熱坐薬 １０個 樋屋製薬 【第2類医薬品】,https://www.matsukiyococokara-online.com/store/media/catalog/product/4/9/4987192002066_01_9784b8ae3ac2a0578b8ee3f1bb6d8cd9.jpg,https://images.yutok.dev/otc/キオフィーバ.webp,uploaded,query=キオフィーバ 樋屋
大正トンプク,大正製薬,解熱鎮痛薬,1,大正トンプク,,,,,not_found,matsukiyo search: no match
ファイティーＥＸ,興和,解熱鎮痛薬,1,ファイティーEX,4987067227105,matsukiyo ファイティーEX ３０ｍｌ×６本 【第2類医薬品】,https://www.matsukiyococokara-online.com/store/media/catalog/product/4/9/4987067227105_01_3f4137ae43155789c818aaab5ce8fa60.jpg,https://images.yutok.dev/otc/ファイティーEX.webp,uploaded,query=ファイティーＥＸ 興和
ウチダの麻黄附子細辛湯,ウチダ和漢薬,風邪薬,1,ウチダの麻黄附子細辛湯,,,,,not_found,matsukiyo search: no match
新セキリック液,米田薬品,風邪薬,1,新セキリック液,,,,,not_found,matsukiyo search: no match
クールワンせき止めＧＸプラス,テイカ製薬,風邪薬,1,クールワンせき止めGXプラス,,,,,not_found,matsukiyo search: no match
カコナールせき止め液Ｗ,日新薬品工業,風邪薬,1,カコナールせき止め液W,,,,,not_found,matsukiyo search: no match
のどスッキリスプレーＡＣ,健栄製薬,外用薬（のど）,1,のどスッキリスプレーAC,,,,,not_found,matsukiyo search: no match
清痛顆粒,第一薬品工業,解熱鎮痛薬,1,清痛顆粒,,,,,not_found,matsukiyo search: no match
クミアイ解熱鎮痛錠,協同薬品,解熱鎮痛薬,1,クミアイ解熱鎮痛錠,,,,,not_found,matsukiyo search: no match
竹参かぜまる,タキザワ漢方廠,風邪薬,1,竹参かぜまる,,,,,not_found,matsukiyo search: no match
ロキソニンＳプレミアム,第一三共ヘルスケア,解熱鎮痛薬,1,ロキソニンSプレミアム,4987107619013,ロキソニンＳプレミアム ２４錠 第一三共ヘルスケア 【第1類医薬品】,https://www.matsukiyococokara-online.com/store/media/catalog/product/4/9/4987107619013_01_e5519b23c0f594dd4ede703cdd9f09db.jpg,https://images.yutok.dev/otc/ロキソニンSプレミアム.webp,uploaded,query=ロキソニンＳプレミアム 第一三共
ササイサン,和漢薬研究所,胃腸薬,1,ササイサン,,,,,not_found,matsukiyo search: no match
フラーリンＪ粒,剤盛堂薬品,胃腸薬,1,フラーリンJ粒,,,,,not_found,matsukiyo search: no match
加香ヒマシ油,健栄製薬,胃腸薬,0,加香ヒマシ油,49232677,日本薬局方 加香ヒマシ油 ２０ｍｌ 健栄製薬 【第2類医薬品】,https://www.matsukiyococokara-online.com/store/media/catalog/product/4/9/49232677_01_4e69edcd5f17a8cde0847681978742f0.jpg,https://images.yutok.dev/otc/加香ヒマシ油.webp,uploaded,query=加香ヒマシ油 健栄
乙字湯,東洋漢方製薬,胃腸薬,0,乙字湯,4987045043239,「クラシエ」漢方乙字湯エキス顆粒 ４５包 クラシエ薬品 【第2類医薬品】,https://www.matsukiyococokara-online.com/store/media/catalog/product/4/9/4987045043239_01_eb7a577d9c81730451f99a9215149c14.jpg,https://images.yutok.dev/otc/乙字湯.webp,uploaded,query=乙字湯 東洋漢方
防已黄耆湯,東洋漢方製薬,胃腸薬,0,防已黄耆湯,4987045049255,防已黄耆湯エキス錠Ｆクラシエ ９６錠 クラシエ薬品 【第2類医薬品】,https://www.matsukiyococokara-online.com/store/media/catalog/product/4/9/4987045049255_01_eb7a577d9c81730451f99a9215149c14.jpg,https://images.yutok.dev/otc/防已黄耆湯.webp,uploaded,query=防已黄耆湯 東洋漢方
ナイシトールＧ,小林製薬,鼻炎用薬,0,ナイシトールG,4987072056431,ナイシトールＧａ ８４錠 小林製薬 【第2類医薬品】,https://www.matsukiyococokara-online.com/store/media/catalog/product/4/9/4987072056431_01_98f462080d5b58bb2dbbf31ecdfa592c.jpg,https://images.yutok.dev/otc/ナイシトールG.webp,uploaded,query=ナイシトールＧ 小林
東洋漢方のセンナ顆粒Ｓ（分包）,東洋漢方製薬,胃腸薬,0,東洋漢方のセンナ顆粒S分包,,,,,not_found,matsukiyo search: no match
ミカサ浣腸Ｎ４０,ムネ製薬,胃腸薬,0,ミカサ浣腸N40,,,,,not_found,matsukiyo search: no match
コトブキ浣腸４０,ムネ製薬,胃腸薬,0,コトブキ浣腸40,,,,,not_found,matsukiyo search: no match
コトブキ浣腸ひとおし,ムネ製薬,胃腸薬,0,コトブキ浣腸ひとおし,4987388063215,コトブキ浣腸ひとおし ３０ＧＸ２個 ムネ製薬 【第2類医薬品】,https://www.matsukiyococokara-online.com/store/media/catalog/product/4/9/4987388063215_01_f08d666c09654f607bd9ce50a85f8fab.jpg,https://images.yutok.dev/otc/コトブキ浣腸ひとおし.webp,uploaded,query=コトブキ浣腸ひとおし ムネ
コトブキ浣腸４０パステル,ムネ製薬,胃腸薬,0,コトブキ浣腸40パステル,,,,,not_found,matsukiyo search: no match
コトブキ浣腸３０パステル,ムネ製薬,胃腸薬,0,コトブキ浣腸30パステル,,,,,not_found,matsukiyo search: no match
コリイス浣腸３０,ムネ製薬,胃腸薬,0,コリイス浣腸30,,,,,not_found,matsukiyo search: no match
本草センナ錠,本草製薬,胃腸薬,0,本草センナ錠,,,,,not_found,matsukiyo search: no match
ゼリア健胃内服液,ゼリア新薬工業,胃腸薬,0,ゼリア健胃内服液,4987103052814,ヘパリーゼ胃腸内服液EX ５０ｍｌ×３ ゼリア新薬工業 (指定医薬部外品),https://www.matsukiyococokara-online.com/store/media/catalog/product/4/9/4987103052814_01_b2bfa1bca4f2013a151fa735933bdc98.jpg,https://images.yutok.dev/otc/ゼリア健胃内服液.webp,uploaded,query=ゼリア健胃内服液 ゼリア新薬
新バック液,全薬工業,胃腸薬,0,新バック液,,,,,not_found,matsukiyo search: no match
ソルマックプラス,大鵬薬品工業,胃腸薬,0,ソルマックプラス,4987117396065,ソルマック 5 ５０ｍＬ×８ 大鵬薬品工業 (指定医薬部外品),https://www.matsukiyococokara-online.com/store/media/catalog/product/4/9/4987117396065_01_ac2779eb161b7e98dade6e11b96fb786.jpg,https://images.yutok.dev/otc/ソルマックプラス.webp,uploaded,query=ソルマックプラス
ソルマックＥＸ２,大鵬薬品工業,胃腸薬,0,ソルマックEX2,,,,,not_found,matsukiyo search: no match
ストーゼ胃腸内服液,東宝製薬,胃腸薬,0,ストーゼ胃腸内服液,,,,,not_found,matsukiyo search: no match
太田胃散＜内服液＞,日新薬品工業,胃腸薬,0,太田胃散内服液,,,,,not_found,matsukiyo search: no match
ガロール健芯液,健創製薬,胃腸薬,0,ガロール健芯液,,,,,not_found,matsukiyo search: no match
パンシロンソフトベール,ロート製薬,胃腸薬,0,パンシロンソフトベール,,,,,not_found,matsukiyo search: no match
ワクナガ生薬胃腸薬,湧永製薬,胃腸薬,0,ワクナガ生薬胃腸薬,,,,,not_found,matsukiyo search: no match
オウレンいけだや,延寿堂,胃腸薬,0,オウレンいけだや,,,,,not_found,matsukiyo search: no match
オウレン末いけだや,延寿堂,胃腸薬,0,オウレン末いけだや,,,,,not_found,matsukiyo search: no match
新新胃腸薬Ｓ,新新薬品工業,胃腸薬,0,新新胃腸薬S,,,,,not_found,matsukiyo search: no match
イスロ胃腸ドリンクＳ,ゼネル薬工粉河,胃腸薬,0,イスロ胃腸ドリンクS,,,,,not_found,matsukiyo search: no match
大光丸,大佛堂製薬,胃腸薬,0,大光丸,,,,,not_found,matsukiyo search: no match
オウレンダイコー,大晃生薬,胃腸薬,0,オウレンダイコー,,,,,not_found,matsukiyo search: no match
オウレン末ダイコー,大晃生薬,胃腸薬,0,オウレン末ダイコー,,,,,not_found,matsukiyo search: no match
液キャベコーワＬ,興和,胃腸薬,0,液キャベコーワL,4987067806607,液キャベコーワ ５０ｍｌ 興和 【第2類医薬品】,https://www.matsukiyococokara-online.com/store/media/catalog/product/4/9/4987067806607_01_6d384e4ba2833d853fa36c9d8fb37aaf.jpg,https://images.yutok.dev/otc/液キャベコーワL.webp,uploaded,query=液キャベコーワＬ 興和
大草胃腸薬内服液３０,大草薬品,胃腸薬,0,大草胃腸薬内服液30,,,,,not_found,matsukiyo search: no match
救胆,島伊兵衛薬品,胃腸薬,0,救胆,,,,,not_found,matsukiyo search: no match
御岳百草丸,長野県製薬,胃腸薬,0,御岳百草丸,4987352002448,御岳百草丸 ２７００粒 長野県製薬 【第2類医薬品】,https://www.matsukiyococokara-online.com/store/media/catalog/product/4/9/4987352002448_01_f08d666c09654f607bd9ce50a85f8fab.jpg,https://images.yutok.dev/otc/御岳百草丸.webp,uploaded,query=御岳百草丸 長野県
御岳百草丸分包,長野県製薬,胃腸薬,0,御岳百草丸分包,4987352002448,御岳百草丸 ２７００粒 長野県製薬 【第2類医薬品】,https://www.matsukiyococokara-online.com/store/media/catalog/product/4/9/4987352002448_01_f08d666c09654f607bd9ce50a85f8fab.jpg,https://images.yutok.dev/otc/御岳百草丸分包.webp,uploaded,query=御岳百草丸分包 長野県
ナカジマオウレン,中嶋生薬,胃腸薬,0,ナカジマオウレン,,,,,not_found,matsukiyo search: no match
ナカジマオウレン末,中嶋生薬,胃腸薬,0,ナカジマオウレン末,,,,,not_found,matsukiyo search: no match
御百草丸Ｕ,二反田薬品工業,胃腸薬,0,御百草丸U,,,,,not_found,matsukiyo search: no match
日野百草丸,日野製薬,胃腸薬,0,日野百草丸,,,,,not_found,matsukiyo search: no match
百草丸プラス,日野製薬,胃腸薬,0,百草丸プラス,,,,,not_found,matsukiyo search: no match
増田胃腸薬,増田製薬,胃腸薬,0,増田胃腸薬,,,,,not_found,matsukiyo search: no match
ヤマサンオウレン末,小島漢方,胃腸薬,0,ヤマサンオウレン末,,,,,not_found,matsukiyo search: no match
ヤマサンオウレン,小島漢方,胃腸薬,0,ヤマサンオウレン,,,,,not_found,matsukiyo search: no match
トチモトのオウレンＰ,栃本天海堂,胃腸薬,0,トチモトのオウレンP,,,,,not_found,matsukiyo search: no match
トチモトのオウレン末Ｐ,栃本天海堂,胃腸薬,0,トチモトのオウレン末P,,,,,not_found,matsukiyo search: no match
薬草健胃薬Ｆ,富士薬品,胃腸薬,0,薬草健胃薬F,,,,,not_found,matsukiyo search: no match
恵命我神散,老舗恵命堂,胃腸薬,0,恵命我神散,4955982058012,恵命我神散 徳用 １００ｇ×４袋 恵命堂 【第2類医薬品】,https://www.matsukiyococokara-online.com/store/media/catalog/product/4/9/4955982058012_01_428e52399ae087dce4cfcdd4baa90974.jpg,https://images.yutok.dev/otc/恵命我神散.webp,uploaded,query=恵命我神散 老舗恵命堂
恵命我神散Ｓ,老舗恵命堂,胃腸薬,0,恵命我神散S,4955982012007,恵命我神散S ３ｇ×２０包 恵命堂 【第2類医薬品】,https://www.matsukiyococokara-online.com/store/media/catalog/product/4/9/4955982012007_01_428e52399ae087dce4cfcdd4baa90974.jpg,https://images.yutok.dev/otc/恵命我神散S.webp,uploaded,query=恵命我神散Ｓ 老舗恵命堂
恵命我神散Ｓ＜細粒＞,老舗恵命堂,胃腸薬,0,恵命我神散S細粒,,,,,not_found,matsukiyo search: no match
フラーリンＪ錠,剤盛堂薬品,胃腸薬,0,フラーリンJ錠,,,,,not_found,matsukiyo search: no match
はらはら薬「翁丸」,日本製薬,胃腸薬,0,はらはら薬翁丸,,,,,not_found,matsukiyo search: no match
ニチイ胃腸内服液,日本医薬品製造,胃腸薬,0,ニチイ胃腸内服液,,,,,not_found,matsukiyo search: no match
やまと丸,日本医薬品製造,胃腸薬,0,やまと丸,,,,,not_found,matsukiyo search: no match
クレンジル,小林製薬,胃腸薬,0,クレンジル,,,,,not_found,matsukiyo search: no match
大正漢方胃腸薬＜内服液＞,ジェーピーエス製薬,胃腸薬,0,大正漢方胃腸薬内服液,4987306008717,【使用期限：2026年9月まで】大正漢方胃腸薬＜内服液＞ ３０ｍｌ 大正製薬 【第2類医薬品】,https://www.matsukiyococokara-online.com/store/media/catalog/product/4/9/4987306008717_01_89167f5d539dc923be03d70c4407f580.jpg,https://images.yutok.dev/otc/大正漢方胃腸薬内服液.webp,uploaded,query=大正漢方胃腸薬＜内服液＞ ジェーピーエス
サクロンＱ,アルフレッサ　ファーマ,胃腸薬,0,サクロンQ,4987028105688,サクロンQ １２錠 エーザイ 【第2類医薬品】,https://www.matsukiyococokara-online.com/store/media/catalog/product/4/9/4987028105688_01_eca86d4bfa0cc31c9000cdcee6547929.jpg,https://images.yutok.dev/otc/サクロンQ.webp,uploaded,query=サクロンＱ
セルベール,エーザイ,胃腸薬,0,セルベール,4987028114918,新セルベール整胃プレミアム錠 １８錠 エーザイ 【第2類医薬品】,https://www.matsukiyococokara-online.com/store/media/catalog/product/4/9/4987028114918_01_196f86a297fea16ad5d46a147af1616e.jpg,https://images.yutok.dev/otc/セルベール.webp,uploaded,query=セルベール エーザイ
新セルベール整胃プレミアム＜細粒＞,エーザイ,胃腸薬,0,新セルベール整胃プレミアム細粒,4987028114765,新セルベール整胃プレミアム細粒 ２４包 エーザイ 【第2類医薬品】,https://www.matsukiyococokara-online.com/store/media/catalog/product/4/9/4987028114765_01_196f86a297fea16ad5d46a147af1616e.jpg,https://images.yutok.dev/otc/新セルベール整胃プレミアム細粒.webp,uploaded,query=新セルベール整胃プレミアム＜細粒＞ エーザイ
新セルベール整胃プレミアム＜錠＞,エーザイ,胃腸薬,0,新セルベール整胃プレミアム錠,4987028114963,新セルベール整胃プレミアム錠 ７２錠 エーザイ 【第2類医薬品】,https://www.matsukiyococokara-online.com/store/media/catalog/product/4/9/4987028114963_01_196f86a297fea16ad5d46a147af1616e.jpg,https://images.yutok.dev/otc/新セルベール整胃プレミアム錠.webp,uploaded,query=新セルベール整胃プレミアム＜錠＞ エーザイ
太田胃散,太田胃散,胃腸薬,0,太田胃散,4987033000268,太田胃散　太田胃散分包Ｓ ５０包 太田胃散 【第2類医薬品】,https://www.matsukiyococokara-online.com/store/media/catalog/product/4/9/4987033000268_01_1d628106ab9056572b0d3bbd9e3bf150.jpg,https://images.yutok.dev/otc/太田胃散.webp,uploaded,query=太田胃散 太田胃散
太田胃散＜分包＞,太田胃散,胃腸薬,0,太田胃散分包,4987033000268,太田胃散　太田胃散分包Ｓ ５０包 太田胃散 【第2類医薬品】,https://www.matsukiyococokara-online.com/store/media/catalog/product/4/9/4987033000268_01_1d628106ab9056572b0d3bbd9e3bf150.jpg,https://images.yutok.dev/otc/太田胃散分包.webp,uploaded,query=太田胃散＜分包＞ 太田胃散
太田胃散Ａ＜錠剤＞,太田胃散,胃腸薬,0,太田胃散A錠剤,4987033209135,太田胃散Ａ【錠剤】 ４５錠 太田胃散 【第2類医薬品】,https://www.matsukiyococokara-online.com/store/media/catalog/product/4/9/4987033209135_01_3d45ec812244aad79b2637830be9846a.jpg,https://images.yutok.dev/otc/太田胃散A錠剤.webp,uploaded,query=太田胃散Ａ＜錠剤＞ 太田胃散
太田漢方胃腸薬Ⅱ,太田胃散,胃腸薬,0,太田漢方胃腸薬II,4987033000428,太田漢方胃腸薬ＩＩ １２０錠 太田胃散 【第2類医薬品】,https://www.matsukiyococokara-online.com/store/media/catalog/product/4/9/4987033000428_01_f08d666c09654f607bd9ce50a85f8fab.jpg,https://images.yutok.dev/otc/太田漢方胃腸薬II.webp,uploaded,query=太田漢方胃腸薬Ⅱ 太田胃散
太田漢方胃腸薬Ⅱ＜錠剤＞,太田胃散,胃腸薬,0,太田漢方胃腸薬II錠剤,4987033602103,太田漢方胃腸薬ＩＩ【錠剤】 ５４錠 太田胃散 【第2類医薬品】,https://www.matsukiyococokara-online.com/store/media/catalog/product/4/9/4987033602103_01_f08d666c09654f607bd9ce50a85f8fab.jpg,https://images.yutok.dev/otc/太田漢方胃腸薬II錠剤.webp,uploaded,query=太田漢方胃腸薬Ⅱ＜錠剤＞ 太田胃散
バランサー胃腸薬,パナケイア製薬,胃腸薬,0,バランサー胃腸薬,4987306012493,大正胃腸薬バランサー １２包 大正製薬 【第2類医薬品】,https://www.matsukiyococokara-online.com/store/media/catalog/product/4/9/4987306012493_01_f08d666c09654f607bd9ce50a85f8fab.jpg,https://images.yutok.dev/otc/バランサー胃腸薬.webp,uploaded,query=バランサー胃腸薬 パナケイア
複方熊胆円,キョクトウ,胃腸薬,0,複方熊胆円,,,,,not_found,matsukiyo search: no match
複方熊胆丸,キョクトウ,胃腸薬,0,複方熊胆丸,,,,,not_found,matsukiyo search: no match
新マルコターンソフト,廣貫堂,胃腸薬,0,新マルコターンソフト,,,,,not_found,matsukiyo search: no match
熊膽圓Ｓ,廣貫堂,胃腸薬,0,熊膽圓S,,,,,not_found,matsukiyo search: no match
イスロンＧⅡ,パナケイア製薬,胃腸薬,0,イスロンGII,,,,,not_found,matsukiyo search: no match
タブローンＭⅡ,パナケイア製薬,胃腸薬,0,タブローンMII,,,,,not_found,matsukiyo search: no match
新キャベ２コーワ,興和,胃腸薬,0,新キャベ2コーワ,4987067267408,新キャベ2コーワ ３０包 興和 【第2類医薬品】,https://www.matsukiyococokara-online.com/store/media/catalog/product/4/9/4987067267408_01_eb7a577d9c81730451f99a9215149c14.jpg,https://images.yutok.dev/otc/新キャベ2コーワ.webp,uploaded,query=新キャベ２コーワ 興和
キャベジンコーワα《瓶》,興和,胃腸薬,0,キャベジンコーワα瓶,,,,,not_found,matsukiyo search: no match
パンジアス顆粒,第一薬品工業,胃腸薬,0,パンジアス顆粒,,,,,not_found,matsukiyo search: no match
ハイウルソグリーンＳ,テイカ製薬,胃腸薬,0,ハイウルソグリーンS,,,,,not_found,matsukiyo search: no match
新グリーン胃腸薬ＤＸ,第一薬品工業,胃腸薬,0,新グリーン胃腸薬DX,,,,,not_found,matsukiyo search: no match
大正胃腸薬Ｋ,大正製薬,胃腸薬,0,大正胃腸薬K,4987306009417,大正胃腸薬K ２４包 大正製薬 【第2類医薬品】,https://www.matsukiyococokara-online.com/store/media/catalog/product/4/9/4987306009417_01_f08d666c09654f607bd9ce50a85f8fab.jpg,https://images.yutok.dev/otc/大正胃腸薬K.webp,uploaded,query=大正胃腸薬Ｋ 大正
大正漢方胃腸薬,大正製薬,胃腸薬,0,大正漢方胃腸薬,4987306009486,大正漢方胃腸薬 ４８包 大正製薬 【第2類医薬品】,https://www.matsukiyococokara-online.com/store/media/catalog/product/4/9/4987306009486_01_da0c5f2f5c00eac9bf18b476a26d6251.jpg,https://images.yutok.dev/otc/大正漢方胃腸薬.webp,uploaded,query=大正漢方胃腸薬 大正
大正漢方胃腸薬＜錠剤＞,大正製薬,胃腸薬,0,大正漢方胃腸薬錠剤,4987306009776,大正漢方胃腸薬【錠剤】 ２２０錠 大正製薬 【第2類医薬品】,https://www.matsukiyococokara-online.com/store/media/catalog/product/4/9/4987306009776_01_da0c5f2f5c00eac9bf18b476a26d6251.jpg,https://images.yutok.dev/otc/大正漢方胃腸薬錠剤.webp,uploaded,query=大正漢方胃腸薬＜錠剤＞ 大正
アバロンＳ,大正製薬,胃腸薬,0,アバロンS,,,,,not_found,matsukiyo search: no match
大正漢方胃腸薬「爽和」錠剤,大正製薬,胃腸薬,0,大正漢方胃腸薬爽和錠剤,4987306009783,大正漢方胃腸薬【錠剤】 ６０錠 大正製薬 【第2類医薬品】,https://www.matsukiyococokara-online.com/store/media/catalog/product/4/9/4987306009783_01_da0c5f2f5c00eac9bf18b476a26d6251.jpg,https://images.yutok.dev/otc/大正漢方胃腸薬爽和錠剤.webp,uploaded,query=大正漢方胃腸薬「爽和」錠剤 大正
大正漢方胃腸薬「爽和」微粒,大正製薬,胃腸薬,0,大正漢方胃腸薬爽和微粒,4987306009486,大正漢方胃腸薬 ４８包 大正製薬 【第2類医薬品】,https://www.matsukiyococokara-online.com/store/media/catalog/product/4/9/4987306009486_01_da0c5f2f5c00eac9bf18b476a26d6251.jpg,https://images.yutok.dev/otc/大正漢方胃腸薬爽和微粒.webp,uploaded,query=大正漢方胃腸薬「爽和」微粒 大正
大正漢方胃腸薬アクティブ＜錠剤＞,大正製薬,胃腸薬,0,大正漢方胃腸薬アクティブ錠剤,4987306009776,大正漢方胃腸薬【錠剤】 ２２０錠 大正製薬 【第2類医薬品】,https://www.matsukiyococokara-online.com/store/media/catalog/product/4/9/4987306009776_01_da0c5f2f5c00eac9bf18b476a26d6251.jpg,https://images.yutok.dev/otc/大正漢方胃腸薬アクティブ錠剤.webp,uploaded,query=大正漢方胃腸薬アクティブ＜錠剤＞ 大正
大正漢方胃腸薬アクティブ＜微粒＞,大正製薬,胃腸薬,0,大正漢方胃腸薬アクティブ微粒,,,,,not_found,matsukiyo search: no match
胃腸薬エースプラス,ダイト,胃腸薬,0,胃腸薬エースプラス,,,,,not_found,matsukiyo search: no match
