成分A,成分B,相互作用レベル,説明,出典,pmda_updated_at,interaction_id
アスピリン,イブプロフェン,高,出血リスク増加・胃腸障害の悪化,,,
イブプロフェン,ワーファリン,高,出血リスクの大幅増加,,,
イブプロフェン,リチウム,中,リチウム中毒のリスク増加,,,
アセトアミノフェン,ワーファリン,中,出血リスクの軽度増加,,,
アセトアミノフェン,アルコール,中,肝障害のリスク増加,,,
アスピリン,ワーファリン,高,出血リスクの大幅増加,,,
アスピリン,メトトレキサート,高,メトトレキサート中毒のリスク増加,,,
ACE阻害薬,アスピリン,中,腎機能障害のリスク増加,,,
ロキソプロフェン,ワーファリン,高,出血リスクの大幅増加,,,
リチウム,ロキソプロフェン,中,リチウム中毒のリスク増加,,,
ジクロフェナク,ワーファリン,高,出血リスクの大幅増加,,,
ジクロフェナク,リチウム,中,リチウム中毒のリスク増加,,,
エフェドリン,カフェイン,中,動悸・不眠・血圧上昇の増強,,,
カフェイン,リチウム,低,リチウムの効果減弱,,,
MAO阻害薬,エフェドリン,高,重篤な血圧上昇・不整脈のリスク,,,
エフェドリン,ベータ遮断薬,中,血圧上昇・心拍数の変動,,,
エフェドリン,ジゴキシン,中,ジゴキシン中毒のリスク増加,,,
MAO阻害薬,プソイドエフェドリン,高,重篤な血圧上昇・不整脈のリスク,,,
プソイドエフェドリン,ベータ遮断薬,中,血圧上昇・心拍数の変動,,,
ジゴキシン,プソイドエフェドリン,中,ジゴキシン中毒のリスク増加,,,
アルコール,クロルフェニラミン,中,眠気・注意力低下の増強,,,
クロルフェニラミン,ベンゾジアゼピン,中,眠気・注意力低下の増強,,,
オピオイド,クロルフェニラミン,中,呼吸抑制のリスク増加,,,
アルコール,ジフェンヒドラミン,中,眠気・注意力低下の増強,,,
ジフェンヒドラミン,ベンゾジアゼピン,中,眠気・注意力低下の増強,,,
オピオイド,ジフェンヒドラミン,中,呼吸抑制のリスク増加,,,
ケトコナゾール,ロラタジン,中,ロラタジンの血中濃度上昇,,,
ケトコナゾール,セチリジン,中,セチリジンの血中濃度上昇,,,
アルコール,フマル酸ケトチフェン,低,眠気の軽度増強,,,
アルコール,オキサトミド,低,眠気の軽度増強,,,
ベクロメタゾン,ワーファリン,低,出血リスクの軽度増加,,,
フルチカゾン,ワーファリン,低,出血リスクの軽度増加,,,
モメタゾン,ワーファリン,低,出血リスクの軽度増加,,,
MAO阻害薬,オキシメタゾリン,中,血圧上昇のリスク増加,,,
オキシメタゾリン,ベータ遮断薬,低,血圧上昇の軽度リスク,,,
MAO阻害薬,ナファゾリン,中,血圧上昇のリスク増加,,,
ナファゾリン,ベータ遮断薬,低,血圧上昇の軽度リスク,,,
MAO阻害薬,テトラヒドロゾリン,中,血圧上昇のリスク増加,,,
テトラヒドロゾリン,ベータ遮断薬,低,血圧上昇の軽度リスク,,,
MAO阻害薬,トラマドール,高,重篤な副作用・セロトニン症候群のリスク,,,
SSRI,トラマドール,高,セロトニン症候群のリスク増加,,,
SNRI,トラマドール,高,セロトニン症候群のリスク増加,,,
MAO阻害薬,コデイン,高,重篤な副作用・セロトニン症候群のリスク,,,
SSRI,コデイン,高,セロトニン症候群のリスク増加,,,
SNRI,コデイン,高,セロトニン症候群のリスク増加,,,
MAO阻害薬,ジヒドロコデイン,高,重篤な副作用・セロトニン症候群のリスク,,,
SSRI,ジヒドロコデイン,高,セロトニン症候群のリスク増加,,,
SNRI,ジヒドロコデイン,高,セロトニン症候群のリスク増加,,,
MAO阻害薬,デキストロメトルファン,高,重篤な副作用・セロトニン症候群のリスク,,,
SSRI,デキストロメトルファン,中,セロトニン症候群のリスク増加,,,
SNRI,デキストロメトルファン,中,セロトニン症候群のリスク増加,,,
グアイフェネシン,ワーファリン,低,出血リスクの軽度増加,,,
ブロムヘキシン,ワーファリン,低,出血リスクの軽度増加,,,
アンブロキソール,ワーファリン,低,出血リスクの軽度増加,,,
カルボシステイン,ワーファリン,低,出血リスクの軽度増加,,,
アセチルシステイン,ワーファリン,低,出血リスクの軽度増加,,,
MAO阻害薬,メチルエフェドリン,高,重篤な血圧上昇・不整脈のリスク,,,
ベータ遮断薬,メチルエフェドリン,中,血圧上昇・心拍数の変動,,,
ジゴキシン,メチルエフェドリン,中,ジゴキシン中毒のリスク増加,,,
MAO阻害薬,フェニレフリン,高,重篤な血圧上昇・不整脈のリスク,,,
フェニレフリン,ベータ遮断薬,中,血圧上昇・心拍数の変動,,,
ジゴキシン,フェニレフリン,中,ジゴキシン中毒のリスク増加,,,
アルコール,マレイン酸クロルフェニラミン,中,眠気・注意力低下の増強,,,
アルコール,マレイン酸カルビノキサミン,中,眠気・注意力低下の増強,,,
アルコール,フマル酸クレマスチン,中,眠気・注意力低下の増強,,,
アルコール,塩酸プロメタジン,高,重篤な眠気・呼吸抑制のリスク,,,
ベンゾジアゼピン,塩酸プロメタジン,高,重篤な眠気・呼吸抑制のリスク,,,
オピオイド,塩酸プロメタジン,高,重篤な呼吸抑制のリスク,,,
MAO阻害薬,塩酸トリメトキノール,中,血圧上昇のリスク増加,,,
MAO阻害薬,塩酸メトキシフェナミン,中,血圧上昇のリスク増加,,,
MAO阻害薬,塩酸メチルエフェドリン,高,重篤な血圧上昇・不整脈のリスク,,,
ベンゾジアゼピン,硫酸アトロピン,中,眠気・注意力低下の増強,,,
オピオイド,硫酸アトロピン,中,便秘・排尿困難の増強,,,
ベンゾジアゼピン,臭化ブチルスコポラミン,低,眠気の軽度増強,,,
オピオイド,臭化ブチルスコポラミン,低,便秘の軽度増強,,,
アルコール,塩酸パパベリン,低,眠気の軽度増強,,,
アルコール,塩酸ジフェンヒドラミン,中,眠気・注意力低下の増強,,,
アスピリン,セトラキサート塩酸塩,中,攻撃因子の両面に作用することにより胃粘膜病変を治癒させる薬剤である。 18.2 各種実験胃粘膜病変に対する作用 幽門部結紮 2) 、ストレス、エチルアルコール、アスピリン 2) 、インドメタシン、フェニルブタゾン 2) 、セロトニン、セロトニン・タウロコール酸塩(胆汁酸塩)等によるラット実験急性胃炎・胃潰瘍、発癌剤MNNGによるラット実験急・慢性胃炎、酢酸、クランピング・コルチゾン等のラット実験慢性潰瘍で予防・治癒効果が認められている。 18.3 胃粘膜微小循環の改善作用 ラ,PMDA iyakuSearch,,
アスピリン,水酸化マグネシウム,中,"瘍患者において、潰瘍部位への付着が観察された 11) , 12) 。 18.4 抗胃粘膜病変・抗潰瘍作用 ラットにおける塩酸-エタノール、エタノール、幽門結紮-アスピリン等の壊死性物質及びストレス(水浸拘束)による胃粘膜病変、潰瘍に対して抗胃粘膜病変、抗潰瘍作用が認められた 13) , 14) , 15) 。 18.5 生物学的同等性試験 18.5.1 制酸作用 マックメット懸濁用配合DSとマーロックス(液剤)の制酸作用について、日局一般試験法「制酸力試験法」に基づく試験によ",PMDA iyakuSearch,,
ジゴキシン,水酸化マグネシウム,中,剤の効果を減弱させることがあるので、同時に服用させないなど慎重に投与すること。 キレートを形成し、これらの薬剤の吸収が阻害されると考えられる。 ジギタリス製剤 ジゴキシン等 これらの併用薬剤の効果を減弱させることがあるので、同時に服用させないなど慎重に投与すること。 消化管内で本剤と吸着することにより、これらの薬剤の吸収が阻害されると考えられる。 甲状腺ホルモン剤 レボチロキシンナトリウム水和物等 これらの併用薬剤の効果を減弱させることがあるので、同時に服用させないなど慎重に,PMDA iyakuSearch,,
アスピリン,沈降炭酸カルシウム,中,1 ) カンゾウを配合するため、長期連用により発現することがある。 14. 適用上の注意 14.1 薬剤調製時の注意 本剤は炭酸水素ナトリウムを含有するため、アスピリン、グルクロノラクトン、アスコルビン酸、イソニアジド、アスパラギン酸塩、ヒドララジン塩酸塩等と配合しないこと。配合した場合、湿潤、色調に変化を起こすことがある。 18. 薬効薬理 18.1 作用機序 18.1.1 炭酸水素ナトリウム、炭酸マグネシウム、沈降炭酸カルシウム 炭酸水素ナトリウムは速効性の制酸作用を示,PMDA iyakuSearch,,
アスピリン,ニガキ末,中,1 ) カンゾウを配合するため、長期連用により発現することがある。 14. 適用上の注意 14.1 薬剤調製時の注意 本剤は炭酸水素ナトリウムを含有するため、アスピリン、グルクロノラクトン、アスコルビン酸、イソニアジド、アスパラギン酸塩、ヒドララジン塩酸塩等と配合しないこと。配合した場合、湿潤、色調に変化を起こすことがある。 18. 薬効薬理 18.1 作用機序 18.1.1 炭酸水素ナトリウム、炭酸マグネシウム、沈降炭酸カルシウム 炭酸水素ナトリウムは速効性の制酸作用を示,PMDA iyakuSearch,,
ワーファリン,炭酸マグネシウム,高,"泄促進剤 プロベネシド ベンズブロマロン 尿酸排泄促進剤の尿酸排泄作用を減弱させる。 本剤が尿酸排泄促進剤の尿酸排泄に拮抗する。 抗凝固剤 クマリン系抗凝固剤 ワルファリンカリウム , クマリン系抗凝固剤の作用を増強し、出血時間の延長、消化管出血等を起こすことがあるので、クマリン系抗凝固剤を減量するなど、慎重に投与すること。 本剤は血漿蛋白に結合したクマリン系抗凝固剤と置換し、遊離させる。また、本剤は血小板凝集抑制作用、消化管刺激による出血作用を有する。 抗凝固剤 血液凝固阻",PMDA iyakuSearch,,
リチウム,炭酸マグネシウム,中,ることがある。 本剤(高用量投与時)は血漿蛋白に結合したメトトレキサートと置換し、遊離させる。また、本剤はメトトレキサートの腎排泄を阻害すると考えられている。 リチウム製剤 血中リチウム濃度を上昇させ、リチウム中毒を起こすおそれがある。 本剤の腎におけるプロスタグランジン生合成抑制作用により、リチウムの腎排泄が減少し、血中濃度が上昇するためと考えられる。 チアジド系利尿剤 利尿・降圧作用を減弱するおそれがある。 本剤の腎におけるプロスタグランジン生合成抑制作用により、水・ナト,PMDA iyakuSearch,,
メトトレキサート,炭酸マグネシウム,中,血糖降下作用をもつ。また、血漿蛋白と結合したスルホニル尿素系血糖降下剤(トルブタミド等)と置換し、遊離のスルホニル尿素系血糖降下剤が増加すると考えられている。 メトトレキサート メトトレキサートの副作用(骨髄抑制、肝・腎・消化管障害等)が増強されることがある。 本剤(高用量投与時)は血漿蛋白に結合したメトトレキサートと置換し、遊離させる。また、本剤はメトトレキサートの腎排泄を阻害すると考えられている。 リチウム製剤 血中リチウム濃度を上昇させ、リチウム中毒を起こすおそれがある,PMDA iyakuSearch,,
アスピリン,炭酸マグネシウム,中,"うA81 承認番号等 承認番号 22100AMX01376000 販売開始年月 2009年9月 貯法・有効期間 貯法 室温保存 有効期間 3.5年 一般的名称 アスピリン/アルミニウム グリシネート/炭酸マグネシウム 2. 禁忌(次の患者には投与しないこと) 2.1 本剤及び本剤の成分又はサリチル酸系製剤に対し過敏症の既往歴のある患者 2.2 消化性潰瘍のある患者[胃出血の発現又は消化性潰瘍が悪化するおそれがある。] , 2.3 出血傾向のある患者[出血を増強するおそれがある",PMDA iyakuSearch,,
シクロスポリン,炭酸マグネシウム,中,合成を抑制し、β-遮断剤の降圧作用に拮抗する。 ドネペジル塩酸塩 消化性潰瘍を起こすことがある。 コリン系が賦活され胃酸分泌が促進される。 タクロリムス水和物 シクロスポリン 腎障害が発現することがある。 腎障害の副作用が相互に増強されると考えられる。 ザフィルルカスト ザフィルルカストの血漿中濃度が上昇することがある。 機序は不明である。 プロスタグランジンD 2 、トロンボキサンA 2 受容体拮抗剤(セラトロダスト、ラマトロバン) ヒト血漿蛋白結合に対する相互作用の検討(,PMDA iyakuSearch,,
フェニトイン,炭酸マグネシウム,中,バルプロ酸ナトリウム バルプロ酸ナトリウムの作用を増強し、振戦等を起こすことがある。 アスピリンは血漿蛋白に結合したバルプロ酸ナトリウムと置換し、遊離させる。 フェニトイン 総フェニトイン濃度を低下させるが、非結合型フェニトイン濃度を低下させないとの報告があるので、総フェニトイン濃度に基づいて増量する際には臨床症状等を慎重に観察すること。 本剤(高用量投与時)は血漿蛋白に結合したフェニトインと置換し、遊離させる。 アセタゾラミド アセタゾラミドの副作用を増強し、嗜眠、錯乱等の,PMDA iyakuSearch,,
SSRI,炭酸マグネシウム,中,"薬剤の非結合型分率が上昇することがある。 これら薬剤が本剤と血漿蛋白結合部位で置換し、遊離型血中濃度が上昇すると考えられる。 選択的セロトニン再取り込み阻害剤(SSRI) フルボキサミンマレイン酸塩 塩酸セルトラリン等 , 皮膚の異常出血(斑状出血、紫斑等)、出血症状(胃腸出血等)が報告されている。 SSRIの投与により血小板凝集が阻害され、本剤との併用により出血傾向が増強すると考えられる。 アルコール , 消化管出血が増強されるおそれがある。 アルコールによる胃粘膜障害と本",PMDA iyakuSearch,,
クマリン系抗凝血薬,炭酸マグネシウム,中,"序・危険因子 尿酸排泄促進剤 プロベネシド ベンズブロマロン 尿酸排泄促進剤の尿酸排泄作用を減弱させる。 本剤が尿酸排泄促進剤の尿酸排泄に拮抗する。 抗凝固剤 クマリン系抗凝固剤 ワルファリンカリウム , クマリン系抗凝固剤の作用を増強し、出血時間の延長、消化管出血等を起こすことがあるので、クマリン系抗凝固剤を減量するなど、慎重に投与すること。 本剤は血漿蛋白に結合したクマリン系抗凝固剤と置換し、遊離させる。また、本剤は血小板凝集抑制作用、消化管刺激による出血作用を有する。",PMDA iyakuSearch,,
タクロリムス,炭酸マグネシウム,中,プロスタグランジン生合成を抑制し、β-遮断剤の降圧作用に拮抗する。 ドネペジル塩酸塩 消化性潰瘍を起こすことがある。 コリン系が賦活され胃酸分泌が促進される。 タクロリムス水和物 シクロスポリン 腎障害が発現することがある。 腎障害の副作用が相互に増強されると考えられる。 ザフィルルカスト ザフィルルカストの血漿中濃度が上昇することがある。 機序は不明である。 プロスタグランジンD 2 、トロンボキサンA 2 受容体拮抗剤(セラトロダスト、ラマトロバン) ヒト血漿蛋白結合に対,PMDA iyakuSearch,,
アスピリン,ジアスメン,中,1 ) カンゾウを配合するため、長期連用により発現することがある。 14. 適用上の注意 14.1 薬剤調製時の注意 本剤は炭酸水素ナトリウムを含有するため、アスピリン、グルクロノラクトン、アスコルビン酸、イソニアジド、アスパラギン酸塩、ヒドララジン塩酸塩等と配合しないこと。配合した場合、湿潤、色調に変化を起こすことがある。 18. 薬効薬理 18.1 作用機序 18.1.1 炭酸水素ナトリウム、炭酸マグネシウム、沈降炭酸カルシウム 炭酸水素ナトリウムは速効性の制酸作用を示,PMDA iyakuSearch,,
アスピリン,ウイキョウ末,中,1 ) カンゾウを配合するため、長期連用により発現することがある。 14. 適用上の注意 14.1 薬剤調製時の注意 本剤は炭酸水素ナトリウムを含有するため、アスピリン、グルクロノラクトン、アスコルビン酸、イソニアジド、アスパラギン酸塩、ヒドララジン塩酸塩等と配合しないこと。配合した場合、湿潤、色調に変化を起こすことがある。 18. 薬効薬理 18.1 作用機序 18.1.1 炭酸水素ナトリウム、炭酸マグネシウム、沈降炭酸カルシウム 炭酸水素ナトリウムは速効性の制酸作用を示,PMDA iyakuSearch,,
アスピリン,メチルメチオニンスルホニウムクロリド,高,解を防止(β-グルクロニダーゼ活性及びN-アセチル-β-グルコサミニダーゼ活性の抑制)する(ラット)。 18.2.2 実験潰瘍(エタノール、塩酸エタノール、塩酸アスピリン)における胃粘膜損傷を抑制する。インドメタシン前処理ではこれらの作用は低下する 2) (ラット)。 18.2.3 実験潰瘍(エタノール)に対して胃粘膜表層部の粘液糖蛋白量を増加・保持させる 3) (ラット)。 18.2.4 胃切除後の残胃粘膜の変性防止を認め、上皮の再生、粘液分泌を認める 4) (イヌ)。 1,PMDA iyakuSearch,,
ジゴキシン,メチルメチオニンスルホニウムクロリド,高,の吸収が阻害されると考えられる。 甲状腺ホルモン剤 レボチロキシンナトリウム水和物等 胆汁酸製剤 ウルソデオキシコール酸 ケノデオキシコール酸 ジギタリス製剤 ジゴキシン等 ジフルニサル これらの併用薬剤の効果を減弱させることがあるので、同時に服用させないなど慎重に投与すること。 消化管内で本剤と吸着することにより、これらの薬剤の吸収が阻害されると考えられている。 鉄剤 硫酸鉄水和物 フマル酸第一鉄等 これらの併用薬剤の効果を減弱させることがあるので、同時に服用させないなど慎,PMDA iyakuSearch,,
フェニトイン,水酸化アルミニウム,中,イクリン、ミノサイクリン等) ニューキノロン系抗菌剤 (シプロフロキサシン、トスフロキサシン等) イソニアジド ジギタリス製剤 (ジゴキシン、ジギトキシン等) フェニトイン フェノチアジン誘導体 (プロメタジン、アリメマジン等) β&minus;遮断剤 (プロプラノロール、ピンドロール等) 非ステロイド系解熱消炎鎮痛剤等 同時に服用することにより、これら併用薬剤の吸収を遅延又は阻害するおそれがある。 この作用は薬剤の服用時間をずらすことにより、弱まるとの報告がある。 本剤が併,PMDA iyakuSearch,,
ジゴキシン,水酸化アルミニウム,中,イクリン系抗生物質 (テトラサイクリン、ミノサイクリン等) ニューキノロン系抗菌剤 (シプロフロキサシン、トスフロキサシン等) イソニアジド ジギタリス製剤 (ジゴキシン、ジギトキシン等) フェニトイン フェノチアジン誘導体 (プロメタジン、アリメマジン等) β&minus;遮断剤 (プロプラノロール、ピンドロール等) 非ステロイド系解熱消炎鎮痛剤等 同時に服用することにより、これら併用薬剤の吸収を遅延又は阻害するおそれがある。 この作用は薬剤の服用時間をずらすことにより、弱,PMDA iyakuSearch,,
フェニトイン,乾燥水酸化アルミニウムゲル,中,イクリン、ミノサイクリン等) ニューキノロン系抗菌剤 (シプロフロキサシン、トスフロキサシン等) イソニアジド ジギタリス製剤 (ジゴキシン、ジギトキシン等) フェニトイン フェノチアジン誘導体 (プロメタジン、アリメマジン等) β&minus;遮断剤 (プロプラノロール、ピンドロール等) 非ステロイド系解熱消炎鎮痛剤等 同時に服用することにより、これら併用薬剤の吸収を遅延又は阻害するおそれがある。 この作用は薬剤の服用時間をずらすことにより、弱まるとの報告がある。 本剤が併,PMDA iyakuSearch,,
ジゴキシン,乾燥水酸化アルミニウムゲル,中,イクリン系抗生物質 (テトラサイクリン、ミノサイクリン等) ニューキノロン系抗菌剤 (シプロフロキサシン、トスフロキサシン等) イソニアジド ジギタリス製剤 (ジゴキシン、ジギトキシン等) フェニトイン フェノチアジン誘導体 (プロメタジン、アリメマジン等) β&minus;遮断剤 (プロプラノロール、ピンドロール等) 非ステロイド系解熱消炎鎮痛剤等 同時に服用することにより、これら併用薬剤の吸収を遅延又は阻害するおそれがある。 この作用は薬剤の服用時間をずらすことにより、弱,PMDA iyakuSearch,,
アスピリン,アルジオキサ,中,膜微小血管新生・血流改善作用 酢酸潰瘍において潰瘍部周辺の粘膜下血管及び漿膜面からの放射状血管を新生させ、早期に血管構築を完成させた(ラット) 11) 。また、アスピリンによる胃粘膜血流低下に対し抑制作用を示した(ラット) 12) 。 18.2.3 粘液合成分泌促進作用 酢酸潰瘍における組織化学的検討から、再生上皮及び潰瘍底肉芽組織の酸性ムコ多糖体を増加させた(ラット) 7) 。また、アスピリンにより惹起された胃粘膜中のヘキソサミンの減少を用量依存的に抑制し、同時に胃液中への,PMDA iyakuSearch,,
アズレンスルホン酸ナトリウム,ワーファリン,高,.0ESの承認されている用法及び用量は「通常成人1日3錠を3回に分割経口投与する。」である。 16.4 代謝 本剤はプロプラノロール、イミプラミン、ジアゼパム、ワルファリン基質としてチトクロームP450への影響を調べた結果、チトクロームP450へ影響を及ぼさなかった 2) ( in vitro )。 17. 臨床成績 17.1 有効性及び安全性に関する試験 17.1.1 国内第III相試験(二重盲検比較試験) 本剤は、アズレンスルホン酸ナトリウム水和物、L-グルタミンの単独投,PMDA iyakuSearch,,
アスピリン,アズレンスルホン酸ナトリウム,中,"18.2.1 胃粘膜損傷モデルに対する抑制作用 ラットを用いた各種胃粘膜損傷物質(タウロコール酸-塩酸、タウロコール酸-セロトニン、無水エタノール、アンモニア、アスピリン、インドメタシン及びジクロフェナク等)による胃粘膜障害を抑制する 7) , 12) , 13) , 14) 。 18.2.2 潰瘍治癒促進作用 ラットを用いた酢酸による胃・十二指腸の潰瘍モデルにおいて、アズレンスルホン酸ナトリウム水和物+L-グルタミンの併用投与群は、アズレンスルホン酸ナトリウム水和物、L-グ",PMDA iyakuSearch,,
アスピリン,スクラルファート水和物,中,ァート水和物は、正常胃粘膜部位に比較して胃及び十二指腸潰瘍部位に選択的に結合し、かつ保護層を形成することによって治癒を促進させた 4) 。同様に、エタノール及びアスピリン胃炎ラットにおいても 14 C-スクラルファート水和物の胃炎病巣への選択的結合・付着が確かめられた 5) 。消化性潰瘍及び胃炎患者に本剤を経口投与した際にも、本剤が潰瘍部位ないし胃炎病巣へ強固に結合していることが確認されており、本剤は炎症部位ないし潰瘍底の白苔中の蛋白成分と強力に結合し、保護層を形成することに,PMDA iyakuSearch,,
スクラルファート水和物,テオフィリン,中,阻害することがある。これらの作用は薬剤の服用時間をずらすことにより、弱まると考えられる。 消化管内で本剤と吸着することにより、これらの薬剤の吸収が阻害される。 テオフィリン徐放性製剤 同時に服用することにより、テオフィリン徐放性製剤のAUCが低下するおそれがある。 本剤がテオフィリン徐放性製剤の吸収を阻害するとの報告がある。 キニジン 等 制酸剤(乾燥水酸化アルミニウムゲル等)の投与により、併用薬剤の排泄が遅延することが知られている。 制酸剤による尿のpH上昇による。 11.,PMDA iyakuSearch,,
スクラルファート水和物,フェニトイン,中,とにより、弱まるとの報告がある。 アルミニウムイオンと併用薬剤が不溶性のキレートを形成し、消化管からの吸収を遅延又は阻害する。 ジギタリス製剤 ジゴキシン 等 フェニトイン テトラサイクリン系抗生物質 スルピリド 等 同時に服用することにより、これら併用薬剤の吸収を遅延又は阻害するおそれがある。この作用は薬剤の服用時間をずらすことにより、弱まるとの報告がある。 本剤が併用薬剤を吸着し、消化管からの吸収を遅延又は阻害する。 甲状腺ホルモン剤 レボチロキシンナトリウム水和物 等,PMDA iyakuSearch,,
ジゴキシン,スクラルファート水和物,中,上前に服用することにより、弱まるとの報告がある。 アルミニウムイオンと併用薬剤が不溶性のキレートを形成し、消化管からの吸収を遅延又は阻害する。 ジギタリス製剤 ジゴキシン 等 フェニトイン テトラサイクリン系抗生物質 スルピリド 等 同時に服用することにより、これら併用薬剤の吸収を遅延又は阻害するおそれがある。この作用は薬剤の服用時間をずらすことにより、弱まるとの報告がある。 本剤が併用薬剤を吸着し、消化管からの吸収を遅延又は阻害する。 甲状腺ホルモン剤 レボチロキシンナトリ,PMDA iyakuSearch,,
L−グルタミン,ワーファリン,高,.0ESの承認されている用法及び用量は「通常成人1日3錠を3回に分割経口投与する。」である。 16.4 代謝 本剤はプロプラノロール、イミプラミン、ジアゼパム、ワルファリン基質としてチトクロームP450への影響を調べた結果、チトクロームP450へ影響を及ぼさなかった 2) ( in vitro )。 17. 臨床成績 17.1 有効性及び安全性に関する試験 17.1.1 国内第III相試験(二重盲検比較試験) 本剤は、アズレンスルホン酸ナトリウム水和物、L-グルタミンの単独投,PMDA iyakuSearch,,
L−グルタミン,アスピリン,中,"18.2.1 胃粘膜損傷モデルに対する抑制作用 ラットを用いた各種胃粘膜損傷物質(タウロコール酸-塩酸、タウロコール酸-セロトニン、無水エタノール、アンモニア、アスピリン、インドメタシン及びジクロフェナク等)による胃粘膜障害を抑制する 7) , 12) , 13) , 14) 。 18.2.2 潰瘍治癒促進作用 ラットを用いた酢酸による胃・十二指腸の潰瘍モデルにおいて、アズレンスルホン酸ナトリウム水和物+L-グルタミンの併用投与群は、アズレンスルホン酸ナトリウム水和物、L-グ",PMDA iyakuSearch,,
アスピリン,ピレンゼピン塩酸塩水和物,中,"トレス負荷時、レセルピン投与時の胃粘液産生減少を抑制する(ラット) 20) 。 18.6 各種実験潰瘍に対する効果 18.6.1 シェイ、ストレス、レセルピン、アスピリン、インドメタシン、ヒスタミン及びシステアミン等の急性潰瘍に対して抗潰瘍作用を示す(ラット、モルモット、ミニブタ) 14) , 15) , 21) , 22) , 23) 。 18.6.2 熱灼潰瘍と熱灼&minus;コーチゾン潰瘍等の慢性潰瘍、さらに抗コリン剤では無効とされている酢酸潰瘍に対しても、治癒促進効",PMDA iyakuSearch,,
コンドロイチン硫酸エステルナトリウム,ワーファリン,高,肢冷却等があらわれることがある。 10. 相互作用 10.2 併用注意(併用に注意すること) 薬剤名等 臨床症状・措置方法 機序・危険因子 クマリン系抗凝血剤 ワルファリン クマリン系抗凝血剤の作用を増強し、出血時間の延長、消化管出血等を起こすことがあるので、クマリン系抗凝血剤を減量するなど慎重に投与すること。 本剤は、血漿蛋白に結合したクマリン系抗凝血剤と置換し、遊離させる。また、本剤は血小板凝集抑制作用による出血作用を有する。 糖尿病用剤 インスリン製剤 トルブタミド 等,PMDA iyakuSearch,,
アスピリン,コンドロイチン硫酸エステルナトリウム,中,と 一般的名称 サリチル酸ナトリウム・コンドロイチン硫酸エステルナトリウム注射液 2. 禁忌(次の患者には投与しないこと) 2.1 本剤又はサリチル酸系化合物(アスピリン等)、コンドロイチン硫酸に対し過敏症の既往歴のある患者 2.2 妊婦又は妊娠している可能性のある女性 3. 組成・性状 3.1 組成 ザルチロン注 有効成分 1管(10mL)中&nbsp;&nbsp; 日局 サリチル酸ナトリウム&hellip;&nbsp;&nbsp; 400mg コンドロイチン硫酸エステルナ,PMDA iyakuSearch,,
インスリン,コンドロイチン硫酸エステルナトリウム,中,など慎重に投与すること。 本剤は、血漿蛋白に結合したクマリン系抗凝血剤と置換し、遊離させる。また、本剤は血小板凝集抑制作用による出血作用を有する。 糖尿病用剤 インスリン製剤 トルブタミド 等 糖尿病用剤の作用を増強し、低血糖を起こすことがあるので、糖尿病用剤を減量するなど慎重に投与すること。 本剤は、血漿蛋白に結合した糖尿病用剤と置換し、遊離させる。 11. 副作用 次の副作用があらわれることがあるので、観察を十分に行い、異常が認められた場合には投与を中止し、適切な処置を行,PMDA iyakuSearch,,
クマリン系抗凝血薬,コンドロイチン硫酸エステルナトリウム,中,の体温下降、虚脱、四肢冷却等があらわれることがある。 10. 相互作用 10.2 併用注意(併用に注意すること) 薬剤名等 臨床症状・措置方法 機序・危険因子 クマリン系抗凝血剤 ワルファリン クマリン系抗凝血剤の作用を増強し、出血時間の延長、消化管出血等を起こすことがあるので、クマリン系抗凝血剤を減量するなど慎重に投与すること。 本剤は、血漿蛋白に結合したクマリン系抗凝血剤と置換し、遊離させる。また、本剤は血小板凝集抑制作用による出血作用を有する。 糖尿病用剤 インスリン製,PMDA iyakuSearch,,
エテンザミド,ワーファリン,高,ること。副作用があらわれやすい。 10. 相互作用 10.2 併用注意(併用に注意すること) 薬剤名等 臨床症状・措置方法 機序・危険因子 クマリン系抗凝血剤 ワルファリン クマリン系抗凝血剤(ワルファリン) の作用を増強するおそれがあるので、用量を調節するなど注意すること。 本剤は血漿蛋白に結合したクマリン系抗凝血剤と置換し、遊離させる。 リチウム製剤 血中リチウム濃度を上昇させ、リチウム中毒を起こすおそれがあるので血中のリチウム濃度に注意し、必要があれば減量すること。 本,PMDA iyakuSearch,,
エテンザミド,リチウム,中,抗凝血剤(ワルファリン) の作用を増強するおそれがあるので、用量を調節するなど注意すること。 本剤は血漿蛋白に結合したクマリン系抗凝血剤と置換し、遊離させる。 リチウム製剤 血中リチウム濃度を上昇させ、リチウム中毒を起こすおそれがあるので血中のリチウム濃度に注意し、必要があれば減量すること。 本剤は腎のプロスタグランジン生合成を抑制し、腎血流量を減少させることにより、リチウムの腎排泄を低下させる。 チアジド系利尿剤 チアジド系利尿剤の作用を減弱するおそれがある。 本剤は腎のプ,PMDA iyakuSearch,,
アスピリン,エテンザミド,中,重篤な肝機能障害のある患者 2.4 重篤な腎機能障害のある患者 2.5 重篤な心機能不全のある患者 2.6 本剤の成分に対し過敏症の既往歴のある患者 2.7 アスピリン喘息(非ステロイド性消炎鎮痛剤等による喘息発作の誘発)又はその既往歴のある患者[喘息発作を誘発するおそれがある。] 3. 組成・性状 3.1 組成 エテンザミド「ヨシダ」 有効成分 1g 中 日局エテンザミド 1g&nbsp;&nbsp; 3.2 製剤の性状 エテンザミド「ヨシダ」 性状 白色の結晶又は結晶性,PMDA iyakuSearch,,
エテンザミド,クマリン系抗凝血薬,中,しながら慎重に投与すること。副作用があらわれやすい。 10. 相互作用 10.2 併用注意(併用に注意すること) 薬剤名等 臨床症状・措置方法 機序・危険因子 クマリン系抗凝血剤 ワルファリン クマリン系抗凝血剤(ワルファリン) の作用を増強するおそれがあるので、用量を調節するなど注意すること。 本剤は血漿蛋白に結合したクマリン系抗凝血剤と置換し、遊離させる。 リチウム製剤 血中リチウム濃度を上昇させ、リチウム中毒を起こすおそれがあるので血中のリチウム濃度に注意し、必要があれ,PMDA iyakuSearch,,
アスピリン,アリルイソプロピルアセチル尿素,中,"者には投与しないこと) 2.1 本剤、ピラゾロン系薬剤(スルピリン等)又はアミノフェノール系薬剤(アセトアミノフェン等)に対し過敏症の既往歴のある患者 2.2 アスピリン喘息(非ステロイド性消炎鎮痛剤等による喘息発作の誘発)又はその既往歴のある患者[喘息発作を誘発することがある。] 2.3 重篤な肝障害のある患者 , , , , , , 3. 組成・性状 3.1 組成 SG配合顆粒 1g中 有効成分 イソプロピルアンチピリン&nbsp;&nbsp; 150mg アセトアミノフ",PMDA iyakuSearch,,
フルコナゾール,無水カフェイン,高,質(エリスロマイシン、ジョサマイシン、クラリスロマイシン、ロキシスロマイシン)、アゾール系抗真菌薬(イトラコナゾール、ミコナゾール(経口剤、注射剤、口腔用剤)、フルコナゾール、ホスフルコナゾール、ボリコナゾール、ポサコナゾール)、レテルモビル、エンシトレルビル、レナカパビル、ロナファルニブ、セリチニブ、5-HT 1B/1D 受容体作動薬(スマトリプタン、ゾルミトリプタン、エレトリプタン、リザトリプタン、ナラトリプタン)、麦角アルカロイド(エルゴメトリン、メチルエルゴメトリン),PMDA iyakuSearch,,
ブロモバレリル尿素,ワーファリン,高,-遮断剤(アルプレノロール、プロプラノロール等) 呼吸抑制、低血圧及び顕著な鎮静又は昏睡が起こるおそれがある。 相加的に作用を増強させる。 クマリン系抗凝血剤(ワルファリン) クマリン系抗凝血剤の作用を増強することがあるので、減量するなど慎重に投与すること。 ジヒドロコデインリン酸塩が作用を増強させるが、その作用機序は不明である。 クマリン系抗凝血剤(ワルファリン) クマリン系抗凝血剤の作用を増強することがあるので、減量するなど慎重に投与すること。 アセトアミノフェンが血漿蛋,PMDA iyakuSearch,,
アスピリン,ブロモバレリル尿素,高,1.17 18歳未満の肥満、閉塞性睡眠時無呼吸症候群又は重篤な肺疾患を有する患者 投与しないこと。重篤な呼吸抑制のリスクが増加するおそれがある。 9.1.18 アスピリン喘息(非ステロイド性消炎鎮痛剤による喘息発作の誘発)又はその既往歴のある患者 アスピリン喘息の発症にプロスタグランジン合成阻害作用が関与していると考えられ、症状が悪化又は再発を促すおそれがある。 9.2 腎機能障害患者 9.2.1 腎機能障害又はその既往歴のある患者 投与量の減量、投与間隔の延長を考慮すること,PMDA iyakuSearch,,
テオフィリン,ブロモバレリル尿素,高,メチルエフェドリン塩酸塩による交感神経刺激作用が増強される。 甲状腺ホルモンがメチルエフェドリン塩酸塩の感受性を増大させると考えられている。 キサンチン系薬剤(テオフィリン、アミノフィリン、コリンテオフィリン、カフェイン等) 中枢神経興奮剤(マオウ等) 過度の中枢神経刺激作用があらわれることがある。 中枢神経刺激作用を増強させる。 11. 副作用 次の副作用があらわれることがあるので、観察を十分に行い、異常が認められた場合には投与を中止するなど適切な処置を行うこと。 11.1,PMDA iyakuSearch,,
クマリン系抗凝血薬,ブロモバレリル尿素,高,ラミン塩酸塩等) β-遮断剤(アルプレノロール、プロプラノロール等) 呼吸抑制、低血圧及び顕著な鎮静又は昏睡が起こるおそれがある。 相加的に作用を増強させる。 クマリン系抗凝血剤(ワルファリン) クマリン系抗凝血剤の作用を増強することがあるので、減量するなど慎重に投与すること。 ジヒドロコデインリン酸塩が作用を増強させるが、その作用機序は不明である。 クマリン系抗凝血剤(ワルファリン) クマリン系抗凝血剤の作用を増強することがあるので、減量するなど慎重に投与すること。 アセト,PMDA iyakuSearch,,
アスピリンアルミニウム,ワーファリン,高,"泄促進剤 プロベネシド ベンズブロマロン 尿酸排泄促進剤の尿酸排泄作用を減弱させる。 本剤が尿酸排泄促進剤の尿酸排泄に拮抗する。 抗凝固剤 クマリン系抗凝固剤 ワルファリンカリウム , クマリン系抗凝固剤の作用を増強し、出血時間の延長、消化管出血等を起こすことがあるので、クマリン系抗凝固剤を減量するなど、慎重に投与すること。 本剤は血漿蛋白に結合したクマリン系抗凝固剤と置換し、遊離させる。また、本剤は血小板凝集抑制作用、消化管刺激による出血作用を有する。 抗凝固剤 血液凝固阻",PMDA iyakuSearch,,
アスピリンアルミニウム,リチウム,中,ることがある。 本剤(高用量投与時)は血漿蛋白に結合したメトトレキサートと置換し、遊離させる。また、本剤はメトトレキサートの腎排泄を阻害すると考えられている。 リチウム製剤 血中リチウム濃度を上昇させ、リチウム中毒を起こすおそれがある。 本剤の腎におけるプロスタグランジン生合成抑制作用により、リチウムの腎排泄が減少し、血中濃度が上昇するためと考えられる。 チアジド系利尿剤 利尿・降圧作用を減弱するおそれがある。 本剤の腎におけるプロスタグランジン生合成抑制作用により、水・ナト,PMDA iyakuSearch,,
アスピリンアルミニウム,メトトレキサート,中,血糖降下作用をもつ。また、血漿蛋白と結合したスルホニル尿素系血糖降下剤(トルブタミド等)と置換し、遊離のスルホニル尿素系血糖降下剤が増加すると考えられている。 メトトレキサート メトトレキサートの副作用(骨髄抑制、肝・腎・消化管障害等)が増強されることがある。 本剤(高用量投与時)は血漿蛋白に結合したメトトレキサートと置換し、遊離させる。また、本剤はメトトレキサートの腎排泄を阻害すると考えられている。 リチウム製剤 血中リチウム濃度を上昇させ、リチウム中毒を起こすおそれがある,PMDA iyakuSearch,,
アスピリン,アスピリンアルミニウム,中,"うA81 承認番号等 承認番号 22100AMX01376000 販売開始年月 2009年9月 貯法・有効期間 貯法 室温保存 有効期間 3.5年 一般的名称 アスピリン/アルミニウム グリシネート/炭酸マグネシウム 2. 禁忌(次の患者には投与しないこと) 2.1 本剤及び本剤の成分又はサリチル酸系製剤に対し過敏症の既往歴のある患者 2.2 消化性潰瘍のある患者[胃出血の発現又は消化性潰瘍が悪化するおそれがある。] , 2.3 出血傾向のある患者[出血を増強するおそれがある",PMDA iyakuSearch,,
アスピリンアルミニウム,シクロスポリン,中,合成を抑制し、β-遮断剤の降圧作用に拮抗する。 ドネペジル塩酸塩 消化性潰瘍を起こすことがある。 コリン系が賦活され胃酸分泌が促進される。 タクロリムス水和物 シクロスポリン 腎障害が発現することがある。 腎障害の副作用が相互に増強されると考えられる。 ザフィルルカスト ザフィルルカストの血漿中濃度が上昇することがある。 機序は不明である。 プロスタグランジンD 2 、トロンボキサンA 2 受容体拮抗剤(セラトロダスト、ラマトロバン) ヒト血漿蛋白結合に対する相互作用の検討(,PMDA iyakuSearch,,
アスピリンアルミニウム,フェニトイン,中,バルプロ酸ナトリウム バルプロ酸ナトリウムの作用を増強し、振戦等を起こすことがある。 アスピリンは血漿蛋白に結合したバルプロ酸ナトリウムと置換し、遊離させる。 フェニトイン 総フェニトイン濃度を低下させるが、非結合型フェニトイン濃度を低下させないとの報告があるので、総フェニトイン濃度に基づいて増量する際には臨床症状等を慎重に観察すること。 本剤(高用量投与時)は血漿蛋白に結合したフェニトインと置換し、遊離させる。 アセタゾラミド アセタゾラミドの副作用を増強し、嗜眠、錯乱等の,PMDA iyakuSearch,,
SSRI,アスピリンアルミニウム,中,"薬剤の非結合型分率が上昇することがある。 これら薬剤が本剤と血漿蛋白結合部位で置換し、遊離型血中濃度が上昇すると考えられる。 選択的セロトニン再取り込み阻害剤(SSRI) フルボキサミンマレイン酸塩 塩酸セルトラリン等 , 皮膚の異常出血(斑状出血、紫斑等)、出血症状(胃腸出血等)が報告されている。 SSRIの投与により血小板凝集が阻害され、本剤との併用により出血傾向が増強すると考えられる。 アルコール , 消化管出血が増強されるおそれがある。 アルコールによる胃粘膜障害と本",PMDA iyakuSearch,,
アスピリンアルミニウム,クマリン系抗凝血薬,中,"序・危険因子 尿酸排泄促進剤 プロベネシド ベンズブロマロン 尿酸排泄促進剤の尿酸排泄作用を減弱させる。 本剤が尿酸排泄促進剤の尿酸排泄に拮抗する。 抗凝固剤 クマリン系抗凝固剤 ワルファリンカリウム , クマリン系抗凝固剤の作用を増強し、出血時間の延長、消化管出血等を起こすことがあるので、クマリン系抗凝固剤を減量するなど、慎重に投与すること。 本剤は血漿蛋白に結合したクマリン系抗凝固剤と置換し、遊離させる。また、本剤は血小板凝集抑制作用、消化管刺激による出血作用を有する。",PMDA iyakuSearch,,
アスピリンアルミニウム,タクロリムス,中,プロスタグランジン生合成を抑制し、β-遮断剤の降圧作用に拮抗する。 ドネペジル塩酸塩 消化性潰瘍を起こすことがある。 コリン系が賦活され胃酸分泌が促進される。 タクロリムス水和物 シクロスポリン 腎障害が発現することがある。 腎障害の副作用が相互に増強されると考えられる。 ザフィルルカスト ザフィルルカストの血漿中濃度が上昇することがある。 機序は不明である。 プロスタグランジンD 2 、トロンボキサンA 2 受容体拮抗剤(セラトロダスト、ラマトロバン) ヒト血漿蛋白結合に対,PMDA iyakuSearch,,
イソプロピルアンチピリン,フルコナゾール,高,質(エリスロマイシン、ジョサマイシン、クラリスロマイシン、ロキシスロマイシン)、アゾール系抗真菌薬(イトラコナゾール、ミコナゾール(経口剤、注射剤、口腔用剤)、フルコナゾール、ホスフルコナゾール、ボリコナゾール、ポサコナゾール)、レテルモビル、エンシトレルビル、レナカパビル、ロナファルニブ、セリチニブ、5-HT 1B/1D 受容体作動薬(スマトリプタン、ゾルミトリプタン、エレトリプタン、リザトリプタン、ナラトリプタン)、麦角アルカロイド(エルゴメトリン、メチルエルゴメトリン),PMDA iyakuSearch,,
サリチルアミド,ワーファリン,高,理機能が低下していることが多い。 10. 相互作用 10.2 併用注意(併用に注意すること) 薬剤名等 臨床症状・措置方法 機序・危険因子 クマリン系抗凝血剤 ワルファリン クマリン系抗凝血剤の作用が増強されることがあるので、減量するなど慎重に投与すること。 サリチル酸系製剤(アスピリン等)は血小板凝集抑制作用、消化管刺激による出血作用を有する。また、血漿蛋白に結合したクマリン系抗凝血剤と置換し、これらの薬剤を遊離させる。 糖尿病用剤 インスリン製剤 トルブタミド 糖尿病用剤,PMDA iyakuSearch,,
アスピリン,サリチルアミド,中,"害が発現するおそれがあることから、これらの薬剤との併用を避けること。 , , 2. 禁忌(次の患者には投与しないこと) 2.1 本剤の成分又はサリチル酸系製剤(アスピリン等)に対し過敏症の既往歴のある患者 2.2 消化性潰瘍の患者[消化性潰瘍が悪化するおそれがある。] 2.3 アスピリン喘息(非ステロイド性消炎鎮痛剤等による喘息発作の誘発)又はその既往歴のある患者[喘息発作を誘発するおそれがある。] , 2.4 閉塞隅角緑内障の患者[抗コリン作用により眼圧が上昇し、症状を悪化",PMDA iyakuSearch,,
インスリン,サリチルアミド,中,スピリン等)は血小板凝集抑制作用、消化管刺激による出血作用を有する。また、血漿蛋白に結合したクマリン系抗凝血剤と置換し、これらの薬剤を遊離させる。 糖尿病用剤 インスリン製剤 トルブタミド 糖尿病用剤の作用が増強されることがあるので、減量するなど慎重に投与すること。 サリチル酸系製剤(アスピリン等)は血漿蛋白に結合した糖尿病用剤と置換し、これらの薬剤を遊離させる。 中枢神経抑制剤 フェノチアジン誘導体 バルビツール酸誘導体等 相互に中枢神経抑制作用が増強されることがあるので、,PMDA iyakuSearch,,
クマリン系抗凝血薬,サリチルアミド,中,意すること。一般に生理機能が低下していることが多い。 10. 相互作用 10.2 併用注意(併用に注意すること) 薬剤名等 臨床症状・措置方法 機序・危険因子 クマリン系抗凝血剤 ワルファリン クマリン系抗凝血剤の作用が増強されることがあるので、減量するなど慎重に投与すること。 サリチル酸系製剤(アスピリン等)は血小板凝集抑制作用、消化管刺激による出血作用を有する。また、血漿蛋白に結合したクマリン系抗凝血剤と置換し、これらの薬剤を遊離させる。 糖尿病用剤 インスリン製剤 トル,PMDA iyakuSearch,,
カフェイン,テオフィリン,中,相互作用 10.2 併用注意(併用に注意すること) 薬剤名等 臨床症状・措置方法 機序・危険因子 他のキサンチン系薬剤 アミノフィリン水和物 ジプロフィリン テオフィリン等 中枢神経興奮薬 エフェドリン塩酸塩 マオウ等 過度の中枢神経刺激作用が現れることがある。 併用薬の代謝・排泄を遅延させることがある。 MAO阻害剤 セレギリン塩酸塩 ラサギリンメシル酸塩 サフィナミドメシル酸塩 頻脈、血圧上昇等が現れることがある。 機序は不明である。 シメチジン 過度の中枢神経刺激作用,PMDA iyakuSearch,,
ジゴキシン,ジフェンヒドラミン塩酸塩,高,すること。一般に生理機能が低下している。 10. 相互作用 10.1 併用禁忌(併用しないこと) 薬剤名等 臨床症状・措置方法 機序・危険因子 ジギタリス製剤 ジゴキシン (ジゴシン) 等 ジギタリス中毒を起こしやすい。 カルシウムがジギタリス製剤の作用を増強するおそれがある。 10.2 併用注意(併用に注意すること) 薬剤名等 臨床症状・措置方法 機序・危険因子 アルコール 中枢神経抑制作用が増強することがある。 このような場合には減量するなど慎重に投与すること。 相加的に,PMDA iyakuSearch,,
ジプロフィリン,テオフィリン,中,め、相互に作用を増強することがあるので、併用する場合は減量するなど慎重に投与すること。 本剤の解毒機構に干渉し、作用を遷延化し増強する。 他のキサンチン系薬剤 テオフィリン アミノフィリン水和物 コリンテオフィリン カフェイン水和物等 中枢神経興奮薬 エフェドリン塩酸塩 マオウ等 本剤はジプロフィリンを含有しているため、過度の中枢神経刺激作用があらわれることがある。 副作用の発現に注意し、異常が認められた場合には減量又は投与を中止するなど適切な処置を行うこと。 併用により中枢,PMDA iyakuSearch,,
ジゴキシン,リン酸水素カルシウム水和物,中,"活性型ビタミンD製剤 アルファカルシドール カルシトリオール ファレカルシトリオール等 , , 高カルシウム血症があらわれやすい。 相加作用 強心配糖体 メチルジゴキシン ジゴキシン ジギトキシン等 これらの作用を増強するおそれがある カルシウムは強心配糖体の心筋収縮力増強作用を強める。 11. 副作用 次の副作用があらわれることがあるので、観察を十分に行い、異常が認められた場合には投与を中止するなど適切な処置を行うこと。 11.1 重大な副作用 11.1.1 高カルシウム血",PMDA iyakuSearch,,
インスリン,ガンマ−オリザノール,中,"18) 。 18.3.3 ラットにストレスを負荷することにより生じる胃潰瘍及び消化管運動の亢進に対して抑制作用を示した 19) , 20) 。 18.3.4 インスリン及び2-デオキシ-D-グルコースで迷走神経を刺激することにより生じるラットの胃液分泌亢進に対して抑制作用を示した 21) 。 19. 有効成分に関する理化学的知見 一般的名称 ガンマオリザノール〔Gamma Oryzanol(JAN)〕 分子式 C 40 H 58 O 4 分子量 602.89 性状 白色~淡",PMDA iyakuSearch,,
コレカルシフェロール,ジゴキシン,中,ことがあるので、併用する場合には投与間隔をできる限りあけるなど慎重に投与すること。 消化管内でカルシウムと結合し吸収が抑制されると考えられている。 強心配糖体 ジゴキシン等 ジギタリス製剤の作用を増強し、ジギタリス中毒の症状(嘔気、嘔吐、不整脈等)があらわれるおそれがある。 本剤により高カルシウム血症が発現した場合、強心配糖体の作用が増強される。 ストロンチウム カルシウムにより効果が減弱するおそれがある。 ストロンチウムの骨転移部への集積に過剰なカルシウムが競合する。 ビタ,PMDA iyakuSearch,,
ロキソプロフェンナトリウム水和物,ワーファリン,高,ること。副作用があらわれやすい。 10. 相互作用 10.2 併用注意(併用に注意すること) 薬剤名等 臨床症状・措置方法 機序・危険因子 クマリン系抗凝血剤 ワルファリン 抗凝血作用を増強するおそれがあるので注意し、必要があれば減量すること。 本剤のプロスタグランジン生合成抑制作用により血小板凝集が抑制され血液凝固能が低下し、抗凝血作用に相加されるためと考えられている。 第Xa因子阻害剤 エドキサバントシル酸塩水和物等 出血の危険性を増大させるおそれがある。 抗血栓作用を増,PMDA iyakuSearch,,
リチウム,ロキソプロフェンナトリウム水和物,中,量すること。 機序は不明であるが、本剤の腎におけるプロスタグランジン生合成抑制作用により、これらの薬剤の腎排泄が減少し血中濃度が上昇するためと考えられている。 リチウム製剤 炭酸リチウム 血中リチウム濃度を上昇させ、リチウム中毒を起こすことがあるので血中のリチウム濃度に注意し、必要があれば減量すること。 機序は不明であるが、本剤の腎におけるプロスタグランジン生合成抑制作用により、これらの薬剤の腎排泄が減少し血中濃度が上昇するためと考えられている。 チアジド系利尿薬 ヒドロクロ,PMDA iyakuSearch,,
メトトレキサート,ロキソプロフェンナトリウム水和物,中,抗菌剤は、中枢神経系の抑制性神経伝達物質であるGABAの受容体への結合を阻害し、痙攣誘発作用を起こす。本剤の併用により阻害作用を増強するためと考えられている。 メトトレキサート 血中メトトレキサート濃度を上昇させ、作用を増強することがあるので、必要があれば減量すること。 機序は不明であるが、本剤の腎におけるプロスタグランジン生合成抑制作用により、これらの薬剤の腎排泄が減少し血中濃度が上昇するためと考えられている。 リチウム製剤 炭酸リチウム 血中リチウム濃度を上昇させ、リチウ,PMDA iyakuSearch,,
アスピリン,ロキソプロフェンナトリウム水和物,中,重篤な肝機能障害のある患者 2.4 重篤な腎機能障害のある患者 2.5 重篤な心機能不全のある患者 2.6 本剤の成分に対し過敏症の既往歴のある患者 2.7 アスピリン喘息(非ステロイド性消炎鎮痛剤等による喘息発作の誘発)又はその既往歴のある患者[アスピリン喘息発作を誘発することがある。] 2.8 妊娠後期の女性 3. 組成・性状 3.1 組成 ロキソニン錠60mg 有効成分 1錠中 ロキソプロフェンナトリウム水和物(日局)&nbsp;&nbsp; 68.1mg (無水物と,PMDA iyakuSearch,,
クマリン系抗凝血薬,ロキソプロフェンナトリウム水和物,中,しながら慎重に投与すること。副作用があらわれやすい。 10. 相互作用 10.2 併用注意(併用に注意すること) 薬剤名等 臨床症状・措置方法 機序・危険因子 クマリン系抗凝血剤 ワルファリン 抗凝血作用を増強するおそれがあるので注意し、必要があれば減量すること。 本剤のプロスタグランジン生合成抑制作用により血小板凝集が抑制され血液凝固能が低下し、抗凝血作用に相加されるためと考えられている。 第Xa因子阻害剤 エドキサバントシル酸塩水和物等 出血の危険性を増大させるおそれがあ,PMDA iyakuSearch,,
アスパラギン酸カリウム,シクロスポリン,高,抗剤 ロサルタンカリウム カンデサルタンシレキセチル バルサルタン等 非ステロイド性消炎鎮痛剤 インドメタシン等 β遮断剤 プロプラノロール メトプロロール等 シクロスポリン ヘパリン ジゴキシン * トルバプタン 高カリウム血症があらわれることがある。 定期的に血清カリウム値を観察し、異常が認められた場合には、本剤を減量するなど適切な処置を行う。 * カリウム保持性利尿剤はナトリウム、水の排泄を促進し、カリウムの排泄を抑制する。 アンジオテンシン変換酵素阻害剤、アンジオテン,PMDA iyakuSearch,,
アスパラギン酸カリウム,ジゴキシン,高,カンデサルタンシレキセチル バルサルタン等 非ステロイド性消炎鎮痛剤 インドメタシン等 β遮断剤 プロプラノロール メトプロロール等 シクロスポリン ヘパリン ジゴキシン * トルバプタン 高カリウム血症があらわれることがある。 定期的に血清カリウム値を観察し、異常が認められた場合には、本剤を減量するなど適切な処置を行う。 * カリウム保持性利尿剤はナトリウム、水の排泄を促進し、カリウムの排泄を抑制する。 アンジオテンシン変換酵素阻害剤、アンジオテンシンII受容体拮抗剤は、ア,PMDA iyakuSearch,,
アスパラギン酸カリウム,インスリン,高,TA001 4. 効能又は効果 下記疾患又は状態におけるカリウム補給(マグネシウム欠乏を合併している疑いのある場合) 降圧利尿剤、副腎皮質ホルモン、強心配糖体、インスリン、ある種の抗生物質などの連用時 低カリウム血症型周期性四肢麻痺 心疾患時の低カリウム状態 肝疾患時の低カリウム状態 重症嘔吐、下痢、カリウム摂取不足及び手術後 6. 用法及び用量 原則として、L-アスパラギン酸カリウムとして1日225~750mgを2~3回に分割経口投与する。 なお、年齢、症状により適宜増減す,PMDA iyakuSearch,,
マグネシウム,ワーファリン,高,"泄促進剤 プロベネシド ベンズブロマロン 尿酸排泄促進剤の尿酸排泄作用を減弱させる。 本剤が尿酸排泄促進剤の尿酸排泄に拮抗する。 抗凝固剤 クマリン系抗凝固剤 ワルファリンカリウム , クマリン系抗凝固剤の作用を増強し、出血時間の延長、消化管出血等を起こすことがあるので、クマリン系抗凝固剤を減量するなど、慎重に投与すること。 本剤は血漿蛋白に結合したクマリン系抗凝固剤と置換し、遊離させる。また、本剤は血小板凝集抑制作用、消化管刺激による出血作用を有する。 抗凝固剤 血液凝固阻",PMDA iyakuSearch,,
マグネシウム,リチウム,中,ることがある。 本剤(高用量投与時)は血漿蛋白に結合したメトトレキサートと置換し、遊離させる。また、本剤はメトトレキサートの腎排泄を阻害すると考えられている。 リチウム製剤 血中リチウム濃度を上昇させ、リチウム中毒を起こすおそれがある。 本剤の腎におけるプロスタグランジン生合成抑制作用により、リチウムの腎排泄が減少し、血中濃度が上昇するためと考えられる。 チアジド系利尿剤 利尿・降圧作用を減弱するおそれがある。 本剤の腎におけるプロスタグランジン生合成抑制作用により、水・ナト,PMDA iyakuSearch,,
マグネシウム,メトトレキサート,中,血糖降下作用をもつ。また、血漿蛋白と結合したスルホニル尿素系血糖降下剤(トルブタミド等)と置換し、遊離のスルホニル尿素系血糖降下剤が増加すると考えられている。 メトトレキサート メトトレキサートの副作用(骨髄抑制、肝・腎・消化管障害等)が増強されることがある。 本剤(高用量投与時)は血漿蛋白に結合したメトトレキサートと置換し、遊離させる。また、本剤はメトトレキサートの腎排泄を阻害すると考えられている。 リチウム製剤 血中リチウム濃度を上昇させ、リチウム中毒を起こすおそれがある,PMDA iyakuSearch,,
アスピリン,マグネシウム,中,"うA81 承認番号等 承認番号 22100AMX01376000 販売開始年月 2009年9月 貯法・有効期間 貯法 室温保存 有効期間 3.5年 一般的名称 アスピリン/アルミニウム グリシネート/炭酸マグネシウム 2. 禁忌(次の患者には投与しないこと) 2.1 本剤及び本剤の成分又はサリチル酸系製剤に対し過敏症の既往歴のある患者 2.2 消化性潰瘍のある患者[胃出血の発現又は消化性潰瘍が悪化するおそれがある。] , 2.3 出血傾向のある患者[出血を増強するおそれがある",PMDA iyakuSearch,,
シクロスポリン,マグネシウム,中,合成を抑制し、β-遮断剤の降圧作用に拮抗する。 ドネペジル塩酸塩 消化性潰瘍を起こすことがある。 コリン系が賦活され胃酸分泌が促進される。 タクロリムス水和物 シクロスポリン 腎障害が発現することがある。 腎障害の副作用が相互に増強されると考えられる。 ザフィルルカスト ザフィルルカストの血漿中濃度が上昇することがある。 機序は不明である。 プロスタグランジンD 2 、トロンボキサンA 2 受容体拮抗剤(セラトロダスト、ラマトロバン) ヒト血漿蛋白結合に対する相互作用の検討(,PMDA iyakuSearch,,
フェニトイン,マグネシウム,中,バルプロ酸ナトリウム バルプロ酸ナトリウムの作用を増強し、振戦等を起こすことがある。 アスピリンは血漿蛋白に結合したバルプロ酸ナトリウムと置換し、遊離させる。 フェニトイン 総フェニトイン濃度を低下させるが、非結合型フェニトイン濃度を低下させないとの報告があるので、総フェニトイン濃度に基づいて増量する際には臨床症状等を慎重に観察すること。 本剤(高用量投与時)は血漿蛋白に結合したフェニトインと置換し、遊離させる。 アセタゾラミド アセタゾラミドの副作用を増強し、嗜眠、錯乱等の,PMDA iyakuSearch,,
SSRI,マグネシウム,中,"薬剤の非結合型分率が上昇することがある。 これら薬剤が本剤と血漿蛋白結合部位で置換し、遊離型血中濃度が上昇すると考えられる。 選択的セロトニン再取り込み阻害剤(SSRI) フルボキサミンマレイン酸塩 塩酸セルトラリン等 , 皮膚の異常出血(斑状出血、紫斑等)、出血症状(胃腸出血等)が報告されている。 SSRIの投与により血小板凝集が阻害され、本剤との併用により出血傾向が増強すると考えられる。 アルコール , 消化管出血が増強されるおそれがある。 アルコールによる胃粘膜障害と本",PMDA iyakuSearch,,
クマリン系抗凝血薬,マグネシウム,中,"序・危険因子 尿酸排泄促進剤 プロベネシド ベンズブロマロン 尿酸排泄促進剤の尿酸排泄作用を減弱させる。 本剤が尿酸排泄促進剤の尿酸排泄に拮抗する。 抗凝固剤 クマリン系抗凝固剤 ワルファリンカリウム , クマリン系抗凝固剤の作用を増強し、出血時間の延長、消化管出血等を起こすことがあるので、クマリン系抗凝固剤を減量するなど、慎重に投与すること。 本剤は血漿蛋白に結合したクマリン系抗凝固剤と置換し、遊離させる。また、本剤は血小板凝集抑制作用、消化管刺激による出血作用を有する。",PMDA iyakuSearch,,
タクロリムス,マグネシウム,中,プロスタグランジン生合成を抑制し、β-遮断剤の降圧作用に拮抗する。 ドネペジル塩酸塩 消化性潰瘍を起こすことがある。 コリン系が賦活され胃酸分泌が促進される。 タクロリムス水和物 シクロスポリン 腎障害が発現することがある。 腎障害の副作用が相互に増強されると考えられる。 ザフィルルカスト ザフィルルカストの血漿中濃度が上昇することがある。 機序は不明である。 プロスタグランジンD 2 、トロンボキサンA 2 受容体拮抗剤(セラトロダスト、ラマトロバン) ヒト血漿蛋白結合に対,PMDA iyakuSearch,,
L−アスパラギン酸マグネシウム,シクロスポリン,高,抗剤 ロサルタンカリウム カンデサルタンシレキセチル バルサルタン等 非ステロイド性消炎鎮痛剤 インドメタシン等 β遮断剤 プロプラノロール メトプロロール等 シクロスポリン ヘパリン ジゴキシン * トルバプタン 高カリウム血症があらわれることがある。 定期的に血清カリウム値を観察し、異常が認められた場合には、本剤を減量するなど適切な処置を行う。 * カリウム保持性利尿剤はナトリウム、水の排泄を促進し、カリウムの排泄を抑制する。 アンジオテンシン変換酵素阻害剤、アンジオテン,PMDA iyakuSearch,,
L−アスパラギン酸マグネシウム,ジゴキシン,高,カンデサルタンシレキセチル バルサルタン等 非ステロイド性消炎鎮痛剤 インドメタシン等 β遮断剤 プロプラノロール メトプロロール等 シクロスポリン ヘパリン ジゴキシン * トルバプタン 高カリウム血症があらわれることがある。 定期的に血清カリウム値を観察し、異常が認められた場合には、本剤を減量するなど適切な処置を行う。 * カリウム保持性利尿剤はナトリウム、水の排泄を促進し、カリウムの排泄を抑制する。 アンジオテンシン変換酵素阻害剤、アンジオテンシンII受容体拮抗剤は、ア,PMDA iyakuSearch,,
L−アスパラギン酸マグネシウム,インスリン,高,TA001 4. 効能又は効果 下記疾患又は状態におけるカリウム補給(マグネシウム欠乏を合併している疑いのある場合) 降圧利尿剤、副腎皮質ホルモン、強心配糖体、インスリン、ある種の抗生物質などの連用時 低カリウム血症型周期性四肢麻痺 心疾患時の低カリウム状態 肝疾患時の低カリウム状態 重症嘔吐、下痢、カリウム摂取不足及び手術後 6. 用法及び用量 原則として、L-アスパラギン酸カリウムとして1日225~750mgを2~3回に分割経口投与する。 なお、年齢、症状により適宜増減す,PMDA iyakuSearch,,
カリウム,ワーファリン,高,子 プロベネシド アモキシシリンの血中濃度は維持できるが、クラブラン酸の血中濃度は維持できない。 プロベネシドは、尿細管でのアモキシシリンの分泌を減少させる。 ワルファリンカリウム プロトロンビン時間延長(INR上昇)が報告されている。ワルファリン投与中に本剤を投与開始又は投与中止する場合には、血液凝固能検査値等に注意し、ワルファリンの投与量を調節するなど適切な処置を行うこと。 本剤は腸内細菌によるビタミンKの産生を抑制し、ワルファリンの作用が増強される可能性があると考えられ,PMDA iyakuSearch,,
カリウム,メトトレキサート,中,物であるミコフェノール酸のトラフ値が約50%低下したとの報告がある 2) 。本剤は、ミコフェノール酸の腸肝循環による再吸収を抑制する可能性があると考えられる。 メトトレキサート メトトレキサートのクリアランスが減少するおそれがある。 メトトレキサートの尿細管分泌が阻害され、体内からの消失が遅延し、メトトレキサートの毒性が増強する可能性がある。 11. 副作用 次の副作用があらわれることがあるので、観察を十分に行い、異常が認められた場合には投与を中止するなど適切な処置を行うこと,PMDA iyakuSearch,,
グルコン酸カルシウム水和物,ジゴキシン,中,"とが多い。 , , , , 10. 相互作用 10.2 併用注意(併用に注意すること) 薬剤名等 臨床症状・措置方法 機序・危険因子 * 強心配糖体 * メチルジゴキシン * ジゴキシン * デスラノシド * 強心配糖体の作用を増強し、徐脈、心室性期外収縮、房室ブロック、心室頻拍等の中毒症状を誘発するおそれがある。治療上やむを得ないと判断される場合を除き、これらの薬剤との併用は避けること。やむを得ず併用する場合には、心電図検査等によるモニタリングを行い、不整脈の発現に対応でき",PMDA iyakuSearch,,
L−アスパラギン酸カリウム,シクロスポリン,高,抗剤 ロサルタンカリウム カンデサルタンシレキセチル バルサルタン等 非ステロイド性消炎鎮痛剤 インドメタシン等 β遮断剤 プロプラノロール メトプロロール等 シクロスポリン ヘパリン ジゴキシン * トルバプタン 高カリウム血症があらわれることがある。 定期的に血清カリウム値を観察し、異常が認められた場合には、本剤を減量するなど適切な処置を行う。 * カリウム保持性利尿剤はナトリウム、水の排泄を促進し、カリウムの排泄を抑制する。 アンジオテンシン変換酵素阻害剤、アンジオテン,PMDA iyakuSearch,,
L−アスパラギン酸カリウム,ジゴキシン,高,カンデサルタンシレキセチル バルサルタン等 非ステロイド性消炎鎮痛剤 インドメタシン等 β遮断剤 プロプラノロール メトプロロール等 シクロスポリン ヘパリン ジゴキシン * トルバプタン 高カリウム血症があらわれることがある。 定期的に血清カリウム値を観察し、異常が認められた場合には、本剤を減量するなど適切な処置を行う。 * カリウム保持性利尿剤はナトリウム、水の排泄を促進し、カリウムの排泄を抑制する。 アンジオテンシン変換酵素阻害剤、アンジオテンシンII受容体拮抗剤は、ア,PMDA iyakuSearch,,
L−アスパラギン酸カリウム,インスリン,高,TA001 4. 効能又は効果 下記疾患又は状態におけるカリウム補給(マグネシウム欠乏を合併している疑いのある場合) 降圧利尿剤、副腎皮質ホルモン、強心配糖体、インスリン、ある種の抗生物質などの連用時 低カリウム血症型周期性四肢麻痺 心疾患時の低カリウム状態 肝疾患時の低カリウム状態 重症嘔吐、下痢、カリウム摂取不足及び手術後 6. 用法及び用量 原則として、L-アスパラギン酸カリウムとして1日225~750mgを2~3回に分割経口投与する。 なお、年齢、症状により適宜増減す,PMDA iyakuSearch,,
ジゴキシン,乳酸カルシウム,中,こと。一般に生理機能が低下している。 10. 相互作用 10.2 併用注意(併用に注意すること) 薬剤名等 臨床症状・措置方法 機序・危険因子 ジギタリス製剤 ジゴキシン等 ジギタリス中毒(不整脈、ショック)があらわれることがある。定期的にジギタリス中毒の有無、心電図検査を行い、必要に応じてジギタリス製剤の血中濃度を測定し、異常が認められた場合には、ジギタリス製剤を減量若しくは中止する。 ジギタリス製剤の作用を増強する。 テトラサイクリン系抗生物質 テトラサイクリン ミノサイ,PMDA iyakuSearch,,
ジゴキシン,乳酸カルシウム水和物,中,こと。一般に生理機能が低下している。 10. 相互作用 10.2 併用注意(併用に注意すること) 薬剤名等 臨床症状・措置方法 機序・危険因子 ジギタリス製剤 ジゴキシン等 ジギタリス中毒(不整脈、ショック)があらわれることがある。定期的にジギタリス中毒の有無、心電図検査を行い、必要に応じてジギタリス製剤の血中濃度を測定し、異常が認められた場合には、ジギタリス製剤を減量若しくは中止する。 ジギタリス製剤の作用を増強する。 テトラサイクリン系抗生物質 テトラサイクリン ミノサイ,PMDA iyakuSearch,,
グルコン酸カルシウム,ジゴキシン,中,"とが多い。 , , , , 10. 相互作用 10.2 併用注意(併用に注意すること) 薬剤名等 臨床症状・措置方法 機序・危険因子 * 強心配糖体 * メチルジゴキシン * ジゴキシン * デスラノシド * 強心配糖体の作用を増強し、徐脈、心室性期外収縮、房室ブロック、心室頻拍等の中毒症状を誘発するおそれがある。治療上やむを得ないと判断される場合を除き、これらの薬剤との併用は避けること。やむを得ず併用する場合には、心電図検査等によるモニタリングを行い、不整脈の発現に対応でき",PMDA iyakuSearch,,
カシ,シクロスポリン,中,ステラーゼ阻害剤、カルシウム製剤の投与等の適切な処置を行うこと。 両薬剤ともに神経筋遮断作用を有しており、併用によりその作用が増強される。 腎毒性を有する薬剤 シクロスポリン アムホテリシンB 等 腎障害が発現、悪化するおそれがある。 両薬剤ともに腎毒性を有するが、相互作用の機序は不明。 11. 副作用 次の副作用があらわれることがあるので、観察を十分に行い、異常が認められた場合には投与を中止するなど適切な処置を行うこと。 11.1 重大な副作用 11.1.1 ショック(0.,PMDA iyakuSearch,,
コハク,ワーファリン,高,告されているので、減量するなど慎重に投与すること。 本剤はCYP3Aと結合し、複合体を形成するため、これらの薬剤の代謝を抑制し、血中濃度が上昇することがある。 ワルファリンカリウム 出血傾向、プロトロンビン時間延長等が報告されているので、減量するなど慎重に投与すること。 本剤はCYP3Aと結合し、複合体を形成するため、これらの薬剤の代謝を抑制し、血中濃度が上昇することがある。 イリノテカン塩酸塩水和物 骨髄機能抑制、下痢等の副作用を増強するおそれがあるため、減量するなど慎重に,PMDA iyakuSearch,,
コハク,テオフィリン,高,"告されているので、減量するなど慎重に投与すること。 本剤はCYP3Aと結合し、複合体を形成するため、これらの薬剤の代謝を抑制し、血中濃度が上昇することがある。 テオフィリン 4) , 5) アミノフィリン水和物 悪心・嘔吐、不整脈、痙攣等が報告されているので、減量するなど慎重に投与すること。 本剤はCYP3Aと結合し、複合体を形成するため、これらの薬剤の代謝を抑制し、血中濃度が上昇することがある。 シクロスポリン タクロリムス水和物 腎障害等が報告されているので、減量するなど",PMDA iyakuSearch,,
コハク,シクロスポリン,高,告されているので、減量するなど慎重に投与すること。 本剤はCYP3Aと結合し、複合体を形成するため、これらの薬剤の代謝を抑制し、血中濃度が上昇することがある。 シクロスポリン タクロリムス水和物 腎障害等が報告されているので、減量するなど慎重に投与すること。 本剤はCYP3Aと結合し、複合体を形成するため、これらの薬剤の代謝を抑制し、血中濃度が上昇することがある。 ワルファリンカリウム 出血傾向、プロトロンビン時間延長等が報告されているので、減量するなど慎重に投与すること。,PMDA iyakuSearch,,
コハク,フェニトイン,高,"の阻害によるフェキソフェナジンのクリアランスの低下及び吸収率の増加に起因するものと推定される。 CYP3A4誘導作用を有する薬剤 リファンピシン、リファブチン、フェニトイン、フェノバルビタール等 セイヨウオトギリソウ(St. John&rsquo;s Wort, セント・ジョーンズ・ワート)含有食品 本剤の作用が減弱するおそれがある。 これらの薬剤のCYP3A誘導作用により、本剤の代謝を促進し、本剤の血中濃度を低下させる。 11. 副作用 次の副作用があらわれることがあるので",PMDA iyakuSearch,,
カルバマゼピン,コハク,高,告されているので、減量するなど慎重に投与すること。 本剤はCYP3Aと結合し、複合体を形成するため、これらの薬剤の代謝を抑制し、血中濃度が上昇することがある。 カルバマゼピン めまい、運動失調等が報告されているので、減量するなど慎重に投与すること。 本剤はCYP3Aと結合し、複合体を形成するため、これらの薬剤の代謝を抑制し、血中濃度が上昇することがある。 コルヒチン 下痢、腹痛、発熱、筋肉痛、汎血球減少、呼吸困難等が報告されているので、減量するなど慎重に投与すること。 本剤は,PMDA iyakuSearch,,
コハク,ジゴキシン,高,ル酸塩水和物の用量は、エドキサバントシル酸塩水和物の電子添文を参照すること。 本剤がP-糖蛋白質を阻害し、エドキサバンの血中濃度を上昇させるためと考えられる。 ジゴキシン ジゴキシンの作用増強による嘔気、嘔吐、不整脈等の中毒症状が報告されているので、減量するなど慎重に投与すること。 本剤の腸内細菌叢への影響により、ジゴキシンの代謝が抑制される。 シメチジン 難聴が報告されているので、減量するなど慎重に投与すること。 これらの薬剤のCYP3A阻害作用により、本剤の代謝が抑制され,PMDA iyakuSearch,,
コハク,タクロリムス,高,、減量するなど慎重に投与すること。 本剤はCYP3Aと結合し、複合体を形成するため、これらの薬剤の代謝を抑制し、血中濃度が上昇することがある。 シクロスポリン タクロリムス水和物 腎障害等が報告されているので、減量するなど慎重に投与すること。 本剤はCYP3Aと結合し、複合体を形成するため、これらの薬剤の代謝を抑制し、血中濃度が上昇することがある。 ワルファリンカリウム 出血傾向、プロトロンビン時間延長等が報告されているので、減量するなど慎重に投与すること。 本剤はCYP3A,PMDA iyakuSearch,,
