draw_order,group,layer_id,filename,note
0,body,body,layers/body.png,首・肩・胸の肌（白衣の下）
1,inner,inner_torso,layers/inner_torso.png,シャツ胴
2,inner,inner_collar,layers/inner_collar.png,シャツ襟
3,inner,inner_accessory,layers/inner_accessory.png,ネクタイ
4,coat_back,coat_back,layers/coat_back.png,白衣後ろ襟・肩
5,coat_body,coat_body,layers/coat_body.png,白衣本体・袖
6,coat_lapel_R,coat_lapel_R,layers/coat_lapel_R.png,右襟（画面左）
7,coat_lapel_L,coat_lapel_L,layers/coat_lapel_L.png,左襟（画面右）
8,coat_pocket,coat_pocket,layers/coat_pocket.png,左胸四角パッチ
9,pin_capsule,pin_capsule,layers/pin_capsule.png,ミント×白カプセルピン
10,hair_back,hair_back,layers/hair_back.png,後ろ髪
11,hair_side_L,hair_side_L,layers/hair_side_L.png,左横髪
12,hair_side_R,hair_side_R,layers/hair_side_R.png,右横髪
13,hair_front,hair_front,layers/hair_front.png,前髪
14,hair_extra,hair_extra,layers/hair_extra.png,Bは空で可（将来用）
15,face_base,face_base,layers/face_base.png,顔輪郭・頬・耳
16,nose,nose,layers/nose.png,鼻
17,mouth,mouth_base,layers/mouth_base.png,閉口ベース
18,mouth,mouth_open_a,layers/mouth_open_a.png,口形あ
19,mouth,mouth_open_i,layers/mouth_open_i.png,口形い（横広げ）
20,mouth,mouth_open_u,layers/mouth_open_u.png,口形う
21,mouth,mouth_open_e,layers/mouth_open_e.png,口形え（開口）
22,mouth,mouth_open_o,layers/mouth_open_o.png,口形お
23,eye_L,eye_white_L,layers/eye_white_L.png,左白目
24,eye_L,eye_iris_L,layers/eye_iris_L.png,左虹彩
25,eye_L,eye_highlight_L,layers/eye_highlight_L.png,左ハイライト
26,eye_L,eye_lash_L,layers/eye_lash_L.png,左まつ毛・まぶた
27,eye_R,eye_white_R,layers/eye_white_R.png,右白目
28,eye_R,eye_iris_R,layers/eye_iris_R.png,右虹彩
29,eye_R,eye_highlight_R,layers/eye_highlight_R.png,右ハイライト
30,eye_R,eye_lash_R,layers/eye_lash_R.png,右まつ毛・まぶた
31,brow_L,brow_L,layers/brow_L.png,左眉
32,brow_R,brow_R,layers/brow_R.png,右眉
33,expression_overlay,expr_e1_smile,layers/expr_e1_smile.png,任意・E1差分
34,expression_overlay,expr_e2_thinking,layers/expr_e2_thinking.png,任意・E2差分
35,expression_overlay,expr_e3_empathy,layers/expr_e3_empathy.png,任意・E3差分
36,expression_overlay,expr_e4_surprise,layers/expr_e4_surprise.png,任意・E4差分
37,expression_overlay,expr_e5_nod,layers/expr_e5_nod.png,任意・E5差分
