成分名,副作用レベル,副作用症状,禁忌条件,出典
エフェドリン,高,動悸・不眠・血圧上昇,高血圧・心疾患・甲状腺機能亢進症,
プソイドエフェドリン,中,動悸・不眠・血圧上昇,高血圧・心疾患・甲状腺機能亢進症,
クロルフェニラミン,中,眠気・口渇・めまい,緑内障・前立腺肥大・重篤な肝疾患,
セチリジン,低,眠気・口渇・めまい,重篤な腎疾患,
フマル酸ケトチフェン,低,眠気・口渇・めまい,重篤な肝疾患,
オキサトミド,低,眠気・口渇・めまい,重篤な肝疾患,
ベクロメタゾン,中,鼻の刺激感・乾燥・出血,感染症・重篤な鼻疾患,
フルチカゾン,低,鼻の刺激感・乾燥・出血,感染症・重篤な鼻疾患,
モメタゾン,低,鼻の刺激感・乾燥・出血,感染症・重篤な鼻疾患,
オキシメタゾリン,中,鼻の刺激感・乾燥・リバウンド,高血圧・心疾患・甲状腺機能亢進症,
ナファゾリン,中,鼻の刺激感・乾燥・リバウンド,高血圧・心疾患・甲状腺機能亢進症,
テトラヒドロゾリン,中,鼻の刺激感・乾燥・リバウンド,高血圧・心疾患・甲状腺機能亢進症,
トラマドール,高,眠気・めまい・吐き気・便秘,重篤な呼吸抑制・重篤な肝疾患,
コデイン,高,眠気・めまい・吐き気・便秘,重篤な呼吸抑制・重篤な肝疾患,
ジヒドロコデイン,高,眠気・めまい・吐き気・便秘,重篤な呼吸抑制・重篤な肝疾患,
デキストロメトルファン,低,眠気・めまい・吐き気,重篤な呼吸抑制,
グアイフェネシン,低,胃腸障害・めまい,重篤な肝疾患,
ブロムヘキシン,低,胃腸障害・発疹・めまい,重篤な肝疾患,
アンブロキソール,低,胃腸障害・発疹・めまい,重篤な肝疾患,
カルボシステイン,低,胃腸障害・発疹・めまい,重篤な肝疾患,
アセチルシステイン,低,胃腸障害・発疹・めまい,重篤な肝疾患,
メチルエフェドリン,高,動悸・不眠・血圧上昇,高血圧・心疾患・甲状腺機能亢進症,
フェニレフリン,中,動悸・不眠・血圧上昇,高血圧・心疾患・甲状腺機能亢進症,
マレイン酸クロルフェニラミン,中,眠気・口渇・めまい,緑内障・前立腺肥大・重篤な肝疾患,
マレイン酸カルビノキサミン,中,眠気・口渇・めまい,緑内障・前立腺肥大・重篤な肝疾患,
フマル酸クレマスチン,中,眠気・口渇・めまい,緑内障・前立腺肥大・重篤な肝疾患,
塩酸プロメタジン,高,眠気・口渇・めまい・体重増加,緑内障・前立腺肥大・重篤な肝疾患,
塩酸トリメトキノール,中,動悸・不眠・血圧上昇,高血圧・心疾患・甲状腺機能亢進症,
塩酸メトキシフェナミン,中,動悸・不眠・血圧上昇,高血圧・心疾患・甲状腺機能亢進症,
塩酸メチルエフェドリン,高,動悸・不眠・血圧上昇,高血圧・心疾患・甲状腺機能亢進症,
硫酸アトロピン,高,口渇・便秘・排尿困難・めまい,緑内障・前立腺肥大・重篤な心疾患,
臭化ブチルスコポラミン,中,口渇・便秘・排尿困難・めまい,緑内障・前立腺肥大・重篤な心疾患,
塩酸パパベリン,低,眠気・めまい・胃腸障害,重篤な肝疾患,
塩酸ジフェンヒドラミン,中,眠気・口渇・めまい,緑内障・前立腺肥大・重篤な肝疾患,
ロラタジン,高,11.1 重大な副作用 11.1.1 ショック、アナフィラキシー(いずれも頻度不明) ショック、アナフィラキシー(チアノーゼ、呼吸困難、血圧低下、血管性浮腫等)があらわれることがある。 11.1.2 てんかん(頻度不明) 11.1.3 痙攣(頻度不明) 11.1.4 肝機能障害、黄疸(いずれも頻度不明) AST、ALT、γ-GTP、Al-P、LDH、ビリルビン等の著しい上昇を伴う肝機能障害、黄疸があらわれることがある。 11.2 その他の副作用 2%未満 頻度不明 神経系障害 傾眠 頭痛、精神運動亢進 心臓障害 頻脈、動悸 胃腸障害 口内乾燥 皮膚及び皮下組織障害 発疹 一般・全身障害及び投与部位の状態 疲労 その他 白血球数増加、血中コレステロール増加 食欲亢進,,PMDA iyakuSearch
リドカイン,高,"11.1 重大な副作用 11.1.1 ショック(頻度不明) 血圧降下、顔面蒼白、脈拍の異常、呼吸抑制等があらわれることがある。 11.1.2 中枢神経系障害(頻度不明) 振せん、痙れん等の中毒症状があらわれることがあるので、観察を十分に行い、このような症状があらわれた場合には、直ちに投与を中止し、ジアゼパム又は超短時間作用型バルビツール酸製剤(チオペンタールナトリウム等)の投与等の適切な処置を行うこと。 11.2 その他の副作用 1%未満 頻度不明 歯周組織 歯肉退縮、発赤、歯肉部疼痛 中枢神経 注1) 眠気、不安、興奮、霧視、眩暈等 消化器 注1) 悪心・嘔吐等 過敏症 蕁麻疹等の皮膚症 状、浮腫等 注1)このような症状があらわれた場合は、ショックあるいは中毒へ移行することがあるので、患者の全身状態の観察を十分に行い、必要に応じて適切な処置を行うこと。 注2)再審査時の調査を含む。 17. 臨床成績 17.1 有効性及び安全性に関する試験 17.1.1 国内臨床試験 国内2施設において実施された、支台歯形成・窩洞形成、ラバーダム除去、交換期抜歯において小出血を生じた患者を対象とした臨床試験の結果、止血状態の有効率は97.0%(65/67例)であった 1) , 2) 。 17.2 製造販売後調査等 有効性解析対象症例670例における有効率は95.2%(638/670例)であった。安全性解析対象症例556例における副作用発現率は0.90%(5/556例) であった。その内訳は、発赤0.18%(1例)、歯肉退縮が0.72%(4例)、歯肉部疼痛が0. 18%(1例)であった。",,PMDA iyakuSearch
安息香酸ナトリウムカフェイン,中,11.2 その他の副作用 頻度不明 循環器 頻脈 注 1 ) 、期外収縮 注 1 ) 精神神経系 振せん 注 1 ) 、耳鳴 注 1 ) 、不眠 注 1 ) 、不穏 注 1 ) 注 1 ) 大量投与によりあらわれることがある。,,PMDA iyakuSearch
メチルメチオニンスルホニウムクロリド,中,11.2 その他の副作用 頻度不明 過敏症 発疹等 皮膚 かゆみ 消化器 悪心・嘔吐、便秘、下痢、口渇、おくび等 代謝異常 注 1 ) 高マグネシウム血症、高カルシウム血症 長期投与 注 1 ) アルミニウム脳症、アルミニウム骨症 注 1 ) 長期又は大量投与により発現することがある。 17. 臨床成績 17.1 有効性及び安全性に関する試験 17.1.1 国内臨床試験 二重盲検比較試験を含む胃潰瘍、十二指腸潰瘍、胃炎248例の総有効率は60.9%(151/248例)であった 1) 。,,PMDA iyakuSearch
リパーゼ,中,11.2 その他の副作用 5%以上又は頻度不明 0.1~5%未満 過敏症 くしゃみ、流涙、皮膚発赤、発疹 消化器 食欲不振、胃部膨満感、悪心、下痢,,PMDA iyakuSearch
ヒドロキソコバラミン酢酸塩,高,11.1 重大な副作用 11.1.1 過敏症(頻度不明) ショック様の過敏症があらわれることがある。,,PMDA iyakuSearch
L−カルボシステイン,高,11.1 重大な副作用 11.1.1 中毒性表皮壊死融解症(Toxic Epidermal Necrolysis:TEN)、皮膚粘膜眼症候群(Stevens-Johnson症候群)(いずれも頻度不明) 11.1.2 肝機能障害、黄疸(いずれも頻度不明) AST、ALT、Al-P、LDHの上昇等があらわれることがある。 11.1.3 ショック、アナフィラキシー(いずれも頻度不明) 呼吸困難、浮腫、蕁麻疹等があらわれることがある。 11.2 その他の副作用 0.1~5%未満 注 1 ) 0.1%未満 注 1 ) 頻度不明 消化器 食欲不振、下痢、腹痛 悪心、嘔吐、腹部膨満感、口渇 過敏症 発疹 湿疹、紅斑 浮腫、発熱、呼吸困難 その他 そう痒感 注 1 ) ムコダイン錠250mg、錠500mg、細粒、K10、シロップ2%、シロップ5%、DSを合わせた集計である。,,PMDA iyakuSearch
トコフェロール酢酸エステル,中,11.2 その他の副作用 0.1~5%未満 0.1%未満 消化器 便秘、胃部不快感 下痢 過敏症 発疹,,PMDA iyakuSearch
フルチカゾンプロピオン酸エステル,高,"11.1 重大な副作用 11.1.1 ショック、アナフィラキシー(いずれも頻度不明) * ショック、アナフィラキシー(呼吸困難、気管支攣縮、全身潮紅、血管性浮腫、蕁麻疹等)があらわれることがある。 11.1.2 重篤な血清カリウム値低下(頻度不明) キサンチン誘導体、ステロイド剤及び利尿剤の併用により増強することがあるので、重症喘息患者では特に注意すること。 , 11.1.3 肺炎(3.3%) 注) , , 注)慢性閉塞性肺疾患患者にアドエア500ディスカスを使用した52週間の国内臨床試験における頻度 11.2 その他の副作用 1%~10%未満 1%未満 頻度不明 過敏症 発疹、蕁麻疹、顔面浮腫、口腔咽頭浮腫 口腔並びに呼吸器 口腔及び呼吸器カンジダ症、嗄声、口腔及び咽喉刺激感(異和感、疼痛、不快感等)、感染症 味覚異常 むせ、咳、口内乾燥、気管支攣縮 注) 循環器 心悸亢進、血圧上昇、不整脈(心房細動、上室性頻脈、期外収縮を含む) 脈拍増加 精神・神経系 頭痛、振戦、睡眠障害 不安、易刺激性、攻撃性 消化器 悪心、腹痛、食道カンジダ症 その他 筋痙攣 関節痛、浮腫、高血糖 鼻炎、胸痛、皮膚挫傷(皮下出血等) 注)短時間作動型気管支拡張剤を投与する等の適切な処置を行うこと。",,PMDA iyakuSearch
ニコチン酸,高,11.1 重大な副作用 11.1.1 ショック(0.1%未満) 血圧低下、胸内苦悶、呼吸困難等があらわれた場合には、直ちに投与を中止し、適切な処置を行うこと。 11.2 その他の副作用 頻度不明 過敏症 発疹、そう痒感等,,PMDA iyakuSearch
合成ケイ酸アルミニウム,中,11.2 その他の副作用 頻度不明 長期・大量投与 腎結石、尿路結石 代謝異常 注 1 ) 高マグネシウム血症 消化器 便秘 過敏症 発疹 その他 注 2 ) 低カリウム血症、血圧上昇、体重増加、浮腫 注 1 ) 長期投与によりあらわれることがある。 注 2 ) カンゾウを配合しているため、長期連用によりあらわれることがある。,,PMDA iyakuSearch
インドメタシン,高,"11.1 重大な副作用 11.1.1 ショック(0.1%) 血圧低下、チアノーゼ等があらわれることがある。 11.1.2 胃腸出血(3.2%)、下血(0.6%)、小腸及び大腸等における消化管穿孔(1.0%)、イレウス(0.6%)、壊死性腸炎(0.8%) , 11.1.3 急性腎不全(0.4%)、無尿(0.4%)、尿毒症(頻度不明)、血尿(0.7%) 重篤な腎障害があらわれることがある。 11.1.4 播種性血管内凝固症候群等の凝固障害(0.6%)、頭蓋内出血(1.9%)、肺出血(1.0%) 致命的な頭蓋内出血が報告されている。 11.1.5 肺高血圧(0.03%) 11.1.6 低血糖(8.2%) 11.2 その他の副作用 5%以上 0.1~5%未満 0.1%未満 頻度不明 消化器 腹部膨満、嘔吐 肝臓 肝機能異常(AST上昇、ALT上昇) 腎臓 尿量減少、腎機能異常(BUN上昇、血清クレアチニン上昇等) 血清カリウム上昇、低ナトリウム血症、蛋白尿 尿浸透圧の低下 尿中ナトリウム減少、尿中カリウム減少、尿中塩素減少、自由水クリアランス又は糸球体ろ過率の減少 血液 血小板減少、貧血、白血球減少 血小板凝集能低下 感染症 感染症の増悪 その他 黄疸、ビリルビン上昇、体重増加(体液貯留) 針穿刺後の皮膚出血 注)発現頻度には使用成績調査の結果を含む。",,PMDA iyakuSearch
L−イソロイシン,中,11.2 その他の副作用 0.1~5%未満 頻度不明 消化器 腹部膨満感、下痢、腹部不快感、食欲不振、口渇 嘔気、便秘、腹痛、嘔吐、おくび、胸やけ等 腎臓 BUN上昇、血中クレアチニン上昇等 代謝 血中アンモニア値の上昇等 肝臓 AST上昇、ALT上昇、T-Bilの上昇等 皮膚 発疹、そう痒等 その他 倦怠感、浮腫(顔、下肢等)、発赤、ほてり,,PMDA iyakuSearch
ロキソプロフェンナトリウム水和物,高,11.1 重大な副作用 11.1.1 ショック(頻度不明)、アナフィラキシー(頻度不明) ショック、アナフィラキシー(血圧低下、蕁麻疹、喉頭浮腫、呼吸困難等)があらわれることがある。 11.1.2 無顆粒球症(頻度不明)、白血球減少(頻度不明)、溶血性貧血(頻度不明)、再生不良性貧血(頻度不明)、血小板減少(頻度不明) 11.1.3 中毒性表皮壊死融解症(Toxic Epidermal Necrolysis:TEN)(頻度不明)、皮膚粘膜眼症候群(Stevens-Johnson症候群)(頻度不明)、多形紅斑(頻度不明)、急性汎発性発疹性膿疱症(頻度不明) 11.1.4 急性腎障害(頻度不明)、ネフローゼ症候群(頻度不明)、間質性腎炎(頻度不明) 急性腎障害に伴い高カリウム血症があらわれることがあるので、特に注意すること。 11.1.5 うっ血性心不全(頻度不明) 11.1.6 * 心筋梗塞(頻度不明)、脳血管障害(頻度不明) 心筋梗塞、脳血管障害等の心血管系血栓塞栓性事象があらわれることがある 1) 。 11.1.7 間質性肺炎(頻度不明) 発熱、咳嗽、呼吸困難、胸部X線異常、好酸球増多等を伴う間質性肺炎があらわれることがあるので、このような症状があらわれた場合には直ちに投与を中止し、副腎皮質ホルモン剤の投与等の適切な処置を行うこと。 11.1.8 消化性潰瘍(頻度不明)、消化管出血(頻度不明) 重篤な消化性潰瘍又は小腸、大腸からの吐血、下血、血便等の消化管出血が出現し、それに伴うショックがあらわれることがあるので、これらの症状が認められた場合には直ちに投与を中止し、適切な処置を行うこと。 11.1.9 消化管穿孔(頻度不明) 心窩部痛、腹痛等の症状が認められた場合には直ちに投与を中止し、適切な処置を行うこと。,,PMDA iyakuSearch
ウイキョウ末,中,11.2 その他の副作用 頻度不明 泌尿器 長期・大量投与により腎結石、尿路結石 代謝異常 長期投与により高マグネシウム血症 消化器 便秘 その他 注 1 ) 低カリウム血症、血圧上昇、体重増加、浮腫 注 1 ) カンゾウを配合するため、長期連用により発現することがある。,,PMDA iyakuSearch
ケイ酸アルミン酸マグネシウム,高,11.1 重大な副作用 11.1.1 ショック、アナフィラキシー(いずれも頻度不明) 11.2 その他の副作用 頻度不明 長期・大量投与 腎結石、尿路結石 代謝異常 注 1 ) 高マグネシウム血症 消化器 便秘 過敏症 発疹 その他 注 2 ) 低カリウム血症、血圧上昇、体重増加、浮腫 注 1 ) 長期投与によりあらわれることがある。 注 2 ) カンゾウを配合しているため、長期連用によりあらわれることがある。,,PMDA iyakuSearch
フェニレフリン塩酸塩,高,11.1 重大な副作用 11.1.1 ショック、アナフィラキシー(いずれも頻度不明) 紅斑、発疹、呼吸困難、血圧低下、眼瞼浮腫等の症状があらわれることがある。 11.2 その他の副作用 頻度不明 眼 結膜炎(結膜充血・浮腫、眼脂等)、角膜上皮障害、眼圧上昇、眼瞼炎、眼のそう痒感 皮膚 そう痒、発疹、蕁麻疹 消化器 口渇、悪心・嘔吐 その他 顔面潮紅、頻脈、血圧上昇、頭痛,,PMDA iyakuSearch
リン酸水素カルシウム水和物,高,"11.1 重大な副作用 11.1.1 高カルシウム血症、結石症(いずれも頻度不明) カルシウム剤の長期投与により、高カルシウム血症及び結石症があらわれることがある。 , , ,",,PMDA iyakuSearch
リボフラビン酪酸エステル,中,11.2 その他の副作用 0.1〜5%未満 0.1%未満 消化器 下痢、悪心・嘔吐、胃膨満、腹部膨満 胃不快感、食欲不振 注)再評価結果を含む,,PMDA iyakuSearch
テプレノン,高,11.1 重大な副作用 11.1.1 肝機能障害、黄疸(いずれも頻度不明) AST、ALT、γ-GTP、Al-Pの上昇等を伴う肝機能障害、黄疸があらわれることがある。 11.2 その他の副作用 0.1~5%未満 0.1%未満 頻度不明 消化器 便秘、下痢、嘔気、口渇、腹痛、腹部膨満感 肝臓 AST、ALTの上昇 精神神経系 頭痛 過敏症 発疹、瘙痒感 その他 総コレステロールの上昇、眼瞼の発赤・熱感 血小板減少 注)発現頻度は製造販売後調査を含む。,,PMDA iyakuSearch
無水カフェイン,高,11.1 重大な副作用 11.1.1 ショック(頻度不明) 脈拍の異常、呼吸困難、顔面蒼白、血圧低下等のショック症状があらわれることがある。 11.1.2 中毒性表皮壊死融解症(Toxic Epidermal Necrolysis:TEN)(頻度不明)、皮膚粘膜眼症候群(Stevens-Johnson症候群)(頻度不明) 11.1.3 麦角中毒(頻度不明) 血管攣縮、動脈内膜炎、チアノーゼ、壊疽等の麦角中毒症状を起こすことがあるので、四肢のしびれ感、ピリピリ感及び痛み、脈の消失等の異常が認められた場合には投与を中止し、適切な処置を行うこと。また、腎血流障害による腎機能障害、脳血流障害による意識障害、麻痺等を伴うこともある。(特に長期又は大量投与によりあらわれることがある。) 11.1.4 エルゴタミン誘発性の頭痛(頻度不明)、頭痛を主訴とする禁断症状(頻度不明) 長期連用によりエルゴタミン誘発性の頭痛があらわれることがあり、また、投与を急に中止すると、頭痛を主訴とする禁断症状があらわれることがある。 11.1.5 肝機能障害(頻度不明)、黄疸(頻度不明) AST、ALT等の上昇を伴う肝機能障害、黄疸があらわれることがある。 11.1.6 心筋虚血(頻度不明)、心筋梗塞(頻度不明) 心筋虚血、心筋梗塞を起こすことがあるので、前胸痛等の異常が認められた場合には投与を中止し、適切な処置を行うこと。 11.1.7 線維症(頻度不明) 長期連用により、胸膜、後腹膜又は心臓弁の線維症があらわれたとの報告がある。,,PMDA iyakuSearch
乾燥水酸化アルミニウムゲル,中,11.2 その他の副作用 頻度不明 消化器 便秘、悪心・嘔吐 その他 アルミニウム脳症、アルミニウム骨症、貧血,,PMDA iyakuSearch
トウガラシチンキ,中,11.2 その他の副作用 頻度不明 皮膚 注 1 ) 刺激感、疼痛等 注 1 ) これらの症状が強くあらわれた場合には、濃度を下げるなど適切な処置を行うこと。,,PMDA iyakuSearch
トリメブチンマレイン酸塩,高,11.1 重大な副作用 11.1.1 肝機能障害(0.1%未満)、黄疸(頻度不明) AST、ALT、ALP、LDH、γ-GTPの上昇等を伴う肝機能障害、黄疸があらわれることがある。 11.2 その他の副作用 0.1%未満 消化器 便秘、下痢、腹鳴、口渇、口内しびれ感、悪心、嘔吐 循環器 心悸亢進 精神神経系 眠気、めまい、倦怠感、頭痛 過敏症 発疹、蕁麻疹、そう痒感 泌尿器 排尿障害、尿閉 注)発現頻度は、製造販売後調査の結果を含む。,,PMDA iyakuSearch
エピナスチン塩酸塩,高,11.1 重大な副作用 11.1.1 肝機能障害、黄疸(頻度不明) AST、ALT、γ-GTP、Al-P、LDHの上昇等の肝機能障害(初期症状:全身倦怠感、食欲不振、発熱、嘔気・嘔吐等)、黄疸があらわれることがある。 11.1.2 血小板減少(頻度不明) 11.2 その他の副作用 0.1~5%未満 0.1%未満 頻度不明 過敏症 発疹 じん麻疹、かゆみ、そう痒性紅斑 浮腫(顔面、手足等) 精神神経系 眠気、倦怠感、頭痛、めまい 不眠、悪夢、しびれ感、頭がボーッとした感じ 幻覚、幻聴 消化器 嘔気、食欲不振、胃部不快感、胃もたれ感、腹痛、下痢、口渇 嘔吐、胃重感、便秘、口唇乾燥感、腹部膨満感 口内炎 腎臓 蛋白尿 泌尿器 尿閉 頻尿、血尿等の膀胱炎様症状 循環器 心悸亢進 呼吸器 呼吸困難、去痰困難、鼻閉 血液 白血球数増加 血小板減少 その他 月経異常、ほてり、にがみ、味覚低下、胸痛 女性型乳房、乳房腫大,,PMDA iyakuSearch
ハッカ,高,"11.1 重大な副作用 11.1.1 ショック、アナフィラキシー(いずれも頻度不明) 胸内苦悶、悪寒、冷汗、呼吸困難、四肢しびれ感、血圧低下、血管浮腫、蕁麻疹等があらわれた場合には投与を中止し、適切な処置を行うこと。 11.1.2 急性腎障害、ネフローゼ症候群(いずれも頻度不明) 乏尿、血尿、尿蛋白、BUN・血中クレアチニン上昇、高カリウム血症、低アルブミン血症等が認められた場合には投与を中止するなど適切な処置を行うこと。 11.1.3 胃腸出血(頻度不明) 11.1.4 再生不良性貧血(頻度不明) 11.1.5 喘息発作の誘発(アスピリン喘息)(頻度不明) 乾性ラ音、喘鳴、呼吸困難感等の初期症状が発現した場合は投与を中止すること。 , 11.1.6 中毒性表皮壊死融解症(Toxic Epidermal Necrolysis : TEN)、皮膚粘膜眼症候群(Stevens-Johnson 症候群)、剥脱性皮膚炎(いずれも頻度不明) 11.1.7 意識障害、意識喪失を伴う痙攣 フルルビプロフェン アキセチルにおいて、意識障害、意識喪失を伴う痙攣(0.1%未満)があらわれるとの報告がある。 11.1.8 * 心筋梗塞、脳血管障害(いずれも頻度不明) * 心筋梗塞、脳血管障害等の心血管系血栓塞栓性事象があらわれることがある 1) 。",,PMDA iyakuSearch
アスピリン,高,"11.1 重大な副作用 11.1.1 ** ショック、アナフィラキシー(いずれも頻度不明) ショックやアナフィラキシー(呼吸困難、全身潮紅、血管性浮腫、蕁麻疹等)があらわれることがある。 11.1.2 出血(頻度不明) 脳出血等の頭蓋内出血(初期症状:頭痛、悪心・嘔吐、意識障害、片麻痺等)、肺出血、消化管出血、鼻出血、眼底出血等があらわれることがある。 , , , 11.1.3 中毒性表皮壊死融解症(Toxic Epidermal Necrolysis:TEN)、皮膚粘膜眼症候群(Stevens-Johnson症候群)、剥脱性皮膚炎(いずれも頻度不明) 11.1.4 再生不良性貧血、血小板減少、白血球減少(いずれも頻度不明) , , 11.1.5 喘息発作の誘発(頻度不明) , 11.1.6 肝機能障害、黄疸(いずれも頻度不明) AST、ALT、γ-GTP等の著しい上昇を伴う肝機能障害や黄疸があらわれることがある。 , , , , 11.1.7 消化性潰瘍、小腸・大腸潰瘍(いずれも頻度不明) 下血(メレナ)を伴う胃潰瘍・十二指腸潰瘍等の消化性潰瘍があらわれることがある。また、消化管出血、腸管穿孔、狭窄・閉塞を伴う小腸・大腸潰瘍があらわれることがある。",,PMDA iyakuSearch
グリチルリチン,高,11.1 重大な副作用 11.1.1 ショック、アナフィラキシーショック(頻度不明) 血圧低下、意識消失、呼吸困難、心肺停止、潮紅、顔面浮腫等があらわれることがある。 11.1.2 アナフィラキシー(頻度不明) 呼吸困難、潮紅、顔面浮腫等があらわれることがある。 11.1.3 偽アルドステロン症(頻度不明) 増量又は長期連用により高度の低カリウム血症、低カリウム血症の発現頻度の上昇、血圧上昇、ナトリウム・体液の貯留、浮腫、体重増加等があらわれるおそれがある。 また、低カリウム血症の結果として、脱力感、筋力低下などがあらわれるおそれがある。 11.2 その他の副作用 0.1~5%未満 0.1%未満 頻度不明 過敏症 発疹 蕁麻疹、そう痒 体液・電解質 血清カリウム値の低下 注 1 ) 浮腫 循環器 血圧上昇 注 1 ) 消化器 上腹部不快感 嘔気・嘔吐 呼吸器 咳嗽 眼 一過性の視覚異常(目のかすみ、目のチカチカ等) その他 全身倦怠感、筋肉痛、異常感覚(しびれ感、ピリピリ感等)、発熱、過呼吸症状(肩の熱感、四肢冷感、冷汗、口渇、動悸)、尿糖陽性 頭痛、熱感、気分不良 注 1 ) 投与量の増加により発現頻度の上昇傾向が認められる。 頻度は使用成績調査を含む,,PMDA iyakuSearch
ショウキョウ末,中,11.2 その他の副作用 頻度不明 泌尿器 長期・大量投与により腎結石、尿路結石 代謝異常 長期投与により高マグネシウム血症 消化器 便秘 その他 注 1 ) 低カリウム血症、血圧上昇、体重増加、浮腫 注 1 ) カンゾウを配合するため、長期連用により発現することがある。,,PMDA iyakuSearch
スクラルファート水和物,中,"11.2 その他の副作用 0.1~5%未満 0.1%未満 頻度不明 消化器 便秘、口渇、悪心 嘔気等 皮膚 発疹、蕁麻疹等 過敏症 アナフィラキシー反応 注:長期投与によりアルミニウム脳症、アルミニウム骨症、貧血等があらわれるおそれがある。 15. その他の注意 15.1 臨床使用に基づく情報 経管栄養処置を受けている成人患者、低出生体重児及び新生児発育不全において、胃石・食道結石がみられたとの報告があるので、観察を十分に行い、これらが疑われた場合には本剤の投与を中止し、適切な処置を行うこと。 17. 臨床成績 17.1 有効性及び安全性に関する試験 国内のべ659施設、2,026例で実施した胃潰瘍 1) 、十二指腸潰瘍 2) に対する内視鏡判定を主体にした一般臨床試験、及び急性胃炎・慢性胃炎の急性増悪期 3) の二重盲検試験成績は次の通りである。 対象 胃潰瘍 十二指腸潰瘍 施設数 総症例数 354施設 1,216例 224施設 667例 内視鏡判定を主体にした治癒率(%) 4週後 270/913例 (29.6) 321/667例 (48.1) 8週後 541/752例 (71.9) 535/667例 (80.2) 対象 急性胃炎・慢性胃炎の 急性増悪 施設数 総症例数 81施設 143例 内視鏡総合改善度(%) 2週後 68/98例 (69.4) 4週後 73/91例 (80.2)",,PMDA iyakuSearch
カフェイン,中,11.2 その他の副作用 頻度不明 循環器 頻脈 注 1 ) 、期外収縮 注 1 ) 精神神経系 振せん 注 1 ) 、耳鳴 注 1 ) 、不眠 注 1 ) 、不穏 注 1 ) 注 1 ) 大量投与によりあらわれることがある。,,PMDA iyakuSearch
塩化ナトリウム,中,11.2 その他の副作用 〈経口〉 頻度不明 大量投与 悪心・嘔吐等の消化器症状、高ナトリウム血症、うっ血性心不全、浮腫,,PMDA iyakuSearch
パンテノール,高,11.1 重大な副作用 11.1.1 ショック(0.1%未満) 血圧低下、胸内苦悶、呼吸困難等があらわれた場合には、直ちに投与を中止し、適切な処置を行うこと。 11.2 その他の副作用 頻度不明 過敏症 発疹、そう痒感等,,PMDA iyakuSearch
イオウ,中,11.2 その他の副作用 頻度不明 過敏症 過敏症状 皮膚 皮膚炎等 長期・大量使用又は高濃度の使用 皮膚炎,,PMDA iyakuSearch
スルファジアジン,高,11.1 重大な副作用 11.1.1 汎血球減少(頻度不明) 11.1.2 皮膚壊死(頻度不明) 11.1.3 間質性腎炎(頻度不明) 11.2 その他の副作用 0.1~5%未満 頻度不明 過敏症 発疹、接触皮膚炎 発赤、光線過敏症 菌交代現象 耐性菌・非感性菌による化膿性感染症 血液 白血球減少 貧血、血小板減少 皮膚 疼痛,,PMDA iyakuSearch
カルプロニウム塩化物水和物,中,11.2 その他の副作用 0.1~5%未満 頻度不明 過敏症 一過性の発赤、そう痒感 アセチルコリン様作用 刺激痛、局所発汗、熱感 全身性の発汗、それに伴う悪寒、戦慄、嘔気、嘔吐,,PMDA iyakuSearch
ビタミンB1,高,11.1 重大な副作用 11.1.1 ショック(0.1%未満)、アナフィラキシー(頻度不明) 全身皮膚潮紅、そう痒感、血圧低下、胸内苦悶、呼吸困難、痙攣等があらわれた場合には、直ちに投与を中止し、適切な処置を行うこと。 11.2 その他の副作用 0.1%以上 0.1%未満 過敏症 発疹 そう痒感 消化器 悪心・嘔吐 投与部位 局所疼痛,,PMDA iyakuSearch
ハッカ油,高,"11.1 重大な副作用 11.1.1 ショック、アナフィラキシー(いずれも頻度不明) 胸内苦悶、悪寒、冷汗、呼吸困難、四肢しびれ感、血圧低下、血管浮腫、蕁麻疹等があらわれた場合には投与を中止し、適切な処置を行うこと。 11.1.2 急性腎障害、ネフローゼ症候群(いずれも頻度不明) 乏尿、血尿、尿蛋白、BUN・血中クレアチニン上昇、高カリウム血症、低アルブミン血症等が認められた場合には投与を中止するなど適切な処置を行うこと。 11.1.3 胃腸出血(頻度不明) 11.1.4 再生不良性貧血(頻度不明) 11.1.5 喘息発作の誘発(アスピリン喘息)(頻度不明) 乾性ラ音、喘鳴、呼吸困難感等の初期症状が発現した場合は投与を中止すること。 , 11.1.6 中毒性表皮壊死融解症(Toxic Epidermal Necrolysis : TEN)、皮膚粘膜眼症候群(Stevens-Johnson 症候群)、剥脱性皮膚炎(いずれも頻度不明) 11.1.7 意識障害、意識喪失を伴う痙攣 フルルビプロフェン アキセチルにおいて、意識障害、意識喪失を伴う痙攣(0.1%未満)があらわれるとの報告がある。 11.1.8 * 心筋梗塞、脳血管障害(いずれも頻度不明) * 心筋梗塞、脳血管障害等の心血管系血栓塞栓性事象があらわれることがある 1) 。",,PMDA iyakuSearch
ヒドロコルチゾン酢酸エステル,高,11.1 重大な副作用 11.1.1 ショック、アナフィラキシー(いずれも頻度不明) 血圧低下、じん麻疹、呼吸困難等があらわれた場合は、直ちに使用を中止し、適切な処置を行うこと。 11.2 その他の副作用 0.1~5%未満 頻度不明 口腔 舌のしびれ、味覚異常、口内炎、黒舌症等 真菌性感染症 注2) 、細菌性感染症 注2) 過敏症 過敏症状 下垂体・副腎皮質系機能 下垂体・副腎皮質系機能の抑制(長期連用による) 消化器 胃部不快感、胃部膨満感、嘔吐、下痢等 注1)発現頻度は再評価結果に基づく。 注2)適切な抗真菌剤、抗菌剤等を併用し、症状が速やかに改善しない場合には使用を中止すること。,,PMDA iyakuSearch
L−アスパラギン酸マグネシウム,高,11.1 重大な副作用 11.1.1 心臓伝導障害(頻度不明) 一時に大量を投与するとあらわれることがある。高カリウム血症の治療にはカルシウム剤、重炭酸ナトリウム、高張食塩液、ブドウ糖・インスリン、陽イオン交換樹脂、透析が緊急度に応じて選択される。 11.2 その他の副作用 頻度不明 消化器 胃腸障害、胸やけ、下痢、嘔吐、腹部膨満感 その他 倦怠感、熱感,,PMDA iyakuSearch
イブプロフェンピコノール,中,11.2 その他の副作用 1~5%未満 1%未満 頻度不明 皮膚 刺激感 つっぱり感、そう痒感、症状の悪化、色素沈着 接触皮膚炎(発疹、腫脹、水疱・びらん、熱感、鱗屑等)、膿疱、皮膚乾燥 血管障害 発赤,,PMDA iyakuSearch
ヨウ化カリウム,中,11.2 その他の副作用 頻度不明 過敏症 発疹 肝臓 肝機能異常(AST上昇、ALT上昇、Al-P上昇等)、ビリルビン上昇 精神神経系 パーキンソン様症状 その他 血中マンガン上昇,,PMDA iyakuSearch
セチルピリジニウム塩化物水和物,高,"11.1 重大な副作用 11.1.1 ショック(頻度不明) 血圧降下、顔面蒼白、脈拍の異常、呼吸抑制等があらわれることがある。 11.1.2 中枢神経系障害(頻度不明) 振せん、痙れん等の中毒症状があらわれることがあるので、観察を十分に行い、このような症状があらわれた場合には、直ちに投与を中止し、ジアゼパム又は超短時間作用型バルビツール酸製剤(チオペンタールナトリウム等)の投与等の適切な処置を行うこと。 11.2 その他の副作用 1%未満 頻度不明 歯周組織 歯肉退縮、発赤、歯肉部疼痛 中枢神経 注1) 眠気、不安、興奮、霧視、眩暈等 消化器 注1) 悪心・嘔吐等 過敏症 蕁麻疹等の皮膚症 状、浮腫等 注1)このような症状があらわれた場合は、ショックあるいは中毒へ移行することがあるので、患者の全身状態の観察を十分に行い、必要に応じて適切な処置を行うこと。 注2)再審査時の調査を含む。 17. 臨床成績 17.1 有効性及び安全性に関する試験 17.1.1 国内臨床試験 国内2施設において実施された、支台歯形成・窩洞形成、ラバーダム除去、交換期抜歯において小出血を生じた患者を対象とした臨床試験の結果、止血状態の有効率は97.0%(65/67例)であった 1) , 2) 。 17.2 製造販売後調査等 有効性解析対象症例670例における有効率は95.2%(638/670例)であった。安全性解析対象症例556例における副作用発現率は0.90%(5/556例) であった。その内訳は、発赤0.18%(1例)、歯肉退縮が0.72%(4例)、歯肉部疼痛が0. 18%(1例)であった。",,PMDA iyakuSearch
ピロキシカム,中,11.2 その他の副作用 0.1~1%未満 0.1%未満 頻度不明 皮膚 a) (局所) 湿疹・皮膚炎、そう痒感 発赤、発疹、粃糠様落屑 過敏症 b) 光線過敏症 a:症状が強い場合には使用を中止すること。 b:発現した場合には使用を中止すること。,,PMDA iyakuSearch
L−リシン塩酸塩,中,"11.2 その他の副作用 10%以上 10%未満 過敏症 ― 紅斑 腎臓 ― 頻尿 消化器 悪心 ― その他 ― 注入部位血管外漏出 15. その他の注意 15.1 臨床使用に基づく情報 ペプチド受容体放射性核種療法において、L-リシン塩酸塩とL-アルギニン塩酸塩を含む輸液の投与により、高カリウム血症が発現したとの報告があり、臨床症状(動悸、胸痛、全身倦怠感)や心電図異常(flattened P waves、high peaked T waves)を伴う症例も報告されている 1) , 2) 。 17. 臨床成績 17.1 有効性及び安全性に関する試験 17.1.1 国内第I/II相臨床試験(P-1515-12) ソマトスタチン受容体陽性の切除不能又は遠隔転移を有する消化管神経内分泌腫瘍患者3例に本剤投与下においてルテチウムオキソドトレオチド( 177 Lu)を投与し、被曝線量を評価した。腎臓のルテチウムオキソドトレオチド( 177 Lu)29.6GBqあたりの推定吸収線量(平均&plusmn;SD)は、20.7&plusmn;5.29Gyであった 注) 。 副作用は消化管、膵又は肺神経内分泌腫瘍患者全15例中、4例(26.7%)に認められた。主な副作用は悪心2例(13.3%)であった。 注)腎臓の最小耐容線量(TD5/5:5年間で5%に副作用を生じる線量)及び最大耐容線量(TD50/5:5年間で50%に副作用を生じる線量)はそれぞれ23Gy及び28Gyとされている 3) 。",,PMDA iyakuSearch
パパベリン塩酸塩,中,11.2 その他の副作用 頻度不明 肝臓 アレルギー性の肝障害 過敏症 発疹 循環器 心悸亢進、血圧上昇 精神神経系 めまい、ねむけ、頭痛 消化器 便秘、口渇、食欲不振、胸やけ、心窩部痛 その他 顔面潮紅、発汗,,PMDA iyakuSearch
ニコチン酸アミド,高,11.1 重大な副作用 11.1.1 ショック(0.1%未満) 血圧低下、胸内苦悶、呼吸困難等があらわれた場合には、直ちに投与を中止し、適切な処置を行うこと。 11.2 その他の副作用 頻度不明 過敏症 発疹、そう痒感等,,PMDA iyakuSearch
葉酸,中,11.2 その他の副作用 頻度不明 過敏症 紅斑、瘙痒感、全身倦怠等 消化器 食欲不振、悪心等 その他 浮腫、体重減少,,PMDA iyakuSearch
乾燥酵母,中,11.2 その他の副作用 頻度不明 消化器 下痢 注 1 ) 注 1 ) 大量投与によりあらわれることがある。,,PMDA iyakuSearch
ニガキ末,中,11.2 その他の副作用 頻度不明 泌尿器 長期・大量投与により腎結石、尿路結石 代謝異常 長期投与により高マグネシウム血症 消化器 便秘 その他 注 1 ) 低カリウム血症、血圧上昇、体重増加、浮腫 注 1 ) カンゾウを配合するため、長期連用により発現することがある。,,PMDA iyakuSearch
フェルビナク,高,11.1 重大な副作用 11.1.1 ショック、アナフィラキシー(いずれも頻度不明) ショック、アナフィラキシー(蕁麻疹、血管浮腫、呼吸困難等)があらわれることがある。 11.2 その他の副作用 頻度不明 皮膚 皮膚炎(発疹、湿疹を含む)、そう痒、発赤、接触皮膚炎、刺激感、水疱,,PMDA iyakuSearch
プロメタジンメチレンジサリチル酸塩,高,"11.1 重大な副作用 11.1.1 ショック、アナフィラキシー(いずれも頻度不明) 呼吸困難、全身潮紅、血管浮腫、蕁麻疹等があらわれることがある。 11.1.2 中毒性表皮壊死融解症(Toxic Epidermal Necrolysis:TEN)、皮膚粘膜眼症候群(Stevens-Johnson症候群)、急性汎発性発疹性膿疱症、剥脱性皮膚炎(いずれも頻度不明) 11.1.3 * 薬剤性過敏症症候群(頻度不明) 初期症状として発疹、発熱がみられ、更に肝機能障害、リンパ節腫脹、白血球増加、好酸球増多、異型リンパ球出現等を伴う遅発性の重篤な過敏症状があらわれることがある。なお、ヒトヘルペスウイルス6(HHV-6)等のウイルスの再活性化を伴うことが多く、投与中止後も発疹、発熱、肝機能障害等の症状が再燃あるいは遷延化することがあるので注意すること。 11.1.4 再生不良性貧血、汎血球減少、無顆粒球症、溶血性貧血、血小板減少(いずれも頻度不明) 11.1.5 喘息発作の誘発(頻度不明) , 11.1.6 間質性肺炎、好酸球性肺炎(いずれも頻度不明) 咳嗽、呼吸困難、発熱、肺音の異常等が認められた場合には、速やかに胸部X線、胸部CT、血清マーカー等の検査を実施すること。異常が認められた場合には投与を中止し、副腎皮質ホルモン剤の投与等の適切な処置を行うこと。 11.1.7 劇症肝炎、肝機能障害、黄疸(いずれも頻度不明) , , , , , , , , , 11.1.8 乳児突然死症候群(SIDS)、乳児睡眠時無呼吸発作(いずれも頻度不明) プロメタジン製剤を小児(特に2歳未満)に投与した場合、乳児突然死症候群(SIDS)及び乳児睡眠時無呼吸発作があらわれたとの報告がある 4) 。",,PMDA iyakuSearch
ウフェナマート,中,11.2 その他の副作用 0.1~5%未満 0.1%未満 過敏症 発赤、そう痒、丘疹、接触皮膚炎、腫脹、潮紅 皮膚 刺激感、灼熱感、皮膚乾燥 びらん,,PMDA iyakuSearch
アンブロキソール塩酸塩,高,11.1 重大な副作用 11.1.1 ショック、アナフィラキシー(いずれも頻度不明) 発疹、顔面浮腫、呼吸困難、血圧低下等があらわれることがある。 11.1.2 皮膚粘膜眼症候群(Stevens-Johnson症候群)(頻度不明) 11.2 その他の副作用 0.1~5%未満 0.1%未満 頻度不明 消化器 胃不快感 胃痛、腹部膨満感、腹痛、下痢、嘔気、嘔吐、便秘、食思不振、消化不良(胃部膨満感、胸やけ等) 過敏症 発疹、蕁麻疹、蕁麻疹様紅斑、そう痒 血管浮腫(顔面浮腫、眼瞼浮腫、口唇浮腫等) 肝臓 肝機能障害(AST上昇、ALT上昇等) その他 口内しびれ感、上肢のしびれ感 めまい 注)発現頻度は錠、液、シロップ及び徐放カプセルの承認時までの臨床試験及び使用成績調査を含む。,,PMDA iyakuSearch
カシ,高,11.1 重大な副作用 11.1.1 ショック(0.1%未満) 初期症状として、不快感、口内異常感、喘鳴、眩暈、便意、耳鳴、発汗等があらわれることがある。 11.1.2 第8脳神経障害(0.1~5%未満) 耳鳴・耳閉塞感・耳痛・眩暈・難聴等の第8脳神経障害(主として蝸牛機能障害)があらわれることがある。 11.1.3 急性腎障害(頻度不明) 重篤な腎障害があらわれることがある。 11.2 その他の副作用 0.1~5%未満 0.1%未満 頻度不明 過敏症 発疹 そう痒、発熱 腎臓 浮腫、蛋白尿、血尿、血清クレアチニン上昇、BUN上昇、乏尿 カリウム等の電解質異常 肝臓 AST上昇、ALT上昇 Al-P上昇 血液 白血球減少、好酸球増多 消化器 下痢、悪心・嘔吐 ビタミン欠乏症 ビタミンK欠乏症状(低プロトロンビン血症、出血傾向等)、ビタミンB群欠乏症状(舌炎、口内炎、食欲不振、神経炎等) 投与部位 (筋注の場合) 注射部位の疼痛、硬結 その他 頭痛、口唇部のしびれ感,,PMDA iyakuSearch
炙甘草,高,11.1重大な副作用 11.2その他の副作用 20.取扱い上の注意 22.包装 24.文献請求先及び問い合わせ先 26.製造販売業者等 コタロー炙甘草湯エキス細粒 添付文書番号 5200066C1022_1_12 企業コード 270127 作成又は改訂年月 2023年7月改訂(第1版) 日本標準商品分類番号 875200 薬効分類名 漢方製剤 承認等 コタロー炙甘草湯エキス細粒 販売名コード YJコード 5200066C1022 販売名ひらがな こたろーしゃかんぞうとうえきすさいりゅう 承認番号等 承認番号 16100AMZ04039000 販売開始年月 1986年10月 貯法・有効期間 貯法 室温保存 有効期間 3年 一般的名称 炙甘草湯 2. 禁忌(次の患者には投与しないこと) 2.1 アルドステロン症の患者[当該疾患及びその症状が悪化するおそれがある。] 2.2 ミオパチーのある患者[当該疾患及びその症状が悪化するおそれがある。] 2.3 低カリウム血症のある患者[当該疾患及びその症状が悪化するおそれがある。] 3. 組成・性状 3.1 組成 コタロー炙甘草湯エキス細粒 有効成分 本剤15.0g中&nbsp;&nbsp; 日局シャカンゾウ&nbsp;&nbsp; 3.0g 日局ケイヒ&nbsp;&nbsp; 3.0g 日局マシニン&nbsp;&nbsp; 3.0g 日局タイソウ&nbsp;&nbsp; 3.0g 日局ニンジン&nbsp;&nbsp; 3.0g 日局ジオウ&nbsp;&nbsp; 6.0g 日局ショウキョウ&nbsp;&nbsp; 0.8g 日局バクモンドウ&nbsp;&nbsp; 6.0g 上記の混合生薬より抽出した水製乾燥エキス9.0gと 日局ゼラチン&nbsp;&nbsp; 2.0gを含有する。,,PMDA iyakuSearch
次硝酸ビスマス,高,11.1 重大な副作用 11.1.1 精神神経系障害(頻度不明) ビスマス塩類(次硝酸ビスマス、次没食子酸ビスマス)1日3~20gの連続経口投与(1ヵ月~数年間)により、間代性痙攣、昏迷、錯乱、運動障害等の精神神経系障害(初期症状:不安、不快感、記憶力減退、頭痛、無力感、注意力低下、振戦等)があらわれたとの報告がある。これらの報告によれば、症状は投与中止後数週間~数ヵ月で回復している 1) 。 11.1.2 血液障害(頻度不明) 亜硝酸中毒(メトヘモグロビン血症、血圧降下、皮膚の紅潮)があらわれることがある。また、便秘があらわれた場合には、亜硝酸中毒を起こすおそれがある 1) 。 11.2 その他の副作用 0.1~5%未満 頻度不明 消化器 嘔気、食欲不振 粘膜 歯齦縁、舌、口腔内等に青色又は青黒色の着色,,PMDA iyakuSearch
アシタザノラスト水和物,中,11.2 その他の副作用 0.1~3%未満 0.1%未満 頻度不明 過敏症 眼瞼皮膚炎、眼瞼炎 接触性皮膚炎 眼 眼刺激、眼痛、眼瞼浮腫 結膜浮腫、結膜充血、眼充血、角膜炎、流涙増加、眼そう痒症,,PMDA iyakuSearch
アゼラスチン塩酸塩,中,11.2 その他の副作用 0.1〜5%未満 0.1%未満 頻度不明 精神神経系 眠気、倦怠感 めまい、頭痛、手足のしびれ 消化器 口渇、悪心・嘔吐 口内及び口周囲のあれ、食欲不振、胸やけ、胃部不快感、腹痛、便秘、下痢 循環器 顔面のほてり、動悸 呼吸器 鼻乾燥、息苦しさ 肝臓 AST、ALTの上昇等 Al-Pの上昇 過敏症 発疹 血液 白血球増多 泌尿器 頻尿 排尿困難、血尿 その他 苦味感、味覚異常 浮腫 月経異常 注)発現頻度は製造販売後調査を含む。,,PMDA iyakuSearch
フルスルチアミン,高,11.1 重大な副作用 11.1.1 ショック(頻度不明) 血圧低下、胸内苦悶、呼吸困難等の異常が認められた場合には投与を中止し、適切な処置を行うこと。 11.2 その他の副作用 頻度不明 過敏症 発疹、そう痒感 消化器 悪心、嘔吐、舌炎、下痢 その他 頭痛、頻尿,,PMDA iyakuSearch
乳酸カルシウム,中,11.2 その他の副作用 頻度不明 消化器 便秘 その他 高カルシウム血症 注 1 ) 、結石症 注 1 ) 注 1 ) 長期投与によりあらわれることがある。,,PMDA iyakuSearch
チョウジ,中,11.2 その他の副作用 頻度不明 口腔粘膜 貼付(装着)部位直下の潰瘍、本剤表面と接触する粘膜面のあれ,,PMDA iyakuSearch
芍薬,高,11.1重大な副作用 11.2その他の副作用 20.取扱い上の注意 22.包装 24.文献請求先及び問い合わせ先 26.製造販売業者等 ツムラ桂枝加芍薬大黄湯エキス顆粒(医療用) 添付文書番号 5200033D1023_1_10 企業コード 460026 作成又は改訂年月 2023年12月改訂(第1版) 日本標準商品分類番号 875200 薬効分類名 漢方製剤 承認等 ツムラ桂枝加芍薬大黄湯エキス顆粒(医療用) 販売名コード YJコード 5200033D1023 販売名ひらがな つむらけいしかしゃくやくだいおうとうえきすかりゅう(いりょうよう) 承認番号等 承認番号 16100AMZ01170000 販売開始年月 1986年10月 貯法・有効期間 貯法 室温保存 有効期間 3年 一般的名称 桂枝加芍薬大黄湯 3. 組成・性状 3.1 組成 ツムラ桂枝加芍薬大黄湯エキス顆粒(医療用) 有効成分 本品7.5g中、下記の割合の混合生薬の乾燥エキス&nbsp;&nbsp; 4.0gを含有する。,,PMDA iyakuSearch
L−アルギニン塩酸塩,高,11.1 重大な副作用 11.1.1 * アナフィラキシー(頻度不明) 11.2 その他の副作用 頻度不明 過敏症 発疹、蕁麻疹 消化器 一過性の嘔気,,PMDA iyakuSearch
リボフラビンリン酸エステルナトリウム,高,11.1 重大な副作用 11.1.1 ショック(0.1%未満) 血圧低下、胸内苦悶、呼吸困難等があらわれた場合には、直ちに投与を中止し、適切な処置を行うこと。 11.2 その他の副作用 頻度不明 過敏症 発疹、そう痒感等,,PMDA iyakuSearch
サリチルアミド,高,"11.1 重大な副作用 11.1.1 ショック、アナフィラキシー(いずれも頻度不明) ** 呼吸困難、全身潮紅、血管性浮腫、蕁麻疹等があらわれることがある。 11.1.2 中毒性表皮壊死融解症(Toxic Epidermal Necrolysis:TEN)、皮膚粘膜眼症候群(Stevens-Johnson症候群)、急性汎発性発疹性膿疱症、剥脱性皮膚炎(いずれも頻度不明) 11.1.3 再生不良性貧血、無顆粒球症(いずれも頻度不明) 11.1.4 喘息発作の誘発(頻度不明) , 11.1.5 間質性肺炎(頻度不明) 発熱、咳嗽、呼吸困難、胸部X線異常、好酸球増多を伴う間質性肺炎があらわれることがあるので、このような症状があらわれた場合には投与を中止し、副腎皮質ホルモン剤の投与等の適切な処置を行うこと。 11.1.6 劇症肝炎、肝機能障害、黄疸(いずれも頻度不明) 劇症肝炎、AST、ALT、γ-GTPの上昇等を伴う肝機能障害、黄疸があらわれることがある。 , , , , , 11.1.7 間質性腎炎、急性腎障害(いずれも頻度不明) 11.1.8 横紋筋融解症(頻度不明) 筋肉痛、脱力感、CK上昇、血中及び尿中ミオグロビン上昇を特徴とする横紋筋融解症があらわれることがある。 11.1.9 薬剤性過敏症症候群(頻度不明) 初期症状として発疹、発熱がみられ、更に肝機能障害、リンパ節腫脹、白血球増加、好酸球増多、異型リンパ球出現等を伴う遅発性の重篤な過敏症状があらわれることがある。なお、ヒトヘルペスウイルス6(HHV-6)等のウイルスの再活性化を伴うことが多く、投与中止後も発疹、発熱、肝機能障害等の症状が再燃あるいは遷延化することがあるので注意すること。",,PMDA iyakuSearch
L−エチルシステイン塩酸塩,中,11.2 その他の副作用 0.1~5%未満 頻度不明 消化器 悪心・嘔吐、食欲不振 過敏症 発疹 その他 喀血、悪寒、発熱 注)使用成績調査、文献調査に基づく情報を含む。,,PMDA iyakuSearch
バシトラシン,高,"11.1 重大な副作用 11.1.1 腎障害、難聴(いずれも頻度不明) 本剤の長期連用により、腎障害、難聴があらわれることがある。 , 11.1.2 ショック、アナフィラキシー(いずれも頻度不明) ショック、アナフィラキシー(呼吸困難、そう痒感、潮紅、顔面腫脹、発汗、嘔気、血圧低下等)を起こすことがある。 11.2 その他の副作用 頻度不明 過敏症 発疹、発赤、腫脹 菌交代現象 バシトラシン非感受性菌による感染症をおこすことがある。",,PMDA iyakuSearch
カルシフェロール,中,11.2 その他の副作用 頻度不明 消化器 便秘、下痢、悪心、嘔吐、腹部不快感 皮 膚 発疹、紅斑、そう痒症,,PMDA iyakuSearch
ベンフォチアミン,中,11.2 その他の副作用 頻度不明 過敏症 発疹、そう痒感 消化器 食欲不振、胃部不快感、悪心・嘔吐、下痢,,PMDA iyakuSearch
チョウジ末,高,11.1 重大な副作用 11.1.1 ショック、アナフィラキシー(いずれも頻度不明) 11.2 その他の副作用 頻度不明 長期・大量投与 腎結石、尿路結石 代謝異常 注 1 ) 高マグネシウム血症 消化器 便秘 過敏症 発疹 その他 注 2 ) 低カリウム血症、血圧上昇、体重増加、浮腫 注 1 ) 長期投与によりあらわれることがある。 注 2 ) カンゾウを配合しているため、長期連用によりあらわれることがある。,,PMDA iyakuSearch
塩化カリウム,高,11.1 重大な副作用 11.1.1 消化管の閉塞、潰瘍又は穿孔(いずれも頻度不明) 嚥下時の疼痛、激しい嘔吐・腹痛・腹部膨満、消化管出血等があらわれた場合には、直ちに投与を中止する。 11.1.2 心臓伝導障害(頻度不明) 一時に大量投与した場合にあらわれやすい。 11.2 その他の副作用 頻度不明 消化器 悪心・嘔吐、腹部不快感、下痢 過敏症 蕁麻疹、発疹、そう痒感,,PMDA iyakuSearch
リチウム,高,"11.1 重大な副作用 11.1.1 リチウム中毒(頻度不明) 初期症状として食欲低下、嘔気、嘔吐、下痢等の消化器症状、振戦、傾眠、錯乱等の中枢神経症状、運動障害、運動失調等の運動機能症状、発熱、発汗等の全身症状を示すことがあるので、このような症状が認められた場合には、減量又は投与を中止するなど適切な処置を行うこと。なお、中毒が進行すると、急性腎障害により電解質異常が発現し、全身けいれん、ミオクローヌス等がみられることがある。 処置:投与を中止し、感染症の予防、心・呼吸機能の維持とともに補液、利尿剤(マンニトール、アミノフィリン等)等により本剤の排泄促進、電解質平衡の回復を図ること。利尿剤に反応しない場合や腎障害が認められる場合は、血液透析を施行すること。血液透析を施行する場合は、施行後に低下した血清リチウム濃度が再上昇することがあるので、施行後血清リチウム濃度測定を行い再上昇がみられた場合には、再度の血液透析等の適切な処置を行うこと。 , , , , 11.1.2 悪性症候群(Syndrome malin)(頻度不明) 向精神薬(抗精神病薬等)との併用により、悪性症候群があらわれることがあるので、無動緘黙、強度の筋強剛、嚥下困難、頻脈、血圧の変動、発汗等が発現し、それに引き続き発熱がみられる場合は、投与を中止し、体冷却、水分補給等の全身管理とともに適切な処置を行うこと。悪性症候群においては、筋肉障害(CK上昇)や横紋筋融解症が起こることがある。この際、急性腎障害に至る場合もあり、十分な観察を行うこと。 11.1.3 洞不全症候群、高度徐脈(頻度不明) 異常が認められた場合には、投与を中止すること。 11.1.4 腎性尿崩症(頻度不明) 多飲、多尿などの症状が発現した場合には、電解質濃度の測定等の観察を十分に行い、異常が認められた場合には、投与を中止すること。",,PMDA iyakuSearch
フラボキサート塩酸塩,高,11.1 重大な副作用 11.1.1 ショック、アナフィラキシー(いずれも頻度不明) 蕁麻疹、冷汗、呼吸困難、喉頭浮腫、血圧低下等の異常が認められた場合には直ちに投与を中止し、適切な処置を行うこと。 11.1.2 肝機能障害、黄疸(いずれも頻度不明) AST、ALT、γ-GTP、Al-P、ビリルビンの著しい上昇等を伴う肝機能障害、黄疸があらわれることがあるので、観察を十分に行い、全身倦怠感、食欲不振、発熱、そう痒、眼球黄染等の異常が認められた場合には投与を中止し、適切な処置を行うこと。 11.2 その他の副作用 0.1~1%未満 0.1%未満 頻度不明 消化器 胃部不快感、食欲不振、悪心、口渇、下痢、便秘 嘔吐、胃痛、腹痛、胸やけ 過敏症 発疹、そう痒感等の過敏症状 精神神経系 ねむけ、不眠、頭痛、めまい、頭部のふらふら感、しびれ感 眼 つかれ目、眼圧亢進、調節障害 血液 好酸球増多、白血球減少 泌尿器 排尿困難、尿閉 その他 下腹部膨満感、顔面熱感 動悸、胸部不快感、熱感、咽頭部異和感、嗄声 注)発現頻度は使用成績調査を含む。,,PMDA iyakuSearch
ロートエキス,中,11.2 その他の副作用 頻度不明 眼 散瞳、羞明、霧視、調節障害等 消化器 口渇、悪心・嘔吐、便秘等 泌尿器 排尿障害 精神神経系 頭痛、頭重感、めまい等 循環器 頻脈等 過敏症 過敏症状 その他 顔面紅潮,,PMDA iyakuSearch
スルファメトキサゾール,高,"11.1 重大な副作用 11.1.1 再生不良性貧血、溶血性貧血、巨赤芽球性貧血、メトヘモグロビン血症、汎血球減少、無顆粒球症、血小板減少症(以上頻度不明) , , , , 11.1.2 血栓性血小板減少性紫斑病(TTP)、溶血性尿毒症症候群(HUS)(以上頻度不明) TTP(主徴:血小板減少、破砕赤血球の出現を認める溶血性貧血、精神神経症状、発熱、腎機能障害)、HUS(主徴:血小板減少、破砕赤血球の出現を認める溶血性貧血、急性腎障害)があらわれることがあるので、異常が認められた場合には投与を中止し、血漿交換等の適切な処置を行うこと。 11.1.3 ショック、アナフィラキシー(以上頻度不明) 初期症状:不快感、口内異常感、喘鳴、眩暈、便意、耳鳴、発汗、浮腫等 , 11.1.4 ** 中毒性表皮壊死融解症(Toxic Epidermal Necrolysis:TEN)、皮膚粘膜眼症候群(Stevens-Johnson症候群)、多形紅斑、急性汎発性発疹性膿疱症(以上頻度不明) 11.1.5 薬剤性過敏症症候群 6) (頻度不明) 初期症状として発疹、発熱がみられ、更に肝機能障害、リンパ節腫脹、白血球増加、好酸球増多、異型リンパ球出現等を伴う遅発性の重篤な過敏症状があらわれることがある。なお、ヒトヘルペスウイルス6(HHV-6)等のウイルスの再活性化を伴うことが多く、投与中止後も発疹、発熱、肝機能障害等の症状が再燃あるいは遷延化することがあるので注意すること。 11.1.6 急性膵炎(頻度不明) 11.1.7 偽膜性大腸炎等の血便を伴う重篤な大腸炎(頻度不明) 腹痛、頻回の下痢があらわれた場合には直ちに投与を中止するなど適切な処置を行うこと。",,PMDA iyakuSearch
エストラジオール,高,"11.1 重大な副作用 11.1.1 血栓症(頻度不明) 長期連用により、血栓症が起こることが報告されている。 , , 11.2 その他の副作用 頻度不明 過 敏 症 過敏症状 精神神経系 精神障害の再発 電解質代謝 高カルシウム血症、ナトリウム・体液の貯留 子 宮 消退出血、不正出血、経血量の変化 乳 房 乳房痛、乳房緊満感 そ の 他 頭痛",,PMDA iyakuSearch
チモ,高,"11.1 重大な副作用 11.1.1 肝機能障害(0.5%)、黄疸(0.1%) AST、ALTの増加等を伴う肝機能障害、黄疸があらわれることがある。また、肝機能については、臨床試験において、AST、ALT増加の発現率が高かったことから、異常が認められた場合には、投与継続の可否を検討するとともに、特に目安として100IU以上に増加した場合は投与を中止すること。 , , 11.1.2 汎血球減少症(0.1%)、無顆粒球症(頻度不明)、白血球減少(0.1%) 異常が認められた場合には、投与継続の可否を検討するとともに、適切な処置を行うこと。なお、赤血球減少、白血球減少、血小板減少等の血液障害が認められた場合は、必要に応じ本剤の投与を中止又は休薬し、適切な処置を行うこと。 11.1.3 消化性潰瘍(0.7%) シクロオキシゲナーゼ阻害作用によると考えられる消化性潰瘍があらわれることがあるので、下血等の消化器症状があらわれた場合には投与を中止し、適切な処置を行うこと。 11.1.4 間質性肺炎(0.3%) 発熱、咳嗽、呼吸困難等の症状に注意し、異常が認められた場合には速やかに胸部X線検査等やKL-6、CRP等の臨床検査値を確認し、投与を中止するとともに、ニューモシスティス肺炎との鑑別診断(β-Dグルカンの測定等)を考慮に入れ、副腎皮質ホルモン剤の投与等の適切な処置を行うこと。 11.1.5 感染症(0.2%) 敗血症、膿胸等の感染症があらわれることがある。",,PMDA iyakuSearch
炭酸マグネシウム,高,"11.1 重大な副作用 11.1.1 ショック、アナフィラキシー(いずれも頻度不明) ** ショック、アナフィラキシー(呼吸困難、全身潮紅、血管性浮腫、蕁麻疹等)があらわれることがある。 11.1.2 出血(頻度不明) 脳出血等の頭蓋内出血(初期症状:頭痛、悪心・嘔吐、意識障害、片麻痺等)があらわれることがある。 肺出血、消化管出血、鼻出血、眼底出血等があらわれることがある。 , , , , 11.1.3 中毒性表皮壊死融解症(Toxic Epidermal Necrolysis:TEN)、皮膚粘膜眼症候群(Stevens-Johnson症候群)、剥脱性皮膚炎(いずれも頻度不明) 11.1.4 再生不良性貧血、血小板減少、白血球減少(いずれも頻度不明) 11.1.5 喘息発作の誘発(頻度不明) , 11.1.6 肝機能障害、黄疸(いずれも頻度不明) AST、ALT、γ-GTP等の著しい上昇を伴う肝機能障害や黄疸があらわれることがある。 , , 11.1.7 消化性潰瘍、小腸・大腸潰瘍(いずれも頻度不明) 下血(メレナ)を伴う胃潰瘍・十二指腸潰瘍等の消化性潰瘍があらわれることがある。また、消化管出血、腸管穿孔、狭窄・閉塞を伴う小腸・大腸潰瘍があらわれることがある。 , , 11.1.8 ** アレルギー反応に伴う急性冠症候群(頻度不明) 11.2 その他の副作用 頻度不明 消化器 胃腸障害、嘔吐、腹痛、胸やけ、便秘、下痢、食道炎、口唇腫脹、吐血、吐き気、悪心、食欲不振、胃部不快感 過敏症 蕁麻疹、発疹、浮腫 皮膚 瘙痒、皮疹、膨疹、発汗 精神神経系 めまい、興奮、頭痛 肝臓 AST上昇、ALT上昇 腎臓 腎障害 循環器 血圧低下、血管炎、心窩部痛 呼吸器 過呼吸、気管支炎、鼻出血、鼻炎 感覚器 角結膜炎、耳鳴、難聴 血液 貧血 その他 代謝性アシドーシス、倦怠感",,PMDA iyakuSearch
コレカルシフェロール,中,11.2 その他の副作用 頻度不明 消化器 便秘、下痢、悪心、嘔吐、腹部不快感 皮 膚 発疹、紅斑、そう痒症,,PMDA iyakuSearch
乳酸カルシウム水和物,中,11.2 その他の副作用 頻度不明 消化器 便秘 その他 高カルシウム血症 注 1 ) 、結石症 注 1 ) 注 1 ) 長期投与によりあらわれることがある。,,PMDA iyakuSearch
クレマスチンフマル酸塩,高,11.1 重大な副作用 11.1.1 痙攣(頻度不明)、興奮(頻度不明) 乳児、幼児では特に注意すること。 11.1.2 肝機能障害(頻度不明)、黄疸(頻度不明) AST、ALT、ALP、LDH、γ-GTPの上昇等を伴う肝機能障害、黄疸があらわれることがある。 11.2 その他の副作用 5%以上 0.1%~5%未満 0.1%未満 頻度不明 過敏症 ― ― ― 発疹 精神神経系 眠気 頭重、けん怠感 ― 浮動性めまい 消化器 ― 悪心・嘔吐、口渇、食欲不振 下痢 ― 肝臓 ― ― ― AST、ALT、ALP、LDH、γ-GTPの上昇,,PMDA iyakuSearch
イブプロフェン,中,11.2 その他の副作用 1~5%未満 1%未満 頻度不明 皮膚 刺激感 つっぱり感、そう痒感、症状の悪化、色素沈着 接触皮膚炎(発疹、腫脹、水疱・びらん、熱感、鱗屑等)、膿疱、皮膚乾燥 血管障害 発赤,,PMDA iyakuSearch
ジプロフィリン,中,11.2 その他の副作用 5%以上 0.1~5%未満 頻度不明 過敏症 発疹 循環器 動悸 精神神経系 眠気、倦怠感 手足のしびれ感、頭重感、めまい 神経過敏、頭痛 消化器 口渇 悪心・嘔吐、下痢,,PMDA iyakuSearch
ヒノキチオール,高,11.1 重大な副作用 11.1.1 ショック(頻度不明) 血圧降下、顔面蒼白、脈拍の異常、呼吸抑制等の症状があらわれた場合には、直ちに使用を中止し、適切な処置を行うこと。(アミノ安息香酸エチルによる) 11.1.2 振戦、痙攣(いずれも頻度不明) 振戦、痙攣等の中毒症状があらわれた場合には、直ちに使用を中止し、ジアゼパム又は超短時間作用型バルビツール酸製剤(チオペンタールナトリウム等)の投与等の適切な処置を行うこと。(アミノ安息香酸エチルによる) 11.2 その他の副作用 頻度不明 中枢神経 注 1 ) 眠気、不安、興奮、霧視、眩暈、悪心・嘔吐等(アミノ安息香酸エチルによる) 過敏症 過敏症状 下垂体・副腎皮質系 下垂体・副腎皮質系機能の抑制(大量又は長期にわたる使用による) 血液 メトヘモグロビン血症(アミノ安息香酸エチルによる) 注 1 ) このような症状があらわれた場合は、ショックあるいは中毒への移行に注意すること。,,PMDA iyakuSearch
ジクロフェナク,高,"11.1 重大な副作用 11.1.1 ショック、アナフィラキシー(0.4%) , 11.2 その他の副作用 1%~5%未満 0.1%~1%未満 頻度不明 神経系障害 頭痛、振戦 心臓障害 動悸 呼吸器、胸郭および縦隔障害 呼吸困難 胃腸障害 悪心、嘔吐 * 皮膚および皮下組織障害 蕁麻疹、そう痒症、発疹、紅斑、血管性浮腫 筋骨格系および結合組織障害 筋骨格痛、筋肉痛、四肢不快感 一般・全身障害および投与部位の状態 注射部位関節痛 倦怠感、発熱、注射部位関節腫脹 臨床検査 γ-グルタミルトランスフェラーゼ増加、肝機能検査異常",,PMDA iyakuSearch
ジアスメン,中,11.2 その他の副作用 頻度不明 泌尿器 長期・大量投与により腎結石、尿路結石 代謝異常 長期投与により高マグネシウム血症 消化器 便秘 その他 注 1 ) 低カリウム血症、血圧上昇、体重増加、浮腫 注 1 ) カンゾウを配合するため、長期連用により発現することがある。,,PMDA iyakuSearch
薬用炭,中,11.2 その他の副作用 頻度不明 消化器 消化不良 長期連用 ビタミン類及び鉱物質等の吸着による栄養障害,,PMDA iyakuSearch
フェキソフェナジン塩酸塩,高,11.1 重大な副作用 11.1.1 ショック、アナフィラキシー(いずれも頻度不明) 呼吸困難、血圧低下、意識消失、血管浮腫、胸痛、潮紅等の過敏症状があらわれた場合には投与を中止し、適切な処置を行うこと。 11.1.2 肝機能障害、黄疸(いずれも頻度不明) AST、ALT、γ-GTP、Al-P、LDHの上昇等の肝機能障害、黄疸があらわれることがある。 11.1.3 無顆粒球症(頻度不明)、白血球減少(0.2%)、好中球減少(0.1%未満) 11.2 その他の副作用 0.1~5%未満 0.1%未満 頻度不明 精神神経系 頭痛、眠気、疲労、倦怠感、めまい、不眠、神経過敏 悪夢、睡眠障害、しびれ感 消化器 嘔気、嘔吐、口渇、腹痛、下痢、消化不良 便秘 過敏症 そう痒 蕁麻疹、潮紅、発疹 血管浮腫 肝臓 AST上昇、ALT上昇 腎臓・泌尿器 頻尿 排尿困難 循環器 動悸、血圧上昇 その他 呼吸困難、味覚異常、浮腫、胸痛、月経異常 発現頻度は使用成績調査を含む,,PMDA iyakuSearch
タウリン,中,11.2 その他の副作用 〈高ビリルビン血症(閉塞性黄疸を除く)における肝機能の改善、うっ血性心不全〉 頻度不明 注 1 ) 消化器 悪心、下痢、腹部不快感、便秘、軟便、食欲減退 過敏症 発疹 その他 脱力感 注 1 ) 国内文献において報告されている副作用のため頻度不明 〈MELAS症候群における脳卒中様発作の抑制〉 20%以上 注 2 ) 20%未満 注 2 ) 精神神経系 不眠症 消化器 口内炎 便秘、下痢、胃食道逆流性疾患、裂孔ヘルニア、胃腸炎、食欲減退 その他 頻尿、四肢痛、γ-グルタミルトランスフェラーゼ増加、血中クレアチンホスホキナーゼ増加 注 2 ) MELAS症候群患者を対象とした国内臨床試験2試験での発現頻度に基づく,,PMDA iyakuSearch
ペミロラストカリウム,中,11.2 その他の副作用 0.1~5%未満 0.1%未満 過敏症 ―― 発疹、そう痒、蕁麻疹、浮腫(顔面、四肢等)、湿疹、顔面潮紅 精神神経系 眠気 倦怠感、頭痛、頭がボーッとする 消化器 腹痛、嘔気 下痢、口渇、便秘、食欲不振、胸やけ、胃もたれ感、嘔吐、口内炎 血 液 ―― 貧血、血小板増加 肝 臓 ALT上昇、AST上昇 γ-GTP上昇、Al-P上昇 腎 臓 ―― 蛋白尿、BUN上昇 泌尿器 ―― 頻尿、血尿等の膀胱炎様症状 その他 ―― 全身関節痛、鼻腔乾燥感、鼻痛 注)発現頻度は、錠・ドライシロップに関する使用成績調査を含む,,PMDA iyakuSearch
コデインリン酸塩水和物,高,11.1 重大な副作用 11.1.1 依存性(頻度不明) 連用により生じることがある。また、連用中における投与量の急激な減少ないし投与の中止により、あくび、くしゃみ、流涙、発汗、悪心、嘔吐、下痢、腹痛、散瞳、頭痛、不眠、不安、せん妄、振戦、全身の筋肉・関節痛、呼吸促迫等の退薬症候があらわれることがあるので、投与を中止する場合には、1日用量を徐々に減量するなど、患者の状態を観察しながら行うこと。 11.1.2 呼吸抑制(頻度不明) 息切れ、呼吸緩慢、不規則な呼吸、呼吸異常等があらわれた場合には、投与を中止するなど適切な処置を行うこと。なお、本剤による呼吸抑制には、麻薬拮抗剤(ナロキソン、レバロルファン等)が拮抗する。 11.1.3 錯乱、せん妄(頻度不明) 11.1.4 無気肺、気管支痙攣、喉頭浮腫(頻度不明) 11.1.5 麻痺性イレウス、中毒性巨大結腸(頻度不明) 炎症性腸疾患の患者に投与した場合にあらわれるとの報告がある。 11.2 その他の副作用 頻度不明 循環器 不整脈、血圧変動、顔面潮紅 精神神経系 眠気、めまい、視調節障害、発汗 消化器 悪心、嘔吐、便秘 過敏症 発疹、そう痒感 その他 排尿障害,,PMDA iyakuSearch
L−バリン,中,11.2 その他の副作用 0.1~5%未満 頻度不明 消化器 腹部膨満感、下痢、腹部不快感、食欲不振、口渇 嘔気、便秘、腹痛、嘔吐、おくび、胸やけ等 腎臓 BUN上昇、血中クレアチニン上昇等 代謝 血中アンモニア値の上昇等 肝臓 AST上昇、ALT上昇、T-Bilの上昇等 皮膚 発疹、そう痒等 その他 倦怠感、浮腫(顔、下肢等)、発赤、ほてり,,PMDA iyakuSearch
ブチルスコポラミン臭化物,高,11.1 重大な副作用 11.1.1 ショック、アナフィラキシー(いずれも頻度不明) 悪心・嘔吐、悪寒、皮膚蒼白、血圧低下、呼吸困難、気管支攣縮、浮腫、血管浮腫等があらわれることがある。 11.2 その他の副作用 5%以上 0.1~5%未満 頻度不明 眼 調節障害 散瞳、閉塞隅角緑内障 消化器 口渇 腹部膨満感、鼓腸、便秘 泌尿器 排尿障害 精神神経系 頭痛、頭重感 循環器 心悸亢進 過敏症 発疹 蕁麻疹、紅斑、そう痒症,,PMDA iyakuSearch
リドカイン塩酸塩,高,11.1 重大な副作用 11.1.1 ショック(頻度不明) 徐脈、不整脈、血圧低下、呼吸抑制、チアノーゼ、意識障害等を生じ、まれに心停止を来すことがある。また、まれにアナフィラキシーショックを起こしたとの報告がある。 11.1.2 意識障害、振戦、痙攣(いずれも頻度不明) 意識障害、振戦、痙攣等の中毒症状があらわれることがあるので、観察を十分に行い、このような症状があらわれた場合には、直ちに投与を中止し、適切な処置を行うこと。 11.1.3 異常感覚、知覚・運動障害(いずれも頻度不明) 注射針の留置時に神経に触れることにより一過性の異常感覚が発現することがある。また、神経が注射針や薬剤あるいは虚血によって障害を受けると、まれに持続的な異常感覚、疼痛、知覚障害、運動障害等の神経学的疾患があらわれることがある。 11.1.4 悪性高熱(頻度不明) まれに原因不明の頻脈・不整脈・血圧変動、急激な体温上昇、筋強直、血液の暗赤色化(チアノーゼ)、過呼吸、発汗、アシドーシス、高カリウム血症、ミオグロビン尿(ポートワイン色尿)等を伴う重篤な悪性高熱があらわれることがある。本剤を投与中、悪性高熱に伴うこれらの症状を認めた場合は、直ちに投与を中止し、ダントロレンナトリウムの静注、全身冷却、純酸素による過換気、酸塩基平衡の是正等、適切な処置を行うこと。また、本症は腎不全を続発することがあるので、尿量の維持を図ること。 11.2 その他の副作用 頻度不明 中枢神経 注 1 ) 眠気、不安、興奮、霧視、眩暈、頭痛等 循環器 動悸、頻脈、血圧上昇等 消化器 注 1 ) 悪心・嘔吐等 過敏症 蕁麻疹等の皮膚症状、浮腫等 投与部位 潰瘍、壊死等 注 1 ) このような症状があらわれた場合は、ショックあるいは中毒へ移行することがあるので、患者の全身状態の観察を十分に行い、必要に応じて適切な処置を行うこと。,,PMDA iyakuSearch
トコフェロール,中,11.2 その他の副作用 0.1~5%未満 0.1%未満 消化器 便秘、胃部不快感 下痢 過敏症 発疹,,PMDA iyakuSearch
ヘパリン類似物質,中,11.2 その他の副作用 頻度不明 過敏症 発赤、そう痒、発疹、皮膚炎、皮膚刺激 皮膚(投与部位) 多毛,,PMDA iyakuSearch
タンニン酸,高,11.1 重大な副作用 11.1.1 ショック、アナフィラキシー(いずれも頻度不明) 呼吸困難、蕁麻疹、顔面浮腫等の過敏症状あるいは気管支喘息発作等の症状が発現することがある。 11.2 その他の副作用 頻度不明 長期・大量投与 肝障害 消化器 便秘、食欲不振,,PMDA iyakuSearch
硫酸マグネシウム水和物,高,11.1 重大な副作用 11.1.1 マグネシウム中毒(頻度不明) 多量投与により、まれに中毒を起こし、熱感、血圧低下、中枢神経抑制、呼吸麻痺等の症状があらわれることがある。解毒にはカルシウム剤を静注する。,,PMDA iyakuSearch
サリチル酸,高,11.1 重大な副作用 11.1.1 無顆粒球症、溶血性貧血(いずれも頻度不明) 11.1.2 肝炎、黄疸(いずれも頻度不明) 肝炎、黄疸等があらわれることがある。 11.1.3 低リン血症(頻度不明) 持続的な低リン血症による骨症状(骨軟化症等)の報告がある。 11.2 その他の副作用 頻度不明 過敏症 発熱、皮膚症状 血液 白血球減少、血小板減少 甲状腺 甲状腺機能障害又は甲状腺腫 肝臓 AST、ALTの上昇 腎臓 蛋白尿 消化器 食欲不振、悪心、胃部不快感、下痢 注)発現頻度は再評価結果を含む。,,PMDA iyakuSearch
プレドニゾロン,中,11.2 その他の副作用 0.1~1%未満 1%以上 頻度不明 過敏症 過敏症状 精神・神経系 傾眠、頭痛、めまい、振戦、不眠症、脱力感 循環器 血圧上昇、心悸亢進、不整脈 呼吸器 乾燥感、鼻漏 鼻やのどの刺激(感) 熱感、反応性充血、鼻局所の化膿性感染症誘発 その他 口渇 苦味 長期投与により反応性の低下、創傷治癒の遅延,,PMDA iyakuSearch
ベクロメタゾンプロピオン酸エステル,中,11.2 その他の副作用 1%以上 1%未満 頻度不明 過敏症 じん麻疹等の発疹、そう痒、浮腫、紅斑 口腔ならびに呼吸器 咳、咽喉頭症状(疼痛、異和感)、口渇、嗄声、気管支喘息の増悪、口内炎 咽喉頭症状(刺激感、異物感、発赤)、感染、口腔カンジダ症、味覚障害、呼吸器カンジダ症、口腔ならびに咽頭アスペルギルス症、肺好酸球増多症 消化器 悪心 食欲不振、嘔吐、下痢、腹痛 肝臓 AST、ALT、γ-GTP、ALPの上昇 循環器 高血圧、動悸 筋肉・骨格 関節痛、筋肉痛、脱力感 精神神経系 気分不良、頭痛 倦怠感、憂うつ感 その他 コルチゾール減少、鼻出血 尿糖、白血球増多、リンパ球減少、尿潜血 鼻炎、嗅覚障害,,PMDA iyakuSearch
水酸化アルミニウム,中,11.2 その他の副作用 頻度不明 消化器 便秘、悪心・嘔吐 その他 アルミニウム脳症、アルミニウム骨症、貧血,,PMDA iyakuSearch
グルコン酸カルシウム水和物,高,"11.1 重大な副作用 11.1.1 高カルシウム血症、結石症(いずれも頻度不明) カルシウム剤の長期投与により、高カルシウム血症及び結石症があらわれることがある。 , , , , , 11.2 その他の副作用 頻度不明 消化器 食欲不振、悪心・嘔吐、便秘、胃痛 その他 倦怠感",,PMDA iyakuSearch
プロピレングリコール,高,"11.1 重大な副作用 11.1.1 低血糖(頻度不明) 低血糖があらわれることがあるので、低血糖症状が認められた場合には、糖質を含む食品を摂取するなど適切な処置を行うこと。ただし、α-グルコシダーゼ阻害剤との併用時はブドウ糖を投与すること。 , , , , , , , , 11.1.2 腎盂腎炎(0.1%未満) 注 1 ) 、外陰部及び会陰部の壊死性筋膜炎(フルニエ壊疽)(頻度不明) 注 1 ) 、敗血症(0.1%未満) 注 1 ) 腎盂腎炎、外陰部及び会陰部の壊死性筋膜炎(フルニエ壊疽)があらわれ、敗血症(敗血症性ショックを含む)に至ることがある。 , 11.1.3 脱水(頻度不明) 注 1 ) 口渇、多尿、頻尿、血圧低下等の症状があらわれ脱水が疑われる場合には、休薬や補液等の適切な処置を行うこと。脱水に引き続き脳梗塞を含む血栓・塞栓症等を発現した例が報告されている。 , , , 11.1.4 ケトアシドーシス(頻度不明) 血糖値が高値でなくとも、ケトアシドーシス(糖尿病ケトアシドーシスを含む)があらわれることがある。特に1型糖尿病患者において多く認められている。",,PMDA iyakuSearch
ビホナゾール,中,11.2 その他の副作用 0.1~5%未満 0.1%未満 頻度不明 皮膚 皮膚炎、発赤 紅斑、そう痒、びらん、水疱 局所の刺激感、鱗屑、亀裂、皮膚軟化、乾燥、浮腫、じん麻疹,,PMDA iyakuSearch
フルスルチアミン塩酸塩,高,11.1 重大な副作用 11.1.1 ショック(頻度不明) 血圧低下、胸内苦悶、呼吸困難等の異常が認められた場合には投与を中止し、適切な処置を行うこと。 11.2 その他の副作用 頻度不明 過敏症 発疹、そう痒感 消化器 悪心、嘔吐、舌炎、下痢 その他 頭痛、頻尿,,PMDA iyakuSearch
プレドニゾロン酢酸エステル,高,11.1 重大な副作用 11.1.1 緑内障(0.1%未満) 連用により、数週後から眼圧亢進、また、緑内障があらわれることがある。 11.1.2 角膜ヘルペス、角膜真菌症、眼部の緑膿菌感染症の誘発(いずれも頻度不明) 11.1.3 眼部の穿孔(頻度不明) 角膜ヘルペス、角膜潰瘍又は外傷等に使用した場合には穿孔を生じることがある。 11.1.4 後嚢白内障(0.1%未満) 長期使用により、後嚢白内障があらわれることがある。 11.2 その他の副作用 0.1%未満 頻度不明 過敏症 刺激感 下垂体・副腎皮質系 長期使用による下垂体・副腎皮質系機能の抑制 その他 全身使用の場合と同様な症状 注 1 ) 創傷治癒の遅延 注 1 ),,PMDA iyakuSearch
ブテナフィン塩酸塩,中,11.2 その他の副作用 0.1~5%未満 0.1%未満 頻度不明 皮膚 接触皮膚炎、局所の発赤・紅斑、刺激感、そう痒、水疱 落屑 糜爛、亀裂,,PMDA iyakuSearch
ベタメタゾン吉草酸エステル,高,11.1 重大な副作用 11.1.1 眼圧亢進、緑内障、後嚢白内障(いずれも頻度不明) 眼瞼皮膚への使用に際しては眼圧亢進、緑内障 2) を起こすことがある。 大量又は長期にわたる広範囲の使用、密封法(ODT)により、緑内障、後嚢白内障等があらわれることがある。 11.2 その他の副作用 0.1~5%未満 注 1 ) 頻度不明 過敏症 皮膚の刺激感、接触性皮膚炎、発疹 眼 中心性漿液性網脈絡膜症 皮膚 魚鱗癬様皮膚変化 皮膚の感染症 注 2 ) ゲンタマイシン耐性菌又は非感性菌による感染症、真菌症(カンジダ症、白癬等)、ウイルス感染症 その他の皮膚症状 注 3 ) ざ瘡様発疹、酒さ様皮膚炎・口囲皮膚炎(ほほ、口囲等に潮紅、丘疹、膿疱、毛細血管拡張)、ステロイド皮膚(皮膚萎縮、毛細血管拡張、紫斑)、多毛、色素脱失 下垂体・副腎皮質系 下垂体・副腎皮質系機能の抑制 注 4 ) 長期連用 注 5 ) 腎障害、難聴 注 1 ) 再評価結果を含む。 注 2 ) このような症状があらわれた場合には、本剤の使用を中止し、適切な抗菌剤、抗真菌剤等に切り替えること。密封法(ODT)の場合に起こりやすい。 注 3 ) 長期連用により、このような症状があらわれた場合にはその使用を差し控え、副腎皮質ホルモンを含有しない薬剤に切り替えること。 注 4 ) 大量又は長期にわたる広範囲の使用、密封法(ODT)により発現した事象。投与中止により急性副腎皮質機能不全に陥る危険性があるため、投与を中止する際は患者の状態を観察しながら徐々に減量すること。 注 5 ),,PMDA iyakuSearch
ジクロフェナクナトリウム,高,11.1 重大な副作用 11.1.1 ショック、アナフィラキシー(いずれも頻度不明) 蕁麻疹、血管浮腫、呼吸困難等があらわれることがある。 11.1.2 角膜潰瘍、角膜穿孔(いずれも頻度不明) 角膜びらん等があらわれた場合には投与を中止し、適切な処置を行うこと。 11.2 その他の副作用 0.1~1%未満 0.1%未満 眼 びまん性表層角膜炎、角膜びらん 一過性の疼痛、瘙痒感、乾燥感,,PMDA iyakuSearch
ビオヂアスターゼ,中,11.2 その他の副作用 頻度不明 長期・大量投与 腎結石、尿路結石 代謝異常 注1) 高マグネシウム血症 消化器 便秘 過敏症 発疹 その他 注2) 低カリウム血症、血圧上昇、体重増加、浮腫 注1)長期投与によりあらわれることがある。 注2) カンゾウを配合しているため、長期投与によりあらわれることがある。,,PMDA iyakuSearch
ヒドロコルチゾン酪酸エステル,高,11.1 重大な副作用 11.1.1 眼圧亢進、緑内障、白内障(いずれも頻度不明) 眼瞼皮膚への使用に際しては、眼圧亢進、緑内障、白内障を起こすおそれがある。大量又は長期にわたる広範囲の使用、密封法(ODT)により、緑内障、後嚢下白内障等の症状があらわれるおそれがある。 11.2 その他の副作用 0.1~5%未満 0.1%未満 頻度不明 注意・処置 皮膚の感染症 真菌症(白癬等)、細菌感染症(毛嚢炎・せつ、汗疹等) 真菌症(カンジダ症)、細菌感染症(伝染性膿痂疹)、ウイルス感染症 密封法(ODT)の場合に起こり易い。このような症状があらわれた場合には、適切な抗真菌剤、抗菌剤等を併用し、症状が速やかに改善しない場合には本剤の使用を中止すること。 その他の皮膚症状 ざ瘡様疹 酒さ様皮膚炎・口囲皮膚炎(ほほ、口囲等に潮紅、膿疱、丘疹、毛細血管拡張)、ステロイド皮膚(皮膚萎縮、毛細血管拡張、紫斑) 特に長期連用に際しては注意すること。このような症状があらわれた場合には徐々にその使用を差し控え、副腎皮質ステロイドを含有しない薬剤に切り換えること。 その他の皮膚症状 乾皮症様皮膚 接触皮膚炎、魚鱗癬様皮膚変化、多毛、色素脱失 過敏症 過敏症(発赤、そう痒感、刺激感、皮膚炎等) 下垂体・副腎皮質系機能 下垂体・副腎皮質系機能の抑制 大量又は長期にわたる広範囲の使用、密封法(ODT)により、きたすことがある。,,PMDA iyakuSearch
ケトプロフェン,高,"11.1 重大な副作用 11.1.1 ショック(頻度不明)、アナフィラキシー(0.1%未満) ショック、アナフィラキシー(蕁麻疹、呼吸困難、顔面浮腫等)があらわれることがある。 11.1.2 喘息発作の誘発(アスピリン喘息)(0.1%未満) 乾性ラ音、喘鳴、呼吸困難感等の初期症状が発現した場合は使用を中止すること。なお、本剤による喘息発作の誘発は、貼付後数時間で発現している。 , 11.1.3 接触皮膚炎(5%未満、重篤例は頻度不明) 貼付部に発現した発疹・発赤、そう痒感、刺激感、紅斑等が悪化し、腫脹、浮腫、水疱・びらん等の重度の皮膚炎症状や色素沈着、色素脱失が発現し、さらに全身に皮膚炎症状が拡大し重篤化することがある。なお、使用後数日を経過してから発現することもある。 , , 11.1.4 光線過敏症(頻度不明) 貼付部を紫外線に曝露することにより、強いそう痒を伴う紅斑、発疹、刺激感、腫脹、浮腫、水疱・びらん等の重度の皮膚炎症状や色素沈着、色素脱失が発現し、さらに全身に皮膚炎症状が拡大し重篤化することがある。なお、使用後数日から数カ月を経過してから発現することもある。 , , 11.2 その他の副作用 0.1~5%未満 0.1%未満 頻度不明 皮膚 局所の発疹、発赤、腫脹、そう痒感、刺激感、水疱・びらん、色素沈着 皮下出血 皮膚剥脱 過敏症 蕁麻疹、眼瞼浮腫、顔面浮腫 消化器 消化性潰瘍",,PMDA iyakuSearch
ユビデカレノン,中,11.2 その他の副作用 0.1~5%未満 消化器 胃部不快感、食欲減退、吐気、下痢 過敏症 発疹 発現頻度は副作用発生頻度調査結果に基づく。,,PMDA iyakuSearch
ジクロロ酢酸ジイソプロピルアミン,中,11.2 その他の副作用 頻度不明 精神神経系 頭痛 消化器 腹痛、口渇、食欲不振 その他 皮膚乾燥、歯肉の腫脹,,PMDA iyakuSearch
フラジオマイシン硫酸塩,中,11.2 その他の副作用 頻度不明 皮膚の感染症 クロラムフェニコール・フラジオマイシン耐性菌又は非感性菌による感染症 真菌症(白癬、カンジダ症等) ウイルス感染症 過敏症 皮膚の刺激感 発疹 接触性皮膚炎 その他の皮膚症状 注1) 長期連用による ステロイドざ瘡(尋常性ざ瘡に似るが、白色の面皰が多発する傾向がある) ステロイド皮膚(皮膚萎縮、毛細血管拡張) 魚鱗癬様変化 色素脱失 紫斑 多毛 下垂体・副腎皮質系機能 大量又は長期にわたる広範囲の使用、密封法(ODT)による 下垂体・副腎皮質系機能抑制 眼 眼瞼皮膚への使用による 眼圧亢進 緑内障 眼 大量又は長期にわたる広範囲の使用、密封法(ODT)による 後のう白内障 緑内障 長期連用 注2) 腎障害 難聴 その他 注2) クロラムフェニコールの長期連用による内服、注射等全身投与の場合と同様な症状 注1)徐々にその使用を差し控え、副腎皮質ステロイドを含有しない薬剤に切り換えること。 注2),,PMDA iyakuSearch
ビサコジル,中,11.2 その他の副作用 頻度不明 過敏症 過敏症状 消化器 直腸刺激感、直腸炎、腹部不快感、腹痛、肛門部痛、肛門部不快感等 循環器 一過性の血圧低下、チアノーゼ、蒼白、発汗、冷感等のショック様症状,,PMDA iyakuSearch
エチニルエストラジオール,高,11.1 重大な副作用 11.1.1 血栓症(頻度不明) 長期連用により、血栓症(心筋、脳、四肢等)があらわれることがある。 11.1.2 心不全、狭心症(頻度不明) 11.2 その他の副作用 頻度不明 過敏症 発疹等 肝臓 黄疸、肝機能異常等 循環器 血圧上昇等 精神神経系 精神障害の再発 電解質代謝 大量継続投与により 高カルシウム血症、ナトリウムや体液の貯留 子宮 不正出血、経血量変化、下腹部痛等 乳房 乳房緊満感、乳房痛等 消化器 悪心、嘔吐、下痢、食欲不振、胃痛、腹痛等 その他 頭痛、めまい、倦怠感、陰萎,,PMDA iyakuSearch
コハク,高,11.1 重大な副作用 11.1.1 偽膜性大腸炎等の血便を伴う重篤な大腸炎(頻度不明) 腹痛、頻回の下痢があらわれた場合には、直ちに投与を中止するなど適切な処置を行うこと。 11.1.2 心室頻拍(Torsade de pointesを含む)、QT延長(頻度不明) 11.1.3 ショック、アナフィラキシー(0.03%) 呼吸困難、胸内苦悶、血圧低下等があらわれた場合には投与を中止し、適切な処置を行うこと。 11.1.4 中毒性表皮壊死融解症(Toxic Epidermal Necrolysis:TEN)、皮膚粘膜眼症候群(Stevens-Johnson症候群)(頻度不明) 11.1.5 急性腎障害(急性間質性腎炎)(頻度不明) 11.1.6 肝機能障害、黄疸(頻度不明) AST、ALT、ALPの上昇等を伴う肝機能障害や黄疸があらわれることがある。 11.2 その他の副作用 0.1~5%未満 0.1%未満 頻度不明 過敏症 発疹 蕁麻疹、血管性浮腫 消化器 食欲不振、悪心・嘔吐、胃部不快感、下痢 胃痛、腹部痙攣 鼓腸、便秘、膵炎 眼 視力低下、霧視,,PMDA iyakuSearch
ピレンゼピン塩酸塩水和物,高,11.1 重大な副作用 11.1.1 無顆粒球症(頻度不明) 11.1.2 アナフィラキシー(頻度不明) 発疹、蕁麻疹等があらわれることがある。 11.2 その他の副作用 0.1~5%未満 0.1%未満 消化器 口渇、便秘、下痢、悪心・嘔吐 歯肉痛、膨満感 過敏症 発疹 泌尿器 排尿困難、残尿感 肝臓 AST、ALTの上昇 循環器 心悸亢進 その他 頭重感、たちくらみ、脱力感、嗄声、眼のちらつき、眼の乾燥感に伴う流涙、眼の調節障害 注)使用成績調査を含む。,,PMDA iyakuSearch
イソプロピルアンチピリン,高,11.1 重大な副作用 11.1.1 ショック(頻度不明) 脈拍の異常、呼吸困難、顔面蒼白、血圧低下等のショック症状があらわれることがある。 11.1.2 中毒性表皮壊死融解症(Toxic Epidermal Necrolysis:TEN)(頻度不明)、皮膚粘膜眼症候群(Stevens-Johnson症候群)(頻度不明) 11.1.3 麦角中毒(頻度不明) 血管攣縮、動脈内膜炎、チアノーゼ、壊疽等の麦角中毒症状を起こすことがあるので、四肢のしびれ感、ピリピリ感及び痛み、脈の消失等の異常が認められた場合には投与を中止し、適切な処置を行うこと。また、腎血流障害による腎機能障害、脳血流障害による意識障害、麻痺等を伴うこともある。(特に長期又は大量投与によりあらわれることがある。) 11.1.4 エルゴタミン誘発性の頭痛(頻度不明)、頭痛を主訴とする禁断症状(頻度不明) 長期連用によりエルゴタミン誘発性の頭痛があらわれることがあり、また、投与を急に中止すると、頭痛を主訴とする禁断症状があらわれることがある。 11.1.5 肝機能障害(頻度不明)、黄疸(頻度不明) AST、ALT等の上昇を伴う肝機能障害、黄疸があらわれることがある。 11.1.6 心筋虚血(頻度不明)、心筋梗塞(頻度不明) 心筋虚血、心筋梗塞を起こすことがあるので、前胸痛等の異常が認められた場合には投与を中止し、適切な処置を行うこと。 11.1.7 線維症(頻度不明) 長期連用により、胸膜、後腹膜又は心臓弁の線維症があらわれたとの報告がある。,,PMDA iyakuSearch
マグネシウム,高,"11.1 重大な副作用 11.1.1 ショック、アナフィラキシー(いずれも頻度不明) ** ショック、アナフィラキシー(呼吸困難、全身潮紅、血管性浮腫、蕁麻疹等)があらわれることがある。 11.1.2 出血(頻度不明) 脳出血等の頭蓋内出血(初期症状:頭痛、悪心・嘔吐、意識障害、片麻痺等)があらわれることがある。 肺出血、消化管出血、鼻出血、眼底出血等があらわれることがある。 , , , , 11.1.3 中毒性表皮壊死融解症(Toxic Epidermal Necrolysis:TEN)、皮膚粘膜眼症候群(Stevens-Johnson症候群)、剥脱性皮膚炎(いずれも頻度不明) 11.1.4 再生不良性貧血、血小板減少、白血球減少(いずれも頻度不明) 11.1.5 喘息発作の誘発(頻度不明) , 11.1.6 肝機能障害、黄疸(いずれも頻度不明) AST、ALT、γ-GTP等の著しい上昇を伴う肝機能障害や黄疸があらわれることがある。 , , 11.1.7 消化性潰瘍、小腸・大腸潰瘍(いずれも頻度不明) 下血(メレナ)を伴う胃潰瘍・十二指腸潰瘍等の消化性潰瘍があらわれることがある。また、消化管出血、腸管穿孔、狭窄・閉塞を伴う小腸・大腸潰瘍があらわれることがある。 , , 11.1.8 ** アレルギー反応に伴う急性冠症候群(頻度不明) 11.2 その他の副作用 頻度不明 消化器 胃腸障害、嘔吐、腹痛、胸やけ、便秘、下痢、食道炎、口唇腫脹、吐血、吐き気、悪心、食欲不振、胃部不快感 過敏症 蕁麻疹、発疹、浮腫 皮膚 瘙痒、皮疹、膨疹、発汗 精神神経系 めまい、興奮、頭痛 肝臓 AST上昇、ALT上昇 腎臓 腎障害 循環器 血圧低下、血管炎、心窩部痛 呼吸器 過呼吸、気管支炎、鼻出血、鼻炎 感覚器 角結膜炎、耳鳴、難聴 血液 貧血 その他 代謝性アシドーシス、倦怠感",,PMDA iyakuSearch
グルコン酸カルシウム,高,"11.1 重大な副作用 11.1.1 高カルシウム血症、結石症(いずれも頻度不明) カルシウム剤の長期投与により、高カルシウム血症及び結石症があらわれることがある。 , , , , , 11.2 その他の副作用 頻度不明 消化器 食欲不振、悪心・嘔吐、便秘、胃痛 その他 倦怠感",,PMDA iyakuSearch
ヘパリンナトリウム,高,"11.1 重大な副作用 11.1.1 ショック、アナフィラキシー(いずれも頻度不明) 血圧低下、意識低下、呼吸困難、チアノーゼ、蕁麻疹等の異常が認められた場合には投与を中止し、適切な処置を行うこと。 11.1.2 出血(頻度不明) 脳出血、消化管出血、肺出血、硬膜外血腫、後腹膜血腫、腹腔内出血、術後出血、刺入部出血等、重篤な出血があらわれることがある。 , , , , 11.1.3 血小板減少、HIT等に伴う血小板減少・血栓症(いずれも頻度不明) 著明な血小板減少があらわれることがある。HITはヘパリン-血小板第4因子複合体に対する自己抗体(HIT抗体)の出現による免疫学的機序を介した病態であり、著明な血小板減少と脳梗塞、肺塞栓症、深部静脈血栓症等の血栓症やシャント閉塞、回路内閉塞等を伴う。また、投与終了数週間後に、HITが遅延して発現したとの報告もある。血小板数の著明な減少や血栓症を疑わせる異常が認められた場合には投与を中止し、適切な処置を行うこと。 , , 11.2 その他の副作用 頻度不明 過敏症 そう痒感、蕁麻疹、悪寒、発熱、鼻炎、気管支喘息、流涙等 皮膚 脱毛、白斑、出血性壊死等 肝臓 ASTの上昇、ALTの上昇等 長期投与 骨粗鬆症、低アルドステロン症 投与部位 局所の疼痛性血腫(皮下又は筋肉内注射時)",,PMDA iyakuSearch
酸化マグネシウム,高,"11.1 重大な副作用 11.1.1 高マグネシウム血症(頻度不明) 呼吸抑制、意識障害、不整脈、心停止に至ることがある。悪心・嘔吐、口渇、血圧低下、徐脈、皮膚潮紅、筋力低下、傾眠等の症状の発現に注意するとともに、血清マグネシウムの濃度の測定を行うこと。 , , , , , 11.2 その他の副作用 頻度不明 消化器 下痢等 電解質 血清マグネシウム値の上昇",,PMDA iyakuSearch
アスピリンアルミニウム,高,"11.1 重大な副作用 11.1.1 ショック、アナフィラキシー(いずれも頻度不明) ** ショック、アナフィラキシー(呼吸困難、全身潮紅、血管性浮腫、蕁麻疹等)があらわれることがある。 11.1.2 出血(頻度不明) 脳出血等の頭蓋内出血(初期症状:頭痛、悪心・嘔吐、意識障害、片麻痺等)があらわれることがある。 肺出血、消化管出血、鼻出血、眼底出血等があらわれることがある。 , , , , 11.1.3 中毒性表皮壊死融解症(Toxic Epidermal Necrolysis:TEN)、皮膚粘膜眼症候群(Stevens-Johnson症候群)、剥脱性皮膚炎(いずれも頻度不明) 11.1.4 再生不良性貧血、血小板減少、白血球減少(いずれも頻度不明) 11.1.5 喘息発作の誘発(頻度不明) , 11.1.6 肝機能障害、黄疸(いずれも頻度不明) AST、ALT、γ-GTP等の著しい上昇を伴う肝機能障害や黄疸があらわれることがある。 , , 11.1.7 消化性潰瘍、小腸・大腸潰瘍(いずれも頻度不明) 下血(メレナ)を伴う胃潰瘍・十二指腸潰瘍等の消化性潰瘍があらわれることがある。また、消化管出血、腸管穿孔、狭窄・閉塞を伴う小腸・大腸潰瘍があらわれることがある。 , , 11.1.8 ** アレルギー反応に伴う急性冠症候群(頻度不明) 11.2 その他の副作用 頻度不明 消化器 胃腸障害、嘔吐、腹痛、胸やけ、便秘、下痢、食道炎、口唇腫脹、吐血、吐き気、悪心、食欲不振、胃部不快感 過敏症 蕁麻疹、発疹、浮腫 皮膚 瘙痒、皮疹、膨疹、発汗 精神神経系 めまい、興奮、頭痛 肝臓 AST上昇、ALT上昇 腎臓 腎障害 循環器 血圧低下、血管炎、心窩部痛 呼吸器 過呼吸、気管支炎、鼻出血、鼻炎 感覚器 角結膜炎、耳鳴、難聴 血液 貧血 その他 代謝性アシドーシス、倦怠感",,PMDA iyakuSearch
クレゾールスルホン酸カリウム,高,11.1 重大な副作用 11.1.1 呼吸抑制(頻度不明) 11.1.2 ショック、アナフィラキシー(いずれも頻度不明) 呼吸困難、蕁麻疹、血管浮腫等の異常が認められた場合には投与を中止し、適切な処置を行うこと。 11.2 その他の副作用 0.1~5%未満 頻度不明 過敏症 発疹 精神神経系 眠気、頭痛、眩暈、不快、不眠 消化器 悪心・嘔吐、食欲不振、軟便、下痢 便秘、腹痛、口渇、おくび,,PMDA iyakuSearch
クロラムフェニコール,高,11.1 重大な副作用 11.1.1 再生不良性貧血(頻度不明) 11.1.2 Gray syndrome(頻度不明) 11.1.3 視神経炎、末梢神経炎(いずれも頻度不明) 長期投与により、視神経炎又は末梢神経炎があらわれることがあるので、観察を十分に行い、視覚の異常、四肢のしびれや異常感等が認められた場合には直ちに投与を中止し、適切な処置を行うこと。 11.2 その他の副作用 頻度不明 血液 顆粒球減少、血小板減少症 肝臓 肝障害 消化器 胃部圧迫感、悪心、嘔吐、軟便、下痢、腸炎 過敏症 過敏症状 菌交代症 菌交代症 ビタミン欠乏症 ビタミンK欠乏症状(低プロトロンビン血症、出血傾向等) ビタミンB群欠乏症状(舌炎、口内炎、食欲不振、神経炎等),,PMDA iyakuSearch
セチリジン塩酸塩,高,11.1 重大な副作用 11.1.1 ショック、アナフィラキシー(いずれも頻度不明) ショック、アナフィラキシー(呼吸困難、血圧低下、蕁麻疹、発赤等)があらわれることがある。 11.1.2 痙攣(頻度不明) 11.1.3 肝機能障害、黄疸(いずれも頻度不明) AST、ALT、γ-GTP、LDH、Al-Pの上昇等の肝機能障害(初期症状:全身倦怠感、食欲不振、発熱、嘔気等)、黄疸があらわれることがある。 11.1.4 血小板減少(頻度不明) 11.2 その他の副作用 0.1%~5%未満 0.1%未満 頻度不明 精神神経系 眠気、倦怠感 頭痛、頭重感、ふらふら感、しびれ感、めまい、浮遊感 不眠、振戦、抑うつ、激越、攻撃性、無力症、錯感覚、幻覚、不随意運動、意識消失、健忘、自殺念慮、悪夢 消化器 口渇、嘔気、食欲不振 胃不快感、下痢、消化不良、腹痛、腹部不快感、胃痛、口唇炎、便秘、口唇乾燥感、嘔吐、味覚異常、口内炎 腹部膨満感、食欲亢進 循環器 動悸、血圧上昇、不整脈(房室ブロック、期外収縮、頻脈、発作性上室性頻拍、心房細動) 血液 好酸球増多 好中球減少、リンパ球増多、白血球増多、白血球減少、単球増多、血小板増加、血小板減少 過敏症 発疹、蕁麻疹、浮腫、かぶれ、そう痒感、血管浮腫 多形紅斑 眼 結膜充血、霧視 眼球回転発作 肝臓 ALT上昇、AST上昇、総ビリルビン上昇 A l -P上昇 腎臓・泌尿器 尿蛋白、BUN上昇、尿糖、ウロビリノーゲンの異常、頻尿、血尿 排尿困難、遺尿、尿閉 その他 耳鳴、月経異常、胸痛、ほてり、息苦しさ 関節痛、手足のこわばり、嗅覚異常、鼻出血、脱毛、咳嗽、体重増加、筋肉痛,,PMDA iyakuSearch
アリルイソプロピルアセチル尿素,高,"11.1 重大な副作用 11.1.1 血小板減少、溶血性貧血(いずれも頻度不明) 11.1.2 中毒性表皮壊死融解症(Toxic Epidermal Necrolysis:TEN)、皮膚粘膜眼症候群(Stevens-Johnson症候群)、急性汎発性発疹性膿疱症(いずれも頻度不明) 11.1.3 * 薬剤性過敏症症候群(頻度不明) 初期症状として発疹、発熱がみられ、更に肝機能障害、リンパ節腫脹、白血球増加、好酸球増多、異型リンパ球出現等を伴う遅発性の重篤な過敏症状があらわれることがある。なお、ヒトヘルペスウイルス6(HHV-6)等のウイルスの再活性化を伴うことが多く、投与中止後も発疹、発熱、肝機能障害等の症状が再燃あるいは遷延化することがあるので注意すること。 11.1.4 ショック、アナフィラキシー(いずれも頻度不明) 不快感、口内異常感、喘鳴、眩暈、便意、耳鳴、発汗、呼吸困難、血圧低下等があらわれた場合には投与を中止し、適切な処置を行うこと。 11.1.5 喘息発作(頻度不明) 重篤な喘息発作を誘発することがある。 , 11.1.6 間質性肺炎(頻度不明) 咳嗽、呼吸困難、発熱、肺音の異常等が認められた場合には、速やかに胸部X線、胸部CT、血清マーカー等の検査を実施すること。異常が認められた場合には投与を中止し、副腎皮質ホルモン剤の投与等の適切な処置を行うこと。 11.1.7 間質性腎炎、急性腎障害(いずれも頻度不明) 11.1.8 劇症肝炎、肝機能障害、黄疸(いずれも頻度不明) 劇症肝炎、AST、ALT、γ-GTPの上昇等を伴う肝機能障害、黄疸があらわれることがある。",,PMDA iyakuSearch
ラノコナゾール,中,11.2 その他の副作用 0.1~5%未満 0.1%未満 皮膚 皮膚炎(接触皮膚炎等)、刺激感、発赤 小水疱、そう痒感、亀裂、乾燥、腫脹,,PMDA iyakuSearch
トラネキサム酸,高,11.1 重大な副作用 11.1.1 ショック(頻度不明) 11.1.2 痙攣(頻度不明) 人工心肺を用いた心臓大血管手術の周術期に本剤を投与した患者において、術後に痙攣があらわれることがある。また、人工透析患者において痙攣があらわれたとの報告がある。 11.2 その他の副作用 0.1~1%未満 0.1%未満 頻度不明 過敏症 そう痒感、発疹等 消化器 悪心、嘔吐 食欲不振、下痢 眼 一過性の色覚異常(静脈内注射時) その他 眠気、頭痛,,PMDA iyakuSearch
茯苓,高,11.1 重大な副作用 11.1.1 肝機能障害、黄疸(いずれも頻度不明) AST、ALT、Al-P、γ-GTP等の著しい上昇を伴う肝機能障害、黄疸があらわれることがある。 11.2 その他の副作用 頻度不明 過敏症 発疹、発赤、瘙痒等 消化器 食欲不振、胃部不快感、悪心、下痢等,,PMDA iyakuSearch
オキシコナゾール硝酸塩,中,11.2 その他の副作用 0.1~5%未満 頻度不明 過敏症 発疹等 腟・外陰 発赤 刺激感、ひりひり感、そう痒感、疼痛等,,PMDA iyakuSearch
サンシシ末,高,11.1重大な副作用 20.取扱い上の注意 22.包装 24.文献請求先及び問い合わせ先 26.製造販売業者等 トチモトのサンシシ末 添付文書番号 5100081A1098_1_03 企業コード 480266 作成又は改訂年月 2024年3月改訂(第1版) 日本標準商品分類番号 875100 薬効分類名 生薬 承認等 トチモトのサンシシ末 販売名コード YJコード 5100081A1098 販売名ひらがな とちもとのさんししまつ 承認番号等 承認番号 15700AMZ00888000 貯法・有効期間 貯法 室温保存 有効期間 5年 基準名 日本薬局方 サンシシ末 一般的名称 サンシシ末 3. 組成・性状 3.1 組成 トチモトのサンシシ末 有効成分 1g中、日局サンシシ末1g含有&nbsp;&nbsp; 添加剤 なし 3.2 製剤の性状 トチモトのサンシシ末 4. 効能又は効果 漢方処方の調剤に用いる。 6. 用法及び用量 漢方処方の調剤に用いる。 8. 重要な基本的注意 8.1 本剤の使用にあたっては、漢方処方における患者の証(体質・症状)を考慮して投与すること。なお、経過を十分に観察し、症状・所見の改善が認められない場合には、継続投与を避けること。 8.2 サンシシ含有製剤の長期投与(多くは5年以上)により、大腸の色調異常、浮腫、びらん、潰瘍、狭窄を伴う腸間膜静脈硬化症があらわれるおそれがある。長期投与する場合にあっては、定期的にCT、大腸内視鏡等の検査を行うことが望ましい。 8.3 他の漢方製剤等を併用する場合は、含有生薬の重複に注意すること。 11. 副作用 次の副作用があらわれることがあるので、観察を十分に行い、異常が認められた場合には投与を中止するなど適切な処置を行うこと。,,PMDA iyakuSearch
ジフェンヒドラミンサリチル酸塩,高,11.1 重大な副作用 11.1.1 ショック、アナフィラキシー(いずれも頻度不明) 血圧低下、じん麻疹、呼吸困難等があらわれた場合は、直ちに使用を中止し、適切な処置を行うこと。 11.2 その他の副作用 0.1~5%未満 頻度不明 口腔 舌のしびれ、味覚異常、口内炎、黒舌症等 真菌性感染症 注2) 、細菌性感染症 注2) 過敏症 過敏症状 下垂体・副腎皮質系機能 下垂体・副腎皮質系機能の抑制(長期連用による) 消化器 胃部不快感、胃部膨満感、嘔吐、下痢等 注1)発現頻度は再評価結果に基づく。 注2)適切な抗真菌剤、抗菌剤等を併用し、症状が速やかに改善しない場合には使用を中止すること。,,PMDA iyakuSearch
ブドウ糖,中,11.2 その他の副作用 頻度不明 大量・急速投与 脳浮腫、肺水腫、末梢の浮腫、水中毒、高カリウム血症,,PMDA iyakuSearch
アスパラギン酸カリウム,高,11.1 重大な副作用 11.1.1 心臓伝導障害(頻度不明) 一時に大量を投与するとあらわれることがある。高カリウム血症の治療にはカルシウム剤、重炭酸ナトリウム、高張食塩液、ブドウ糖・インスリン、陽イオン交換樹脂、透析が緊急度に応じて選択される。 11.2 その他の副作用 頻度不明 消化器 胃腸障害、胸やけ、下痢、嘔吐、腹部膨満感 その他 倦怠感、熱感,,PMDA iyakuSearch
コルチゾン酢酸エステル,高,11.1 重大な副作用 11.1.1 ショック、アナフィラキシー(いずれも頻度不明) 血圧低下、じん麻疹、呼吸困難等があらわれた場合は、直ちに使用を中止し、適切な処置を行うこと。 11.2 その他の副作用 0.1~5%未満 頻度不明 口腔 舌のしびれ、味覚異常、口内炎、黒舌症等 真菌性感染症 注2) 、細菌性感染症 注2) 過敏症 過敏症状 下垂体・副腎皮質系機能 下垂体・副腎皮質系機能の抑制(長期連用による) 消化器 胃部不快感、胃部膨満感、嘔吐、下痢等 注1)発現頻度は再評価結果に基づく。 注2)適切な抗真菌剤、抗菌剤等を併用し、症状が速やかに改善しない場合には使用を中止すること。,,PMDA iyakuSearch
塩酸テトラヒドロゾリン,中,11.2 その他の副作用 0.1~1%未満 1%以上 頻度不明 過敏症 過敏症状 精神・神経系 傾眠、頭痛、めまい、振戦、不眠症、脱力感 循環器 血圧上昇、心悸亢進、不整脈 呼吸器 乾燥感、鼻漏 鼻やのどの刺激(感) 熱感、反応性充血、鼻局所の化膿性感染症誘発 その他 口渇 苦味 長期投与により反応性の低下、創傷治癒の遅延,,PMDA iyakuSearch
グリチルリチン酸一アンモニウム,高,11.1 重大な副作用 11.1.1 ショック、アナフィラキシーショック(頻度不明) 血圧低下、意識消失、呼吸困難、心肺停止、潮紅、顔面浮腫等があらわれることがある。 11.1.2 アナフィラキシー(頻度不明) 呼吸困難、潮紅、顔面浮腫等があらわれることがある。 11.1.3 偽アルドステロン症(頻度不明) 増量又は長期連用により高度の低カリウム血症、低カリウム血症の発現頻度の上昇、血圧上昇、ナトリウム・体液の貯留、浮腫、体重増加等があらわれるおそれがある。 また、低カリウム血症の結果として、脱力感、筋力低下などがあらわれるおそれがある。 11.2 その他の副作用 0.1~5%未満 0.1%未満 頻度不明 過敏症 発疹 蕁麻疹、そう痒 体液・電解質 血清カリウム値の低下 注 1 ) 浮腫 循環器 血圧上昇 注 1 ) 消化器 上腹部不快感 嘔気・嘔吐 呼吸器 咳嗽 眼 一過性の視覚異常(目のかすみ、目のチカチカ等) その他 全身倦怠感、筋肉痛、異常感覚(しびれ感、ピリピリ感等)、発熱、過呼吸症状(肩の熱感、四肢冷感、冷汗、口渇、動悸)、尿糖陽性 頭痛、熱感、気分不良 注 1 ) 投与量の増加により発現頻度の上昇傾向が認められる。 頻度は使用成績調査を含む,,PMDA iyakuSearch
トラニラスト,高,11.1 重大な副作用 11.1.1 膀胱炎様症状(頻度不明) 頻尿、排尿痛、血尿、残尿感等の膀胱炎様症状があらわれることがある。 11.1.2 肝機能障害、黄疸(いずれも頻度不明) 黄疸、AST、ALT、Al-P等の著しい上昇を伴う肝機能障害または肝炎があらわれることがある。 11.1.3 腎機能障害(頻度不明) BUN、クレアチニンの上昇等を伴う腎機能障害があらわれることがある。 11.1.4 白血球減少(0.14%)、血小板減少(頻度不明) 11.2 その他の副作用 0.1~5%未満 0.1%未満 頻度不明 過敏症 発疹 そう痒、蕁麻疹 紅斑、湿疹、落屑 消化器 食欲不振、腹痛、下痢、胃部不快感、消化不良、便秘、嘔気、嘔吐 血液 貧血、好酸球増多 溶血性貧血 精神神経系 頭痛、眠気、めまい 不眠、倦怠感 しびれ感 その他 動悸、浮腫、潮紅、口内炎 月経異常、発熱、脱毛、緑色尿,,PMDA iyakuSearch
ホモスルファミン,高,11.1 重大な副作用 11.1.1 ショック(頻度不明) 血圧降下、顔面蒼白、脈拍の異常、呼吸抑制などの症状があらわれた場合には、直ちに使用を中止し、適切な処置を行うこと。 11.1.2 振戦、痙攣(頻度不明) 振戦、痙攣などの中毒症状があらわれることがあるので、観察を十分に行い、このような症状があらわれた場合には、直ちに使用を中止し、ジアゼパム又は超短時間作用型バルビツール酸製剤(チオペンタールナトリウムなど)の投与などの適切な処置を行うこと。 11.2 その他の副作用 頻度不明 中枢神経 注1) 眠気、不安、興奮、霧視、眩暈、悪心・嘔吐等 過敏症 蕁麻疹等の皮膚症状、浮腫等 血液 メトヘモグロビン血症 注1)このような症状があらわれた場合は、ショックあるいは中毒へ移行することがあるので、患者の全身状態の観察を十分に行い、必要に応じて適切な処置を行うこと。,,PMDA iyakuSearch
ベンザルコニウム塩化物,高,11.1 重大な副作用 11.1.1 ショック、アナフィラキシー(いずれも頻度不明) 血圧低下、じん麻疹、呼吸困難等があらわれた場合は、直ちに使用を中止し、適切な処置を行うこと。 11.2 その他の副作用 0.1~5%未満 頻度不明 口腔 舌のしびれ、味覚異常、口内炎、黒舌症等 真菌性感染症 注2) 、細菌性感染症 注2) 過敏症 過敏症状 下垂体・副腎皮質系機能 下垂体・副腎皮質系機能の抑制(長期連用による) 消化器 胃部不快感、胃部膨満感、嘔吐、下痢等 注1)発現頻度は再評価結果に基づく。 注2)適切な抗真菌剤、抗菌剤等を併用し、症状が速やかに改善しない場合には使用を中止すること。,,PMDA iyakuSearch
ジフェニドール塩酸塩,中,11.2 その他の副作用 0.1~5%未満 0.1%未満 頻度不明 精神神経系 浮動感・不安定感、頭痛・頭重感 幻覚 錯乱 皮膚 発疹・蕁麻疹 眼 調節障害 散瞳 肝臓 肝機能異常(AST、ALT、Al-Pの上昇等) 消化器 口渇、食欲不振、胃・腹部不快感、胸やけ、悪心・嘔吐、胃痛 その他 傾眠、動悸、顔面熱感、口内違和感 排尿困難 注)発現頻度は使用成績調査を含む。 15. その他の注意 15.1 臨床使用に基づく情報 制吐作用を有するため、他の薬物(ジギタリス等)の過量投与に基づく中毒、腸閉塞、脳腫瘍等による嘔吐症状を不顕性化することがある。,,PMDA iyakuSearch
アセトアミノフェン,高,"11.1 重大な副作用 11.1.1 ショック、アナフィラキシー(いずれも頻度不明) ショック、アナフィラキシー(呼吸困難、全身潮紅、血管浮腫、蕁麻疹等)があらわれることがある。 11.1.2 中毒性表皮壊死融解症(Toxic Epidermal Necrolysis:TEN)、皮膚粘膜眼症候群(Stevens-Johnson症候群)、急性汎発性発疹性膿疱症(いずれも頻度不明) 11.1.3 喘息発作の誘発(頻度不明) , 11.1.4 劇症肝炎、肝機能障害、黄疸(いずれも頻度不明) 劇症肝炎、AST、ALT、γ-GTPの上昇等を伴う肝機能障害、黄疸があらわれることがある。 , , , , , 11.1.5 顆粒球減少症(頻度不明) 11.1.6 間質性肺炎(頻度不明) 咳嗽、呼吸困難、発熱、肺音の異常等が認められた場合には、速やかに胸部X線、胸部CT、血清マーカー等の検査を実施すること。異常が認められた場合には投与を中止し、副腎皮質ホルモン剤の投与等の適切な処置を行うこと。 11.1.7 間質性腎炎、急性腎障害(いずれも頻度不明) 11.1.8 薬剤性過敏症症候群(頻度不明) 初期症状として発疹、発熱がみられ、更に肝機能障害、リンパ節腫脹、白血球増加、好酸球増多、異型リンパ球出現等を伴う遅発性の重篤な過敏症状があらわれることがある。なお、ヒトヘルペスウイルス6(HHV-6)等のウイルスの再活性化を伴うことが多く、投与中止後も発疹、発熱、肝機能障害等の症状が再燃あるいは遷延化することがあるので注意すること。 11.2 その他の副作用 頻度不明 血液 チアノーゼ、血小板減少、血小板機能低下(出血時間の延長) 注 1 ) 消化器 悪心・嘔吐、食欲不振 その他 過敏症 注 1 ) 注 1 ) このような症状(異常)があらわれた場合には、投与を中止すること。",,PMDA iyakuSearch
コウジン,中,11.2その他の副作用 15.その他の注意 15.1臨床使用に基づく情報 20.取扱い上の注意 22.包装 24.文献請求先及び問い合わせ先 26.製造販売業者等 コウジンダイコーM 添付文書番号 5100063X1084_1_02 企業コード 400040 作成又は改訂年月 2023年12月改訂(第1版) 日本標準商品分類番号 875100 薬効分類名 生薬 承認等 コウジンダイコーM 販売名コード YJコード 5100063X1084 販売名ひらがな こうじんだいこーM 承認番号等 承認番号 16000AMZ01394000 貯法・有効期間 貯法 室温保存 有効期間 3年 基準名 日本薬局方 コウジン 一般的名称 コウジン 3. 組成・性状 3.1 組成 コウジンダイコーM 有効成分 本品1g中、日本薬局方コウジン1g&nbsp;&nbsp; 3.2 製剤の性状 コウジンダイコーM 4. 効能又は効果 漢方処方の調剤に用いる 6. 用法及び用量 漢方処方の調剤に用いる 11. 副作用 次の副作用があらわれることがあるので、観察を十分に行い、異常が認められた場合には投与を中止するなど適切な処置を行うこと。 11.2 その他の副作用 頻度不明 過敏症 発疹、蕁麻疹等 消化器 胃部不快感、消化不良、軟便、下痢等 その他 鼻出血、顔面紅潮、体のほてり、血圧上昇、浮腫等 15. その他の注意 15.1 臨床使用に基づく情報 15.1.1 コウジン末では以下の合併症・既往歴を有する患者が注意対象とされている。 高血圧症の患者 血圧が上昇することがある。 肥満傾向の患者で、不眠や煩躁症状のある患者 睡眠障害が悪化することがある。 炎症症状(発熱等を含む)の著しい患者 これらの症状が悪化することがある。 腎機能が低下し浮腫や尿量減少のある患者 これらの症状が悪化することがある。,,PMDA iyakuSearch
オキシメタゾリン塩酸塩,中,11.2 その他の副作用 1%未満 頻度不明 眼 眼瞼そう痒感 結膜充血、点状角膜炎、霧視、結膜浮腫、眼瞼湿疹、視力障害 循環器 血圧上昇、心拍数減少,,PMDA iyakuSearch
エフェドリン塩酸塩,高,"11.1 重大な副作用 11.1.1 * 心室細動、心室頻拍、冠攣縮等(いずれも頻度不明) * 静脈内注射で重篤な心室細動、心室頻拍、冠攣縮等があらわれ、心停止に至ることがある。 , , 11.1.2 重篤な血清カリウム値の低下(頻度不明) キサンチン誘導体、ステロイド剤及び利尿剤の併用により増強することがあるので、重症喘息患者では特に注意すること。 , 11.2 その他の副作用 頻度不明 循環器 心悸亢進、血圧上昇、心電図異常(QT間隔の延長、ST上昇・低下等) 精神神経系 頭痛・頭重、振戦、不眠、めまい、発汗、神経過敏、脱力感 消化器 悪心・嘔吐、食欲不振 泌尿器 排尿困難 過敏症 発疹 長期連用 不安、幻覚、妄想を伴う精神症状 その他 口渇",,PMDA iyakuSearch
沈降炭酸カルシウム,中,11.2 その他の副作用 頻度不明 泌尿器 長期・大量投与により腎結石、尿路結石 代謝異常 長期投与により高マグネシウム血症 消化器 便秘 その他 注 1 ) 低カリウム血症、血圧上昇、体重増加、浮腫 注 1 ) カンゾウを配合するため、長期連用により発現することがある。,,PMDA iyakuSearch
カルプロニウム塩化物,中,11.2 その他の副作用 0.1~5%未満 頻度不明 過敏症 一過性の発赤、そう痒感 アセチルコリン様作用 刺激痛、局所発汗、熱感 全身性の発汗、それに伴う悪寒、戦慄、嘔気、嘔吐,,PMDA iyakuSearch
カリウム,高,"11.1 重大な副作用 11.1.1 ショック、アナフィラキシー(各0.1%未満) 不快感、口内異常感、喘鳴、眩暈、便意、耳鳴、発汗、顔面浮腫、眼瞼浮腫等があらわれた場合には投与を中止し、適切な処置を行うこと。 , , 11.1.2 アレルギー反応に伴う急性冠症候群(頻度不明) , , 11.1.3 薬剤により誘発される胃腸炎症候群(頻度不明) 投与から数時間以内の反復性嘔吐を主症状とし、下痢、嗜眠、顔面蒼白、低血圧、腹痛、好中球増加等を伴う、食物蛋白誘発性胃腸炎に類似したアレルギー性の胃腸炎(Drug-induced enterocolitis syndrome)があらわれることがある。主に小児で報告されている。 , , 11.1.4 中毒性表皮壊死融解症(Toxic Epidermal Necrolysis:TEN)、皮膚粘膜眼症候群(Stevens-Johnson症候群)、急性汎発性発疹性膿疱症(各0.1%未満)、多形紅斑、紅皮症(剥脱性皮膚炎)(いずれも頻度不明) 発熱、頭痛、関節痛、皮膚や粘膜の紅斑・水疱、膿疱、皮膚の緊張感・灼熱感・疼痛等の異常が認められた場合には投与を中止し、適切な処置を行うこと。 11.1.5 無顆粒球症、顆粒球減少(いずれも頻度不明)、血小板減少(0.1%未満) 11.1.6 急性腎障害(0.1%未満) , 11.1.7 偽膜性大腸炎、出血性大腸炎(各0.1%未満) 偽膜性大腸炎、出血性大腸炎等の血便を伴う重篤な大腸炎があらわれることがある。腹痛、頻回の下痢があらわれた場合には直ちに投与を中止し、適切な処置を行うこと。 11.1.8 肝障害 肝炎、黄疸(各0.1%未満)、また、AST、ALT、Al-Pの上昇(各0.1~5%未満)等の肝障害があらわれることがある。",,PMDA iyakuSearch
L−グルタミン,中,11.2 その他の副作用 0.1~5%未満 0.1%未満 頻度不明 過敏症 発疹、蕁麻疹、瘙痒感 肝臓 AST、ALT、LDH、Al-P、γ-GTP上昇等の肝機能障害 消化器 悪心、嘔吐、便秘、下痢、腹痛、膨満感 嘔気、胃部不快感 その他 顔面紅潮,,PMDA iyakuSearch
ロキソプロフェン,高,11.1 重大な副作用 11.1.1 ショック(頻度不明)、アナフィラキシー(頻度不明) ショック、アナフィラキシー(血圧低下、蕁麻疹、喉頭浮腫、呼吸困難等)があらわれることがある。 11.1.2 無顆粒球症(頻度不明)、白血球減少(頻度不明)、溶血性貧血(頻度不明)、再生不良性貧血(頻度不明)、血小板減少(頻度不明) 11.1.3 中毒性表皮壊死融解症(Toxic Epidermal Necrolysis:TEN)(頻度不明)、皮膚粘膜眼症候群(Stevens-Johnson症候群)(頻度不明)、多形紅斑(頻度不明)、急性汎発性発疹性膿疱症(頻度不明) 11.1.4 急性腎障害(頻度不明)、ネフローゼ症候群(頻度不明)、間質性腎炎(頻度不明) 急性腎障害に伴い高カリウム血症があらわれることがあるので、特に注意すること。 11.1.5 うっ血性心不全(頻度不明) 11.1.6 * 心筋梗塞(頻度不明)、脳血管障害(頻度不明) 心筋梗塞、脳血管障害等の心血管系血栓塞栓性事象があらわれることがある 1) 。 11.1.7 間質性肺炎(頻度不明) 発熱、咳嗽、呼吸困難、胸部X線異常、好酸球増多等を伴う間質性肺炎があらわれることがあるので、このような症状があらわれた場合には直ちに投与を中止し、副腎皮質ホルモン剤の投与等の適切な処置を行うこと。 11.1.8 消化性潰瘍(頻度不明)、消化管出血(頻度不明) 重篤な消化性潰瘍又は小腸、大腸からの吐血、下血、血便等の消化管出血が出現し、それに伴うショックがあらわれることがあるので、これらの症状が認められた場合には直ちに投与を中止し、適切な処置を行うこと。 11.1.9 消化管穿孔(頻度不明) 心窩部痛、腹痛等の症状が認められた場合には直ちに投与を中止し、適切な処置を行うこと。,,PMDA iyakuSearch
クロルヘキシジングルコン酸塩,高,11.1 重大な副作用 11.1.1 ショック(0.1%未満)、アナフィラキシー(頻度不明) 血圧低下、じん麻疹、呼吸困難等があらわれた場合は、直ちに使用を中止し、適切な処置を行うこと。 11.2 その他の副作用 0.1%未満 頻度不明 過敏症 発疹、じん麻疹 皮 膚 刺激症状,,PMDA iyakuSearch
デキサメタゾン,高,11.1 重大な副作用 11.1.1 眼圧亢進、緑内障、後嚢白内障(いずれも頻度不明) 眼瞼皮膚への使用に際しては、眼圧亢進、緑内障を起こすおそれがある。大量又は長期にわたる広範囲の使用、密封法(ODT)により、後嚢白内障、緑内障等があらわれることがある。 11.2 その他の副作用 0.1~5%未満 0.1%未満 頻度不明 過敏症 皮膚の刺激感、そう痒感、発赤 皮膚 細菌性感染症(伝染性膿痂疹、毛嚢炎等) 注 1 ) 、ステロイドざ瘡 注 2 ) 真菌性感染症(カンジダ症、白癬等) 注 1 ) 、酒さ様皮膚炎・口囲皮膚炎(ほほ、口囲等に潮紅、丘疹、膿疱、毛細血管拡張を生じる)、ステロイド皮膚(皮膚萎縮、毛細血管拡張、紫斑)、魚鱗癬様皮膚変化 以上 注 2 ) 多毛、色素脱失 注 2 ) 内分泌系 下垂体・副腎皮質系機能の抑制 注 3 ) 発現頻度は使用成績調査の結果を含む。 注 1 ) 密封法(ODT)の場合、起こりやすい。このような症状があらわれた場合には、適切な抗真菌剤、抗菌剤等を併用し、症状が速やかに改善しない場合には、使用を中止すること。 注 2 ) 長期連用により、あらわれることがある。このような症状があらわれた場合には徐々にその使用を差し控え、副腎皮質ステロイドを含有しない薬剤に切り換えること。 注 3 ) 大量又は長期にわたる広範囲の使用、密封法(ODT)により、来すことがある。,,PMDA iyakuSearch
人参,高,"11.1重大な副作用 11.2その他の副作用 20.取扱い上の注意 22.包装 24.文献請求先及び問い合わせ先 26.製造販売業者等 クラシエ桂枝人参湯エキス細粒 添付文書番号 5200037C1034_2_01 企業コード 252468 作成又は改訂年月 2023年10月改訂(第1版) 日本標準商品分類番号 875200 薬効分類名 漢方製剤 承認等 クラシエ桂枝人参湯エキス細粒 販売名コード YJコード 5200037C1034 販売名ひらがな くらしえけいしにんじんとうえきすさいりゅう 承認番号等 承認番号 16100AMZ03571000 販売開始年月 1986年10月 貯法・有効期間 貯法 室温保存 有効期間 3年 一般的名称 桂枝人参湯 2. 禁忌(次の患者には投与しないこと) 2.1 アルドステロン症の患者[当該疾患及びその症状が悪化するおそれがある。] 2.2 ミオパチーのある患者[当該疾患及びその症状が悪化するおそれがある。] 2.3 低カリウム血症のある患者[当該疾患及びその症状が悪化するおそれがある。] 3. 組成・性状 3.1 組成 クラシエ桂枝人参湯エキス細粒 有効成分 本品1日量(6.0g)中&nbsp;&nbsp; 日局ケイヒ&nbsp;&nbsp; 4.0g 日局ニンジン&nbsp;&nbsp; 3.0g 日局ビャクジュツ&nbsp;&nbsp; 3.0g 日局カンゾウ&nbsp;&nbsp; 3.0g 日局カンキョウ&nbsp;&nbsp; 2.0g 上記の混合生薬より抽出した桂枝人参湯エキス粉末&nbsp;&nbsp; 2,700mgを含有する。",,PMDA iyakuSearch
ウルソデオキシコール酸,高,11.1 重大な副作用 11.1.1 間質性肺炎(頻度不明) 発熱、咳嗽、呼吸困難、胸部X線異常を伴う間質性肺炎があらわれることがあるので、このような症状があらわれた場合には、投与を中止し、副腎皮質ホルモン剤の投与等の適切な処置を行うこと。 11.2 その他の副作用 1~5%未満 0.1~1%未満 0.1%未満 頻度不明 消化器 下痢 悪心、食欲不振、便秘、胸やけ、胃不快感、腹痛、腹部膨満 嘔吐 過敏症 そう痒、発疹 蕁麻疹等 紅斑(多形滲出性紅斑等) 肝臓 AST上昇、ALT上昇、ALP上昇 ビリルビン上昇、γ-GTP上昇 その他 全身倦怠感、めまい 白血球数減少 注)発現頻度は製造販売後調査の結果を含む。,,PMDA iyakuSearch
ジフェンヒドラミン,高,11.1 重大な副作用 11.1.1 ショック、アナフィラキシー(いずれも頻度不明) 血圧低下、じん麻疹、呼吸困難等があらわれた場合は、直ちに使用を中止し、適切な処置を行うこと。 11.2 その他の副作用 0.1~5%未満 頻度不明 口腔 舌のしびれ、味覚異常、口内炎、黒舌症等 真菌性感染症 注2) 、細菌性感染症 注2) 過敏症 過敏症状 下垂体・副腎皮質系機能 下垂体・副腎皮質系機能の抑制(長期連用による) 消化器 胃部不快感、胃部膨満感、嘔吐、下痢等 注1)発現頻度は再評価結果に基づく。 注2)適切な抗真菌剤、抗菌剤等を併用し、症状が速やかに改善しない場合には使用を中止すること。,,PMDA iyakuSearch
ペントキシベリンクエン酸塩,中,11.2 その他の副作用 頻度不明 精神神経系 眠気、不快、頭痛、頭重、昏迷 消化器 食欲不振、便秘、口渇 過敏症 発疹 その他 尿量減少、喀出困難、瞳孔調節障害,,PMDA iyakuSearch
クロルヘキシジン塩酸塩,高,11.1 重大な副作用 11.1.1 ショック、アナフィラキシー(いずれも頻度不明) 血圧低下、じん麻疹、呼吸困難等があらわれた場合は、直ちに使用を中止し、適切な処置を行うこと。 11.2 その他の副作用 0.1~5%未満 頻度不明 口腔 舌のしびれ、味覚異常、口内炎、黒舌症等 真菌性感染症 注2) 、細菌性感染症 注2) 過敏症 過敏症状 下垂体・副腎皮質系機能 下垂体・副腎皮質系機能の抑制(長期連用による) 消化器 胃部不快感、胃部膨満感、嘔吐、下痢等 注1)発現頻度は再評価結果に基づく。 注2)適切な抗真菌剤、抗菌剤等を併用し、症状が速やかに改善しない場合には使用を中止すること。,,PMDA iyakuSearch
サンシシ,高,11.1重大な副作用 20.取扱い上の注意 22.包装 24.文献請求先及び問い合わせ先 26.製造販売業者等 小島山梔子M 添付文書番号 5100081X1074_1_06 企業コード 270281 作成又は改訂年月 2023年12月改訂(第1版) 日本標準商品分類番号 875100 薬効分類名 生薬 承認等 小島山梔子M 販売名コード YJコード 5100081X1074 販売名ひらがな こじまさんししえむ 承認番号等 承認番号 16000AMZ06138000 貯法・有効期間 貯法 室温保存 有効期間 5年 基準名 日本薬局方 サンシシ 一般的名称 サンシシ 3. 組成・性状 3.1 組成 小島山梔子M 有効成分 日本薬局方サンシシを刻み等加工したもの&nbsp;&nbsp; 3.2 製剤の性状 小島山梔子M 4. 効能又は効果 漢方処方の調剤に用いる。 6. 用法及び用量 漢方処方の調剤に用いる。 8. 重要な基本的注意 8.1 本剤の使用にあたっては、漢方処方における患者の証(体質・症状)を考慮して投与すること。なお、経過を十分に観察し、症状・所見の改善が認められない場合には、継続投与を避けること。 8.2 サンシシ含有製剤の長期投与(多くは5年以上)により、大腸の色調異常、浮腫、びらん、潰瘍、狭窄を伴う腸間膜静脈硬化症があらわれるおそれがある。長期投与する場合にあっては、定期的にCT、大腸内視鏡等の検査を行うことが望ましい。 8.3 他の漢方製剤等を併用する場合は、含有生薬の重複に注意すること。 11. 副作用 次の副作用があらわれることがあるので、観察を十分に行い、異常が認められた場合には投与を中止するなど適切な処置を行うこと。 11.1 重大な副作用 11.1.1 腸間膜静脈硬化症(頻度不明) 長期投与により、腸間膜静脈硬化症があらわれることがある。,,PMDA iyakuSearch
d−クロルフェニラミンマレイン酸塩,高,"11.1 重大な副作用 11.1.1 ショック(頻度不明) チアノーゼ、呼吸困難、胸内苦悶、血圧低下等の症状があらわれた場合には、投与を中止し、適切な処置を行うこと。 11.1.2 痙攣、錯乱(いずれも頻度不明) 11.1.3 再生不良性貧血、無顆粒球症 1) , 2) (いずれも頻度不明) 11.2 その他の副作用 5%以上又は頻度不明 0.1%未満 過敏症 発疹、光線過敏症等 精神神経系 鎮静、神経過敏、頭痛、焦燥感、複視、眠気、不眠、めまい、耳鳴、前庭障害、多幸症、情緒不安、ヒステリー、振戦、神経炎、協調異常、感覚異常、霧視等 消化器 口渇、胸やけ、食欲不振、悪心・嘔吐、腹痛、便秘、下痢等 泌尿器 頻尿、排尿困難、尿閉等 循環器 低血圧、心悸亢進、頻脈、期外収縮、微弱脈 呼吸器 鼻及び気道の乾燥、気管分泌液の粘性化、喘鳴、鼻閉等 血液 1) 溶血性貧血 血小板減少 肝臓 肝機能障害(ASTの上昇・ALTの上昇・Al-Pの上昇等) その他 悪寒、発汗異常、疲労感、胸痛、月経異常 顔面蒼白",,PMDA iyakuSearch
デキストロメトルファン臭化水素酸塩水和物,高,11.1 重大な副作用 11.1.1 呼吸抑制(頻度不明) 11.1.2 ショック、アナフィラキシー(いずれも頻度不明) 呼吸困難、蕁麻疹、血管浮腫等の異常が認められた場合には投与を中止し、適切な処置を行うこと。 11.2 その他の副作用 0.1~5%未満 頻度不明 過敏症 発疹 精神神経系 眠気、頭痛、眩暈、不快、不眠 消化器 悪心・嘔吐、食欲不振、軟便、下痢 便秘、腹痛、口渇、おくび,,PMDA iyakuSearch
トリメトキノール塩酸塩水和物,高,"11.1 重大な副作用 11.1.1 重篤な血清カリウム値の低下(頻度不明) キサンチン誘導体、ステロイド剤及び利尿剤の併用により増強することがあるので、重症喘息患者では特に注意すること。 , 11.2 その他の副作用 0.1~5%未満 0.1%未満 頻度不明 循環器 心悸亢進 血圧変動、胸部圧迫感 精神神経系 頭痛 振戦、眩暈、熱感 消化器 悪心、食欲不振 過敏症 発疹 その他 口渇",,PMDA iyakuSearch
メフェナム酸,高,"11.1 重大な副作用 11.1.1 ショック(頻度不明)、アナフィラキシー(頻度不明) ショック、アナフィラキシー(胸内苦悶、冷汗、喉頭浮腫、呼吸困難、四肢しびれ感、低血圧、結膜充血等)を起こすことがある。 11.1.2 溶血性貧血(頻度不明)、無顆粒球症(頻度不明) 自己免疫性溶血性貧血、無顆粒球症、顆粒球減少があらわれることがある。 , 11.1.3 骨髄形成不全(頻度不明) 11.1.4 中毒性表皮壊死融解症(Toxic Epidermal Necrolysis:TEN)(頻度不明)、皮膚粘膜眼症候群(Stevens-Johnson症候群)(頻度不明) 11.1.5 急性腎障害(頻度不明)、ネフローゼ症候群(頻度不明)、間質性腎炎(頻度不明) 乏尿、血尿、尿蛋白、BUN上昇、血中クレアチニン上昇、高カリウム血症、低アルブミン血症等の検査所見があらわれた場合には直ちに投与を中止し、適切な処置を行うこと。 11.1.6 消化性潰瘍(頻度不明)、大腸炎(頻度不明) 消化性潰瘍、大腸炎、吐血、下血、血便等の消化管出血があらわれることがある。 11.1.7 劇症肝炎(頻度不明)、肝機能障害(頻度不明)、黄疸(頻度不明) 劇症肝炎、AST、ALT、ALP、γ-GTP等の著しい上昇を伴う肝機能障害、黄疸があらわれることがある。 11.1.8 ** 心筋梗塞(頻度不明)、脳血管障害(頻度不明) 心筋梗塞、脳血管障害等の心血管系血栓塞栓性事象があらわれることがある 3) 。",,PMDA iyakuSearch
セトラキサート塩酸塩,中,11.2 その他の副作用 0.1~1%未満 頻度不明 消化器 口渇、悪心・嘔吐、下痢、便秘、胃部不快感・膨満感 - 過敏症 発疹、そう痒感 - その他 - AST上昇、ALT上昇等,,PMDA iyakuSearch
溶性ピロリン酸第二鉄,中,11.2 その他の副作用 頻度不明 消化器 悪心、嘔吐、食欲不振、腹痛、下痢、便秘、胃部不快感 皮 膚 光線過敏症 過敏症 発疹、蕁麻疹、そう痒,,PMDA iyakuSearch
グリチルリチン酸,高,11.1 重大な副作用 11.1.1 ショック、アナフィラキシーショック(頻度不明) 血圧低下、意識消失、呼吸困難、心肺停止、潮紅、顔面浮腫等があらわれることがある。 11.1.2 アナフィラキシー(頻度不明) 呼吸困難、潮紅、顔面浮腫等があらわれることがある。 11.1.3 偽アルドステロン症(頻度不明) 増量又は長期連用により高度の低カリウム血症、低カリウム血症の発現頻度の上昇、血圧上昇、ナトリウム・体液の貯留、浮腫、体重増加等があらわれるおそれがある。 また、低カリウム血症の結果として、脱力感、筋力低下などがあらわれるおそれがある。 11.2 その他の副作用 0.1~5%未満 0.1%未満 頻度不明 過敏症 発疹 蕁麻疹、そう痒 体液・電解質 血清カリウム値の低下 注 1 ) 浮腫 循環器 血圧上昇 注 1 ) 消化器 上腹部不快感 嘔気・嘔吐 呼吸器 咳嗽 眼 一過性の視覚異常(目のかすみ、目のチカチカ等) その他 全身倦怠感、筋肉痛、異常感覚(しびれ感、ピリピリ感等)、発熱、過呼吸症状(肩の熱感、四肢冷感、冷汗、口渇、動悸)、尿糖陽性 頭痛、熱感、気分不良 注 1 ) 投与量の増加により発現頻度の上昇傾向が認められる。 頻度は使用成績調査を含む,,PMDA iyakuSearch
カフェイン水和物,中,11.2 その他の副作用 頻度不明 循環器 不整脈 注) 精神神経系 振戦 注) 、めまい 注) 、不眠 注) 、不安 注) 感覚器 瞳孔散大 注) その他 虚脱 注) 注)大量投与によりあらわれることがある。,,PMDA iyakuSearch
精製ヒアルロン酸ナトリウム,中,11.2 その他の副作用 0.1~5%未満 頻度不明 眼 眼圧上昇 角膜浮腫、角膜混濁、炎症反応、霧視,,PMDA iyakuSearch
エテンザミド,中,11.2 その他の副作用 頻度不明 長期・大量投与 注 1 ) 過呼吸、貧血、腎障害、肝障害 過敏症 注 2 ) 発疹、浮腫、喘息発作等 精神神経系 注 2 ) 耳鳴、難聴、めまい等 血液 血小板機能低下(出血時間の延長) 消化器 食欲不振、胸やけ、胃痛、悪心・嘔吐、消化管潰瘍の悪化等 注 1 ) 観察を十分に行い、このような症状があらわれた場合には投与を中止すること。 注 2 ) 減薬又は投与を中止すること。 15. その他の注意 15.1 臨床使用に基づく情報 非ステロイド性消炎鎮痛剤を長期間投与されている女性において一時的な不妊が認められたとの報告がある。,,PMDA iyakuSearch
カルバゾクロム,中,11.2 その他の副作用 0.1~5%未満 0.1%未満 頻度不明 消化器 食欲不振、胃部不快感 悪心、嘔吐 過敏症 発疹、そう痒 注)再評価結果を含む,,PMDA iyakuSearch
ネオスチグミンメチル硫酸塩,高,"11.1 重大な副作用 11.1.1 コリン作動性クリーゼ(頻度不明) , 11.1.2 不整脈(頻度不明) 心室性期外収縮、心室頻拍、心房細動等の不整脈や心停止が起こることがある。本剤による徐脈、房室ブロック、心停止等の過度のコリン作動性反応があらわれた場合にはアトロピン硫酸塩水和物を投与すること。 11.1.3 ショック、アナフィラキシー(いずれも頻度不明) 頻脈、全身潮紅、発汗、顔面浮腫等があらわれた場合には投与を中止し、適切な処置を行うこと。 11.2 その他の副作用 頻度不明 過敏症 発疹、紅斑、過敏症状 精神神経系 発汗、めまい、大量投与による不安・興奮・虚脱・脱力・筋攣縮・骨格筋の線維束攣縮等、頭痛、頭重感、記銘障害 消化器 悪心、嘔吐、腹痛、唾液の分泌過多、下痢、口渇、嚥下障害、便秘 循環器 血圧降下、徐脈、頻脈、心悸亢進 呼吸器 気管支痙攣、気道分泌の亢進、呼吸障害 泌尿器 排尿障害 眼 縮瞳、散瞳、視調節障害、緑内障 その他 顔面潮紅",,PMDA iyakuSearch
メタケイ酸アルミン酸マグネシウム,高,11.1 重大な副作用 11.1.1 ショック、アナフィラキシー(いずれも頻度不明) 11.2 その他の副作用 頻度不明 長期・大量投与 腎結石、尿路結石 代謝異常 注 1 ) 高マグネシウム血症 消化器 便秘 過敏症 発疹 その他 注 2 ) 低カリウム血症、血圧上昇、体重増加、浮腫 注 1 ) 長期投与によりあらわれることがある。 注 2 ) カンゾウを配合しているため、長期連用によりあらわれることがある。,,PMDA iyakuSearch
デヒドロコール酸,高,11.1 重大な副作用 11.1.1 ショック(頻度不明) 血圧低下、喉頭痙攣、呼吸困難、全身硬直、痙攣、頻脈等があらわれるとの報告がある。 11.2 その他の副作用 頻度不明 消化器 悪心・嘔吐、軟便、下痢 皮膚 発赤、全身そう痒感 その他 悪寒、発熱、咳嗽、頭痛、不快感,,PMDA iyakuSearch
グリチルレチン酸,中,"11.2 その他の副作用 頻度不明 過敏症 皮膚の刺激感 17. 臨床成績 17.1 有効性及び安全性に関する試験 〈 デルマクリンクリーム1% 〉 17.1.1 国内臨床試験 各種皮膚疾患に対する一般臨床試験(303例)の有効率は次のとおりである 1) , 2) , 3) , 4) , 5) , 6) , 7) , 8) , 9) , 10) , 11) , 12) , 13) 。 有効率(%) 疾患名 有効以上 やや有効以上 湿疹 68.0%(87/128) 80.5%(103/128) 皮膚掻痒症 74.0%(37/50) 88.0%(44/50) 皮膚炎 74.4%(93/125) 81.6%(102/125) 〈 デルマクリンA軟膏1% 〉 17.1.2 国内臨床試験 顔面皮膚炎に対する一般臨床試験 軽症から軽微の顔面皮膚炎患者31例を対象に、 デルマクリンA軟膏1% の有効性を検討した結果、落屑、皮膚乾燥、掻痒に対して改善効果が認められた 14) 。",,PMDA iyakuSearch
ビタミンA油,中,11.2 その他の副作用 頻度不明 脳神経系 注 1 ) 大泉門膨隆、神経過敏、頭痛 胃腸 注 1 ) 食欲不振、嘔吐 肝臓 注 1 ) 肝腫大 皮膚 注 1 ) 脱毛、瘙痒感 過敏症 発疹等 その他 注 1 ) 体重増加停止、四肢痛、骨痛、関節痛 注 1 ) 大量・長期投与によるビタミンA過剰症状,,PMDA iyakuSearch
タンニン酸アルブミン,高,11.1 重大な副作用 11.1.1 ショック、アナフィラキシー(いずれも頻度不明) 呼吸困難、蕁麻疹、顔面浮腫等の過敏症状あるいは気管支喘息発作等の症状が発現することがある。 11.2 その他の副作用 頻度不明 長期・大量投与 肝障害 消化器 便秘、食欲不振,,PMDA iyakuSearch
テルビナフィン塩酸塩,中,11.2 その他の副作用 0.1%~5%未満 0.1%未満 頻度不明 過敏症 そう痒症、紅斑 - 発疹、蕁麻疹、血管浮腫 適用部位 接触皮膚炎、発赤、刺激感 鱗屑、落屑、皮膚亀裂 湿疹、皮膚乾燥、疼痛、色素沈着、皮膚灼熱感,,PMDA iyakuSearch
ガンマ−オリザノール,中,"11.2 その他の副作用 0.1~5%未満 0.1%未満 頻度不明 精神神経系 めまい・ふらつき、浮上感 眠気 頭痛・頭重感、いらいら感等 消化器 嘔気・嘔吐、腹痛、下痢、便秘、腹部膨満感、食欲不振 腹部不快感、腹鳴、胸やけ、げっぷ、無味感、口内炎等 過敏症 発疹、そう痒、皮膚異常感 潮紅等 循環器 血圧上昇 動悸等 肝臓 AST、ALT上昇等の肝機能障害 その他 倦怠感、体のほてり、不快感、夜間頻尿 口渇、浮腫、脱力感 15. その他の注意 15.2 非臨床試験に基づく情報 ラット中期発がんモデルで、ガンマオリザノールを0.2%以上の濃度で飼料に混ぜて与えると肺腫瘍発生頻度を上昇させたとの報告があるが 1) , 2) 、0.04%の濃度では肺腫瘍発生頻度は上昇しなかったことが報告されている 2) 。ガンマオリザノールは微生物試験系( in vitro )及び染色体試験系( in vivo )では変異原性を示さず、また、マウス(ガンマオリザノール200~2,000mg/kg/day、78週間混餌投与)、ラット(ガンマオリザノール200~2,000mg/kg/day、104週間混餌投与)のがん原性試験では、腫瘍誘発性は認められなかった。",,PMDA iyakuSearch
エバスチン,高,11.1 重大な副作用 11.1.1 ショック、アナフィラキシー(いずれも頻度不明) 血圧低下、呼吸困難、喉頭浮腫等の症状が認められた場合には、投与を中止し、適切な処置を行うこと。 11.1.2 肝機能障害、黄疸(いずれも頻度不明) AST、ALT、LDH、γ-GTP、ALP、ビリルビンの上昇等を伴う肝機能障害、黄疸があらわれることがある。 11.2 その他の副作用 1%以上 0.1~1%未満 0.1%未満 頻度不明 過敏症 発疹、浮腫、じん麻疹 循環器 動悸 血圧上昇 精神神経系 眠気、倦怠感 頭痛、めまい、しびれ感 不眠 消化器 口渇 胃部不快感、鼻・口腔内乾燥 下痢、舌炎 嘔気・嘔吐、腹痛 肝臓 AST、ALT、LDH、γ-GTP、ALP、ビリルビンの上昇 泌尿器 排尿障害、頻尿 その他 胸部圧迫感 ほてり 好酸球増多、体重増加、月経異常、脱毛、味覚異常、BUNの上昇、尿糖,,PMDA iyakuSearch
チョウジ油,中,11.2 その他の副作用 頻度不明 口腔粘膜 貼付(装着)部位直下の潰瘍、本剤表面と接触する粘膜面のあれ,,PMDA iyakuSearch
クロトリマゾール,中,11.2 その他の副作用 0.1~5%未満 頻度不明 肝臓 AST上昇、ALT上昇等 消化器 嘔気、嘔吐、腹痛 口腔 口内乾燥、口腔疼痛 口内灼熱感 皮膚 そう痒,,PMDA iyakuSearch
カンゾウ末,中,11.2 その他の副作用 頻度不明 泌尿器 長期・大量投与により腎結石、尿路結石 代謝異常 長期投与により高マグネシウム血症 消化器 便秘 その他 注 1 ) 低カリウム血症、血圧上昇、体重増加、浮腫 注 1 ) カンゾウを配合するため、長期連用により発現することがある。,,PMDA iyakuSearch
硫酸銅,中,11.2 その他の副作用 頻度不明 過敏症 発疹 肝臓 肝機能異常(AST上昇、ALT上昇、Al-P上昇等)、ビリルビン上昇 精神神経系 パーキンソン様症状 その他 血中マンガン上昇,,PMDA iyakuSearch
プレドニゾロン吉草酸エステル酢酸エステル,高,11.1 重大な副作用 11.1.1 眼圧亢進、緑内障、白内障(いずれも頻度不明) 眼瞼皮膚への使用に際しては、眼圧亢進、緑内障、白内障を起こすことがある。大量又は長期にわたる広範囲の使用、密封法(ODT)により、緑内障、白内障等があらわれることがある。 11.2 その他の副作用 0.1~5%未満 頻度不明 皮膚の感染症 注 1 ) 皮膚の真菌症(カンジダ症、白癬症等)、細菌感染症(伝染性膿痂疹、毛のう炎等)、ウイルス感染症 その他の皮膚症状 魚鱗癬様皮膚変化、一過性の刺激感、乾燥 ざ瘡様発疹 注 2 ) 、酒さ様皮膚炎・口囲皮膚炎(ほほ、口囲等に潮紅、丘疹、膿疱、毛細血管拡張を生じる) 注 2 ) 、ステロイド皮膚(皮膚萎縮、毛細血管拡張、紫斑) 注 2 ) 、多毛 注 2 ) 、色素脱失等 注 2 ) 過敏症 紅斑等の過敏症状 下垂体・副腎皮質系機能 注 3 ) 下垂体・副腎皮質系機能の抑制 注 1 ) 密封法(ODT)の場合、起こり易い。このような症状があらわれた場合には、適切な抗真菌剤、抗菌剤等を併用し、症状が速やかに改善しない場合には、使用を中止すること。 注 2 ) 長期連用した場合。このような症状があらわれた場合には使用を中止し、副腎皮質ステロイドを含有しない薬剤に切り替えること。 注 3 ) 大量又は長期にわたる広範囲の使用、密封法(ODT)の場合。,,PMDA iyakuSearch
ジヒドロコデインリン酸塩,高,11.1 重大な副作用 11.1.1 依存性(頻度不明) 連用により生じることがある。また、連用中における投与量の急激な減少ないし投与の中止により、あくび、くしゃみ、流涙、発汗、悪心、嘔吐、下痢、腹痛、散瞳、頭痛、不眠、不安、せん妄、振戦、全身の筋肉・関節痛、呼吸促迫等の退薬症候があらわれることがあるので、投与を中止する場合には、1日用量を徐々に減量するなど、患者の状態を観察しながら行うこと。 11.1.2 呼吸抑制(頻度不明) 息切れ、呼吸緩慢、不規則な呼吸、呼吸異常等があらわれた場合には、投与を中止するなど適切な処置を行うこと。なお、本剤による呼吸抑制には、麻薬拮抗剤(ナロキソン、レバロルファン等)が拮抗する。 11.1.3 錯乱、せん妄(頻度不明) 11.1.4 無気肺、気管支痙攣、喉頭浮腫(頻度不明) 11.1.5 麻痺性イレウス、中毒性巨大結腸(頻度不明) 炎症性腸疾患の患者に投与した場合にあらわれるとの報告がある。 11.2 その他の副作用 頻度不明 循環器 不整脈、血圧変動、顔面潮紅 精神神経系 眠気、めまい、視調節障害、発汗 消化器 悪心、嘔吐、便秘 過敏症 発疹、そう痒感 その他 排尿障害,,PMDA iyakuSearch
ブロモバレリル尿素,高,11.1 重大な副作用 11.1.1 ショック(頻度不明) 11.1.2 アナフィラキシー(頻度不明) アナフィラキシー(呼吸困難、全身潮紅、血管浮腫、蕁麻疹等)があらわれることがある。 11.1.3 中毒性表皮壊死融解症(Toxic Epidermal Necrolysis:TEN)(頻度不明)、皮膚粘膜眼症候群(Stevens-Johnson症候群)(頻度不明)、急性汎発性発疹性膿疱症(頻度不明) 11.1.4 顆粒球減少(頻度不明) 11.1.5 喘息発作の誘発(頻度不明) 11.1.6 劇症肝炎(頻度不明)、肝機能障害(頻度不明)、黄疸(頻度不明) 劇症肝炎、AST、ALT、γ-GTPの上昇等を伴う肝機能障害、黄疸があらわれることがある。 11.1.7 間質性肺炎(頻度不明) 咳嗽、呼吸困難、発熱、肺音の異常等が認められた場合には、速やかに胸部X線、胸部CT、血清マーカー等の検査を実施すること。異常が認められた場合には投与を中止し、副腎皮質ホルモン剤の投与等の適切な処置を行うこと。 11.1.8 間質性腎炎(頻度不明)、急性腎障害(頻度不明) 11.1.9 呼吸抑制(頻度不明) 息切れ、呼吸緩慢、不規則な呼吸、呼吸異常等があらわれた場合には、投与を中止するなど適切な処置を行うこと。 なお、ジヒドロコデインリン酸塩による呼吸抑制には、麻薬拮抗剤(ナロキソン、レバロルファン等)が拮抗する。 11.1.10 薬剤性過敏症症候群(頻度不明) 初期症状として発疹、発熱がみられ、更に肝機能障害、リンパ節腫脹、白血球増加、好酸球増多、異型リンパ球出現等を伴う遅発性の重篤な過敏症状があらわれることがある。なお、ヒトヘルペスウイルス6(HHV-6)等のウイルスの再活性化を伴うことが多く、投与中止後も発疹、発熱、肝機能障害等の症状が再燃あるいは遷延化することがあるので注意すること。,,PMDA iyakuSearch
尿素,高,11.1 重大な副作用 11.1.1 ショック(頻度不明) 11.1.2 アナフィラキシー(頻度不明) アナフィラキシー(呼吸困難、全身潮紅、血管浮腫、蕁麻疹等)があらわれることがある。 11.1.3 中毒性表皮壊死融解症(Toxic Epidermal Necrolysis:TEN)(頻度不明)、皮膚粘膜眼症候群(Stevens-Johnson症候群)(頻度不明)、急性汎発性発疹性膿疱症(頻度不明) 11.1.4 顆粒球減少(頻度不明) 11.1.5 喘息発作の誘発(頻度不明) 11.1.6 劇症肝炎(頻度不明)、肝機能障害(頻度不明)、黄疸(頻度不明) 劇症肝炎、AST、ALT、γ-GTPの上昇等を伴う肝機能障害、黄疸があらわれることがある。 11.1.7 間質性肺炎(頻度不明) 咳嗽、呼吸困難、発熱、肺音の異常等が認められた場合には、速やかに胸部X線、胸部CT、血清マーカー等の検査を実施すること。異常が認められた場合には投与を中止し、副腎皮質ホルモン剤の投与等の適切な処置を行うこと。 11.1.8 間質性腎炎(頻度不明)、急性腎障害(頻度不明) 11.1.9 呼吸抑制(頻度不明) 息切れ、呼吸緩慢、不規則な呼吸、呼吸異常等があらわれた場合には、投与を中止するなど適切な処置を行うこと。 なお、ジヒドロコデインリン酸塩による呼吸抑制には、麻薬拮抗剤(ナロキソン、レバロルファン等)が拮抗する。 11.1.10 薬剤性過敏症症候群(頻度不明) 初期症状として発疹、発熱がみられ、更に肝機能障害、リンパ節腫脹、白血球増加、好酸球増多、異型リンパ球出現等を伴う遅発性の重篤な過敏症状があらわれることがある。なお、ヒトヘルペスウイルス6(HHV-6)等のウイルスの再活性化を伴うことが多く、投与中止後も発疹、発熱、肝機能障害等の症状が再燃あるいは遷延化することがあるので注意すること。,,PMDA iyakuSearch
サリチル酸メチル,中,11.2 その他の副作用 頻度不明 過敏症 発赤、発疹等の過敏症状 大量使用 消化器系 悪心・嘔吐、食欲不振 大量使用 循環器系 頭痛、頻脈,,PMDA iyakuSearch
ポリミキシンB硫酸塩,中,11.2 その他の副作用 頻 度 不 明 皮膚 発疹、接触性皮膚炎 菌交代症 オキシテトラサイクリン塩酸塩及びポリミキシンB硫酸塩非感性菌による感染症,,PMDA iyakuSearch
アミノ安息香酸エチル,高,11.1 重大な副作用 11.1.1 ショック(頻度不明) 血圧降下、顔面蒼白、脈拍の異常、呼吸抑制などの症状があらわれた場合には、直ちに使用を中止し、適切な処置を行うこと。 11.1.2 振戦、痙攣(頻度不明) 振戦、痙攣などの中毒症状があらわれることがあるので、観察を十分に行い、このような症状があらわれた場合には、直ちに使用を中止し、ジアゼパム又は超短時間作用型バルビツール酸製剤(チオペンタールナトリウムなど)の投与などの適切な処置を行うこと。 11.2 その他の副作用 頻度不明 中枢神経 注1) 眠気、不安、興奮、霧視、眩暈、悪心・嘔吐等 過敏症 蕁麻疹等の皮膚症状、浮腫等 血液 メトヘモグロビン血症 注1)このような症状があらわれた場合は、ショックあるいは中毒へ移行することがあるので、患者の全身状態の観察を十分に行い、必要に応じて適切な処置を行うこと。,,PMDA iyakuSearch
黄色ワセリン,中,11.2その他の副作用 22.包装 24.文献請求先及び問い合わせ先 26.製造販売業者等 黄色ワセリン 添付文書番号 7121701X1098_2_07 企業コード 530090 作成又は改訂年月 * 2024年11月改訂(第2版) 2023年11月改訂(第1版) 日本標準商品分類番号 877121 薬効分類名 軟膏基剤 承認等 黄色ワセリン 販売名コード YJコード 7121701X1098 販売名英語表記 Yellow Petrolatum 販売名ひらがな おうしょくわせりん 承認番号等 許可番号 21A2X00016 販売開始年月 1993年7月 貯法・有効期間 貯法 室温保存 有効期間 3年 基準名 日本薬局方 黄色ワセリン 一般的名称 黄色ワセリン 3. 組成・性状 3.1 組成 黄色ワセリン 添加剤 1g中 ジブチルヒドロキシトルエン(抗酸化剤) 0.01mg 成分 &nbsp;&nbsp;1g中 日局黄色ワセリン 1g 3.2 製剤の性状 黄色ワセリン 性状 黄色の全質均等の軟膏様物質で、におい及び味はない。 エタノール(95)に溶けにくく、水にほとんど溶けない。 加温するとき、黄色の澄明な液となり、この液は僅かに蛍光を発する。 融点:38~60°C 4. 効能又は効果 軟膏基剤として調剤に用いる。 また、皮膚保護剤として用いる。 6. 用法及び用量 軟膏基剤として調剤に用いる。 また、皮膚保護剤として用いる。 11. 副作用 次の副作用があらわれることがあるので、観察を十分に行い、異常が認められた場合には使用を中止するなど適切な処置を行うこと。,,PMDA iyakuSearch
カルシウム,高,11.1 重大な副作用 11.1.1 アナフィラキシー(頻度不明) 全身性皮疹、発疹、蕁麻疹、口内炎、喉頭痙攣、息切れ等の症状を伴うアナフィラキシーがあらわれることがある。 11.1.2 血管浮腫(頻度不明) 舌腫脹、リンパ節腫脹等の症状を伴う血管浮腫があらわれることがある。 11.2 その他の副作用 5%以上 1~5%未満 1%未満 頻度不明 精神神経系 傾眠 不安、頭痛、精神運動亢進 消化器 下痢(14.1%) 腹部膨満、嘔吐 便秘、悪心、鼓腸、過敏性腸症候群、口内炎 腹痛 肝臓 γ-GTP増加 皮膚 湿疹、乾癬 蕁麻疹、そう痒症、斑状丘疹状皮疹 その他 浮腫、末梢性浮腫 不感症、勃起不全、リビドー減退・亢進,,PMDA iyakuSearch
チペピジンヒベンズ酸塩,高,11.1 重大な副作用 11.1.1 アナフィラキシー(頻度不明) 咳嗽、腹痛、嘔吐、発疹、呼吸困難等を伴うアナフィラキシーがあらわれることがある。 11.2 その他の副作用 0.1~5%未満 頻度不明 精神神経系 眠気、不眠、眩暈 興奮 消化器 食欲不振、便秘、口渇、胃部不快感・膨満感、軟便・下痢、悪心 腹痛 過敏症 そう痒感 発疹,,PMDA iyakuSearch
硫酸亜鉛水和物,中,11.2 その他の副作用 頻度不明 過敏症 発疹 肝臓 肝機能異常(AST上昇、ALT上昇、Al-P上昇等)、ビリルビン上昇 精神神経系 パーキンソン様症状 その他 血中マンガン上昇,,PMDA iyakuSearch
ジフェンヒドラミン塩酸塩,高,11.1 重大な副作用 11.1.1 アナフィラキシー(頻度不明) 呼吸困難、全身潮紅、血管浮腫(顔面浮腫、喉頭浮腫等)、蕁麻疹等があらわれることがある。 11.2 その他の副作用 頻度不明 過敏症 発疹、紅斑、瘙痒感 循環器 動悸 精神神経系 頭痛、めまい、ふらつき、倦怠感、神経過敏、眠気、興奮、運動失調、抑うつ、構音障害、意識障害 消化器 口渇、悪心・嘔吐、食欲減退、下痢 皮膚 痤瘡,,PMDA iyakuSearch
センナエキス,中,11.2 その他の副作用 0.1~5%未満 頻度不明 過敏症 発疹等 消化器 腹痛、悪心・嘔吐等 腹鳴 肝臓 ALT上昇、AST上昇、γ-GTP上昇、血中ビリルビン上昇 注)発現頻度は第一次再評価時の文献調査による集計に基づく。,,PMDA iyakuSearch
ベポタスチンベシル酸塩,中,11.2 その他の副作用 0.1~5%未満 0.1%未満 頻度不明 血液 白血球数増加、白血球数減少、好酸球増多 精神神経系 眠気、倦怠感、頭痛、めまい 頭重感 消化器 口渇、悪心、胃痛、胃部不快感、下痢、口内乾燥、嘔吐 舌炎、腹痛 便秘 過敏症 発疹、蕁麻疹 腫脹 肝臓 AST、ALT、γ-GTPの上昇、LDH、総ビリルビンの上昇 腎臓 尿潜血、尿蛋白、尿糖、尿ウロビリノーゲン 尿量減少、排尿困難、尿閉 その他 月経異常、浮腫、味覚異常 動悸、呼吸困難、しびれ,,PMDA iyakuSearch
濃グリセリン,高,11.1 重大な副作用 11.1.1 アシドーシス(頻度不明) 乳酸アシドーシスがあらわれることがあるので、症状があらわれた場合には炭酸水素ナトリウム注射液等を投与するなど適切な処置を行うこと。 11.2 その他の副作用 0.1~5%未満 頻度不明 泌尿器 尿潜血反応陽性 血色素尿、血尿、尿意 消化器 悪心 嘔吐 代謝異常 低カリウム血症、高ナトリウム血症、非ケトン性高浸透圧性高血糖 その他 倦怠感 頭痛、口渇、腕痛、血圧上昇,,PMDA iyakuSearch
ポビドンヨード,高,11.1 重大な副作用 11.1.1 ショック、アナフィラキシー(いずれも頻度不明) 呼吸困難、不快感、浮腫、潮紅、じん麻疹等があらわれることがある。 11.2 その他の副作用 0.1~5%未満 頻度不明 過敏症 ヨード疹 注2) 皮膚 注3) 疼痛、発赤、刺激感、皮膚炎、そう痒感 甲状腺 血中甲状腺ホルモン値(T 3 、T 4 値等)の上昇あるいは低下などの甲状腺機能異常 注2) 注1)発現頻度は使用成績調査を含む。 注2)ポビドンヨードで報告がある。 注3)これらの症状が強い場合には使用を中止すること。,,PMDA iyakuSearch
フルオシノロンアセトニド,高,11.1 重大な副作用 11.1.1 眼圧亢進、緑内障(いずれも頻度不明) 眼瞼皮膚への使用に際しては、眼圧亢進、緑内障を起こすことがある。 11.1.2 後囊白内障、緑内障(いずれも頻度不明) 大量又は長期にわたる広範囲の使用、密封法(ODT)によりあらわれることがある。 11.2 その他の副作用 0.1~5%未満 頻度不明 皮膚の感染症 フラジオマイシン耐性菌又は非感性菌による感染症、真菌症(白癬、カンジダ症等)、ウイルス感染症 その他の皮膚症状 注 1 ) 魚鱗癬様皮膚変化、紫斑、多毛、色素脱失、刺激感、乾燥 ざ瘡疹、酒さ様皮膚炎・口囲皮膚炎(口囲、顔面全体に紅斑、丘疹、毛細血管拡張、痂皮、鱗屑を生じる)、ステロイド皮膚(皮膚萎縮、毛細血管拡張) 過敏症 発疹 接触皮膚炎、紅斑 下垂体・副腎皮質系機能 大量又は長期にわたる広範囲の使用又は密封法(ODT)による下垂体・副腎皮質系機能の抑制 長期連用 注 2 ) 腎障害、難聴 注 1 ) 徐々にその使用を差しひかえ、副腎皮質ステロイドを含有しない薬剤に切り換えること。 注 2 ) 注)発現頻度は、製造販売後調査の結果を含む。,,PMDA iyakuSearch
レチノールパルミチン酸エステル,高,"11.1 重大な副作用 11.1.1 ショック(頻度不明) 血圧降下、胸内苦悶、呼吸困難等の症状があらわれた場合には直ちに投与を中止し、適切な処置を行うこと。 , , , , , 11.2 その他の副作用 頻度不明 脳神経系 注) 大泉門膨隆、神経過敏、頭痛 胃腸 注) 食欲不振、嘔吐 肝臓 注) 肝腫大 皮膚 注) 脱毛、瘙痒感 過敏症 発疹等 その他 注) 体重増加停止、四肢痛、骨痛、関節痛 注)大量・長期投与によるビタミンA過剰症状",,PMDA iyakuSearch
オキシテトラサイクリン塩酸塩,中,11.2 その他の副作用 頻 度 不 明 皮膚の感染症 オキシテトラサイクリン耐性菌又は非感性菌による感染症、真菌症(白癬、カンジダ症等)、ウイルス感染症 過敏症 皮膚の刺激感、発疹、接触性皮膚炎 その他の皮膚症状 注 1 ) 長期連用によりステロイド痤瘡(尋常性痤瘡に似るが、白色の面皰が多発する傾向がある。)、ステロイド皮膚(皮膚萎縮、毛細血管拡張)、魚鱗癬様皮膚変化、紫斑、多毛、色素脱失 下垂体・副腎皮質系機能 大量又は長期にわたる広範囲の投与、密封法(ODT)により、下垂体・副腎皮質系機能の抑制 眼 眼瞼皮膚への投与により、眼圧亢進、緑内障 眼 大量又は長期にわたる広範囲の投与、密封法(ODT)により、後嚢白内障、緑内障 注 1 ) 症状があらわれた場合には徐々にその投与を差し控え、副腎皮質ステロイドを含有しない薬剤に切り替えること。,,PMDA iyakuSearch
ジブカイン塩酸塩,高,11.1 重大な副作用 11.1.1 ショック(頻度不明) 血圧降下、顔面蒼白、脈拍の異常、呼吸抑制などの症状があらわれた場合には、直ちに使用を中止し、適切な処置を行うこと。 11.1.2 振戦、痙攣(頻度不明) 振戦、痙攣などの中毒症状があらわれることがあるので、観察を十分に行い、このような症状があらわれた場合には、直ちに使用を中止し、ジアゼパム又は超短時間作用型バルビツール酸製剤(チオペンタールナトリウムなど)の投与などの適切な処置を行うこと。 11.2 その他の副作用 頻度不明 中枢神経 注1) 眠気、不安、興奮、霧視、眩暈、悪心・嘔吐等 過敏症 蕁麻疹等の皮膚症状、浮腫等 血液 メトヘモグロビン血症 注1)このような症状があらわれた場合は、ショックあるいは中毒へ移行することがあるので、患者の全身状態の観察を十分に行い、必要に応じて適切な処置を行うこと。,,PMDA iyakuSearch
トリアムシノロンアセトニド,高,11.1 重大な副作用 11.1.1 後囊白内障、緑内障(頻度不明):眼瞼皮膚への使用に際しては、眼圧亢進、緑内障を起こすことがある。大量又は長期にわたる広範囲の使用、密封法(ODT)により、後囊白内障、緑内障等があらわれることがある。 11.2 その他の副作用 頻度不明 皮膚の感染症 注1) 真菌性(カンジダ症・白癬等)及び細菌性(伝染性膿痂疹、毛囊炎等)感染症 その他の皮膚症状 注2) ステロイドざ瘡(尋常性ざ瘡に似るが、白色の面皰が多発する傾向がある。)、ステロイド酒さすなわち口囲皮膚炎(口囲、顔面全体に紅斑、丘疹、毛細血管拡張、痂皮、鱗屑を生じる。)、ステロイド皮膚(皮膚萎縮、毛細血管拡張)、魚鱗癬様皮膚変化、紫斑、多毛、色素脱失 過敏症 刺激感、発疹 下垂体・副腎皮質系機能 注3) 下垂体・副腎皮質系機能の抑制 注1)密封法(ODT)の場合、起こりやすい。適切な抗真菌剤、抗菌剤等を併用し、症状が速やかに改善しない場合には、使用を中止すること。 注2)長期連用によりあらわれることがある。徐々にその使用を差し控え、副腎皮質ステロイドを含有しない薬剤に切り替えること。 注3)大量又は長期にわたる広範囲の使用、密封法(ODT)により来すことがあるので注意すること。,,PMDA iyakuSearch
塩酸プソイドエフェドリン,高,11.1 重大な副作用 11.1.1 ショック、アナフィラキシー(いずれも頻度不明) 呼吸困難、血圧低下、意識消失、血管浮腫、胸痛、潮紅等の過敏症状があらわれた場合には投与を中止し、適切な処置を行うこと。 11.1.2 痙攣(頻度不明) 11.1.3 肝機能障害、黄疸(いずれも頻度不明) AST、ALT、γ-GTP、Al-P、LDHの上昇等があらわれることがある。 11.1.4 無顆粒球症、白血球減少、好中球減少(いずれも頻度不明) 11.1.5 急性汎発性発疹性膿疱症(頻度不明) 発熱、紅斑、多数の小膿疱等があらわれた場合には投与を中止し、適切な処置を行うこと。 11.2 その他の副作用 0.1~0.5%未満 頻度不明 精神神経系 頭痛、疲労 しびれ感、眠気、倦怠感、めまい、不眠、神経過敏、悪夢、睡眠障害、中枢神経刺激、激越、落ち着きのなさ、脱力、恐怖、不安、緊張、振戦、幻覚 消化器 口渇 便秘、嘔気、嘔吐、腹痛、下痢、消化不良、虚血性大腸炎 過敏症 発疹 血管浮腫、そう痒、蕁麻疹、潮紅 肝臓 AST上昇、ALT上昇 腎臓・泌尿器 頻尿、排尿困難、尿閉 循環器 頻脈、動悸、血圧上昇、高血圧、不整脈、循環虚脱 その他 味覚異常、浮腫、胸痛、呼吸困難、食欲不振、蒼白、月経異常,,PMDA iyakuSearch
チアミン塩化物塩酸塩,高,11.1 重大な副作用 11.1.1 ショック(頻度不明) 全身皮膚潮紅、血圧低下、胸内苦悶、呼吸困難、痙攣等があらわれた場合には直ちに投与を中止し適切な処置を行うこと。 11.2 その他の副作用 頻度不明 過敏症 発疹、そう痒感 消化器 悪心・嘔吐 投与部位 局所疼痛,,PMDA iyakuSearch
プラノプロフェン,中,11.2 その他の副作用 1~5%未満 0.1~1%未満 頻度不明 過敏症 発疹、蕁麻疹、接触皮膚炎 眼 刺激感 結膜充血、そう痒感、眼瞼炎 びまん性表層角膜炎、眼瞼発赤・腫脹、異物感、眼脂、結膜浮腫、流涙 呼吸器 気道狭窄,,PMDA iyakuSearch
安息香酸,高,11.1 重大な副作用 11.1.1 ショック(頻度不明) 血圧降下、顔面蒼白、脈拍の異常、呼吸抑制などの症状があらわれた場合には、直ちに使用を中止し、適切な処置を行うこと。 11.1.2 振戦、痙攣(頻度不明) 振戦、痙攣などの中毒症状があらわれることがあるので、観察を十分に行い、このような症状があらわれた場合には、直ちに使用を中止し、ジアゼパム又は超短時間作用型バルビツール酸製剤(チオペンタールナトリウムなど)の投与などの適切な処置を行うこと。 11.2 その他の副作用 頻度不明 中枢神経 注1) 眠気、不安、興奮、霧視、眩暈、悪心・嘔吐等 過敏症 蕁麻疹等の皮膚症状、浮腫等 血液 メトヘモグロビン血症 注1)このような症状があらわれた場合は、ショックあるいは中毒へ移行することがあるので、患者の全身状態の観察を十分に行い、必要に応じて適切な処置を行うこと。,,PMDA iyakuSearch
クロタミトン,中,11.2 その他の副作用 5%以上 頻度不明 過敏症 皮膚の刺激感(熱感、ひりひり感等)・接触性皮膚炎(発赤等) そう痒、発疹、湿疹、紅斑、血管浮腫,,PMDA iyakuSearch
塩化カルシウム水和物,中,11.2 その他の副作用 頻度不明 長期投与 高カルシウム血症、結石症 代謝異常 アシドーシス 消化器 食欲不振、便秘等,,PMDA iyakuSearch
クロモグリク酸ナトリウム,高,"11.1 重大な副作用 11.1.1 気管支痙攣(0.1%未満) 吸入中又は直後に、重篤な気管支痙攣があらわれることがある。 11.1.2 PIE症候群(0.1%未満) PIE症候群(好酸球増多を伴う肺浸潤;発熱、咳嗽、喀痰を伴うことが多い)があらわれることがある。このような症状があらわれた場合には投与を中止し、必要であればステロイド剤等を投与すること。 , 11.1.3 アナフィラキシー(0.1%未満) アナフィラキシー(呼吸困難、血管浮腫、じん麻疹等)があらわれることがある。 11.2 その他の副作用 0.1~5%未満 過敏症 発疹 咽喉頭 刺激感 その他 悪心",,PMDA iyakuSearch
コンドロイチン硫酸エステルナトリウム,高,11.1 重大な副作用 11.1.1 ショック(頻度不明) 胸内苦悶、血圧低下、顔面蒼白、脈拍異常、呼吸困難等の症状があらわれた場合には直ちに投与を中止し、適切な処置を行うこと。 11.1.2 皮膚粘膜眼症候群(Stevens-Johnson症候群)(頻度不明)、紅皮症(剝脱性皮膚炎)(頻度不明) 11.1.3 再生不良性貧血(頻度不明) 11.2 その他の副作用 頻度不明 過敏症 発疹、浮腫、鼻炎様症状、結膜炎等 血液 白血球減少、血小板減少、貧血等 精神神経系 耳鳴、難聴、めまい 肝臓 黄疸、AST・ALT・Al-Pの上昇 腎臓 腎障害 消化器 胃痛、食欲不振、嘔気、嘔吐、消化管出血 注射部位 血管痛、しびれ感、発赤、そう痒感、腫脹等,,PMDA iyakuSearch
ケトチフェンフマル酸塩,高,11.1 重大な副作用 11.1.1 痙攣、興奮(頻度不明) 乳児、幼児では特に注意すること。 11.1.2 肝機能障害、黄疸(頻度不明) AST、ALT、ALP、LDH、γ-GTPの上昇等を伴う肝機能障害、黄疸があらわれることがある。 11.2 その他の副作用 0.1%~5%未満 0.1%未満 頻度不明 泌尿器 ─ ─ 頻尿、排尿痛、血尿、残尿感等の膀胱炎様症状 過敏症 ─ 発疹、蕁麻疹 浮腫、多形紅斑 精神神経系 眠気 めまい、ふらつき、けん怠感、口渇 一過性の意識消失、頭痛、味覚異常、しびれ感、易刺激性、不眠、神経過敏、鎮静 消化器 ─ 悪心、下痢、嘔吐、便秘 腹痛、胃部不快感、食欲不振、口内炎 肝臓 ─ AST、ALT、ALPの上昇 LDH、γ-GTPの上昇 その他 ─ 体重増加 ほてり、鼻出血、動悸、月経異常,,PMDA iyakuSearch
L−ロイシン,中,11.2 その他の副作用 0.1~5%未満 頻度不明 消化器 腹部膨満感、下痢、腹部不快感、食欲不振、口渇 嘔気、便秘、腹痛、嘔吐、おくび、胸やけ等 腎臓 BUN上昇、血中クレアチニン上昇等 代謝 血中アンモニア値の上昇等 肝臓 AST上昇、ALT上昇、T-Bilの上昇等 皮膚 発疹、そう痒等 その他 倦怠感、浮腫(顔、下肢等)、発赤、ほてり,,PMDA iyakuSearch
メトカルバモール,中,11.2 その他の副作用 0.1~5%未満 0.1%未満 過敏症 発疹、そう痒感 精神神経系 頭痛・頭重感、めまい、ふらつき、眠気、運動失調 霧視 消化器 悪心・嘔吐、便秘、下痢、食欲不振、胸やけ・胃のもたれ・胃部不快感,,PMDA iyakuSearch
レゾルシン,中,11.2 その他の副作用 頻度不明 循環器 注 1 ) 頻脈等 消化器 注 1 ) 胃腸障害(悪心等) 中枢神経系 注 1 ) 眩暈、けいれん等 腎臓 注 1 ) 腎障害 血液 注 1 ) メトヘモグロビン血症 過敏症 そう痒感、腫脹、水疱等 皮膚 真菌性・細菌性感染症 その他 注 1 ) 粘液水腫等 注 1 ) 長期連用・大量使用:経皮吸収によりこのような中毒症状があらわれることがあるので注意すること。,,PMDA iyakuSearch
L−アスパラギン酸カリウム,高,11.1 重大な副作用 11.1.1 心臓伝導障害(頻度不明) 一時に大量を投与するとあらわれることがある。高カリウム血症の治療にはカルシウム剤、重炭酸ナトリウム、高張食塩液、ブドウ糖・インスリン、陽イオン交換樹脂、透析が緊急度に応じて選択される。 11.2 その他の副作用 頻度不明 消化器 胃腸障害、胸やけ、下痢、嘔吐、腹部膨満感 その他 倦怠感、熱感,,PMDA iyakuSearch
ミコナゾール硝酸塩,中,11.2 その他の副作用 頻度不明 過敏症 注 1 ) 蕁麻疹、そう痒感等 腟 そう痒感、発赤、疼痛、灼熱感、刺激感等 注 1 ) 投与部位(腟)以外にこのような症状があらわれることがある。,,PMDA iyakuSearch
dl−メチルエフェドリン塩酸塩,高,11.1 重大な副作用 11.1.1 ショック(頻度不明) 11.1.2 アナフィラキシー(頻度不明) アナフィラキシー(呼吸困難、全身潮紅、血管浮腫、蕁麻疹等)があらわれることがある。 11.1.3 中毒性表皮壊死融解症(Toxic Epidermal Necrolysis:TEN)(頻度不明)、皮膚粘膜眼症候群(Stevens-Johnson症候群)(頻度不明)、急性汎発性発疹性膿疱症(頻度不明) 11.1.4 顆粒球減少(頻度不明) 11.1.5 喘息発作の誘発(頻度不明) 11.1.6 劇症肝炎(頻度不明)、肝機能障害(頻度不明)、黄疸(頻度不明) 劇症肝炎、AST、ALT、γ-GTPの上昇等を伴う肝機能障害、黄疸があらわれることがある。 11.1.7 間質性肺炎(頻度不明) 咳嗽、呼吸困難、発熱、肺音の異常等が認められた場合には、速やかに胸部X線、胸部CT、血清マーカー等の検査を実施すること。異常が認められた場合には投与を中止し、副腎皮質ホルモン剤の投与等の適切な処置を行うこと。 11.1.8 間質性腎炎(頻度不明)、急性腎障害(頻度不明) 11.1.9 呼吸抑制(頻度不明) 息切れ、呼吸緩慢、不規則な呼吸、呼吸異常等があらわれた場合には、投与を中止するなど適切な処置を行うこと。 なお、ジヒドロコデインリン酸塩による呼吸抑制には、麻薬拮抗剤(ナロキソン、レバロルファン等)が拮抗する。 11.1.10 薬剤性過敏症症候群(頻度不明) 初期症状として発疹、発熱がみられ、更に肝機能障害、リンパ節腫脹、白血球増加、好酸球増多、異型リンパ球出現等を伴う遅発性の重篤な過敏症状があらわれることがある。なお、ヒトヘルペスウイルス6(HHV-6)等のウイルスの再活性化を伴うことが多く、投与中止後も発疹、発熱、肝機能障害等の症状が再燃あるいは遷延化することがあるので注意すること。,,PMDA iyakuSearch
ジメチルイソプロピルアズレン,中,11.2 その他の副作用 0.1~1%未満 頻度不明 皮膚 皮膚刺激感等の過敏症状 接触性皮膚炎 注)発現頻度は、再評価結果に基づく。,,PMDA iyakuSearch
テトラサイクリン塩酸塩,中,11.2 その他の副作用 頻度不明 過敏症 発疹等 菌交代現象 テトラサイクリン非感性菌による感染症,,PMDA iyakuSearch
水酸化マグネシウム,中,"11.2 その他の副作用 0.1~5%未満 頻度不明 過敏症 そう痒、蕁麻疹、血管浮腫 消化器 食欲不振、悪心、胃部不快感、便秘、下痢等 代謝異常 注) 高マグネシウム血症、低リン酸血症 5) 及びそれに伴うクル病・骨軟化症・高カルシウム尿症 長期投与 注) アルミニウム脳症、アルミニウム骨症、貧血 注) 長期又は大量投与により発現することがある。 ,",,PMDA iyakuSearch
メキタジン,高,11.1 重大な副作用 11.1.1 ショック、アナフィラキシー(いずれも頻度不明) 血圧低下、呼吸困難、咽頭浮腫、蕁麻疹、嘔気等の症状があらわれた場合には投与を中止し、適切な処置を行うこと。 11.1.2 肝機能障害、黄疸(いずれも頻度不明) AST、ALT、ALP等の上昇を伴う肝機能障害、黄疸があらわれることがある。また、劇症肝炎の報告がある。 11.1.3 血小板減少(頻度不明) 11.2 その他の副作用 0.1~5%未満 0.1%未満 頻度不明 過敏症 発疹、光線過敏症 肝臓 AST、ALTの上昇 黄疸 血液 好中球減少 血小板減少 精神神経系 眠気 倦怠感 ふらふら感、頭痛、めまい、興奮 消化器 下痢 嘔吐、口渇、食欲不振、胃痛 胃部不快感、便秘、腹痛 循環器 心悸亢進 胸部苦悶感 泌尿器 排尿困難 その他 味覚異常 浮腫、視調節障害、顔面潮紅、咽頭痛、月経異常、口内しびれ感 注)発現頻度は使用成績調査を含む。,,PMDA iyakuSearch
大棗,高,11.1重大な副作用 20.取扱い上の注意 22.包装 24.文献請求先及び問い合わせ先 26.製造販売業者等 コタロー甘麦大棗湯エキス細粒 添付文書番号 5200019C1028_1_12 企業コード 270127 作成又は改訂年月 2023年7月改訂(第1版) 日本標準商品分類番号 875200 薬効分類名 漢方製剤 承認等 コタロー甘麦大棗湯エキス細粒 販売名コード YJコード 5200019C1028 販売名ひらがな こたろーかんばくたいそうとうえきすさいりゅう 承認番号等 承認番号 16200AMZ00323000 販売開始年月 1987年10月 貯法・有効期間 貯法 室温保存 有効期間 3年 一般的名称 甘麦大棗湯 2. 禁忌(次の患者には投与しないこと) 2.1 アルドステロン症の患者[当該疾患及びその症状が悪化するおそれがある。] 2.2 ミオパチーのある患者[当該疾患及びその症状が悪化するおそれがある。] 2.3 低カリウム血症のある患者[当該疾患及びその症状が悪化するおそれがある。] 3. 組成・性状 3.1 組成 コタロー甘麦大棗湯エキス細粒 有効成分 本剤9.0g中&nbsp;&nbsp; 日局カンゾウ&nbsp;&nbsp; 5.0g 日局タイソウ&nbsp;&nbsp; 6.0g ショウバク&nbsp;&nbsp; 20.0g 上記の混合生薬より抽出した水製乾燥エキス&nbsp;&nbsp; 6.3gを含有する。 添加剤 ステアリン酸マグネシウム、トウモロコシデンプン、乳糖水和物、プルラン、メタケイ酸アルミン酸マグネシウム 3.2 製剤の性状 コタロー甘麦大棗湯エキス細粒 剤形 細粒剤 色調 褐色~淡褐色 識別コード N72 におい 特異なにおい 味 甘い 4. 効能又は効果 小児および婦人の神経症、不眠症。,,PMDA iyakuSearch
ピリドキサールリン酸エステル水和物,高,"11.1 重大な副作用 11.1.1 横紋筋融解症(頻度不明) 新生児、乳幼児に大量に用いた場合、CK上昇、血中及び尿中ミオグロビン上昇を特徴とする横紋筋融解症があらわれ、急性腎障害等の重篤な腎障害に至ることがある。 , 11.2 その他の副作用 頻度不明 過敏症 発疹等の過敏症状 消化器 悪心、食欲不振、腹部膨満感、下痢 注) 、嘔吐 注) 肝臓 注) 肝機能異常 注)新生児、乳幼児に大量に用いた場合、認められたとの報告がある。",,PMDA iyakuSearch
ゼラチン,高,11.1 重大な副作用 ショック(頻度不明)、アナフィラキシー(頻度不明) 全身発赤、呼吸困難、血圧低下等があらわれることがある。,,PMDA iyakuSearch
プロカイン塩酸塩,高,11.1 重大な副作用 11.1.1 ショック、アナフィラキシー(いずれも頻度不明) 悪心、顔面蒼白、紅斑、発疹、呼吸困難、血圧低下、眼瞼浮腫等の症状が認められた場合には投与を中止し、適切な処置を行うこと。 11.2 その他の副作用 頻度不明 過敏症 過敏症状 眼 角膜びらん,,PMDA iyakuSearch
ポビドン,高,11.1 重大な副作用 11.1.1 ショック、アナフィラキシー(いずれも頻度不明) 呼吸困難、不快感、浮腫、潮紅、じん麻疹等があらわれることがある。 11.2 その他の副作用 0.1~5%未満 頻度不明 過敏症 ヨード疹 注2) 皮膚 注3) 疼痛、発赤、刺激感、皮膚炎、そう痒感 甲状腺 血中甲状腺ホルモン値(T 3 、T 4 値等)の上昇あるいは低下などの甲状腺機能異常 注2) 注1)発現頻度は使用成績調査を含む。 注2)ポビドンヨードで報告がある。 注3)これらの症状が強い場合には使用を中止すること。,,PMDA iyakuSearch
ブロムヘキシン塩酸塩,高,11.1 重大な副作用 11.1.1 ショック、アナフィラキシー(いずれも頻度不明) 発疹、血管浮腫、気管支痙攣、呼吸困難、そう痒感等があらわれることがある。 11.2 その他の副作用 0.1~5%未満 0.1%未満 頻度不明 消化器 悪心、食欲不振、胃部不快感、腹痛 下痢、嘔気、嘔吐 精神神経系 頭痛 過敏症 発疹、蕁麻疹 その他 血痰 注)再評価結果を含む。,,PMDA iyakuSearch
テオフィリン,高,11.1 重大な副作用 11.1.1 痙攣、意識障害(いずれも頻度不明) 痙攣又はせん妄、昏睡等の意識障害があらわれることがあるので、抗痙攣剤の投与等適切な処置を行うこと。 11.1.2 急性脳症(頻度不明) 痙攣、意識障害等に引き続き急性脳症に至ることがあるので、このような症状があらわれた場合には投与を中止し、抗痙攣剤の投与等適切な処置を行うこと。 11.1.3 横紋筋融解症(頻度不明) 脱力感、筋肉痛、CK上昇等に注意し、このような症状があらわれた場合には投与を中止し、適切な処置を行うとともに横紋筋融解症による急性腎障害の発症に注意すること。 11.1.4 消化管出血(頻度不明) 潰瘍等による消化管出血(吐血、下血等)があらわれることがある。 11.1.5 赤芽球癆(頻度不明) 貧血があらわれた場合には投与を中止するなど適切な処置を行うこと。 11.1.6 アナフィラキシーショック(頻度不明) アナフィラキシーショック(蕁麻疹、蒼白、発汗、血圧低下、呼吸困難等)があらわれることがある。 11.1.7 肝機能障害、黄疸(いずれも頻度不明) 肝機能障害(AST、ALTの上昇等)、黄疸があらわれることがある。,,PMDA iyakuSearch
クロルフェニラミンマレイン酸塩,高,11.1 重大な副作用 11.1.1 再生不良性貧血、無顆粒球症(いずれも頻度不明) 11.2 その他の副作用 頻度不明 過敏症 発疹 泌尿器 多尿、排尿困難 精神神経系 神経過敏、頭痛、焦燥感、複視、眠気 消化器 口渇、胸やけ 肝臓 肝機能障害(AST、ALT、ALPの上昇) 血液 血小板減少,,PMDA iyakuSearch
アズレンスルホン酸ナトリウム,中,11.2 その他の副作用 0.1~5%未満 0.1%未満 頻度不明 過敏症 発疹、蕁麻疹、瘙痒感 肝臓 AST、ALT、LDH、Al-P、γ-GTP上昇等の肝機能障害 消化器 悪心、嘔吐、便秘、下痢、腹痛、膨満感 嘔気、胃部不快感 その他 顔面紅潮,,PMDA iyakuSearch
ヒドロコルチゾン,中,11.2 その他の副作用 頻 度 不 明 皮膚の感染症 オキシテトラサイクリン耐性菌又は非感性菌による感染症、真菌症(白癬、カンジダ症等)、ウイルス感染症 過敏症 皮膚の刺激感、発疹、接触性皮膚炎 その他の皮膚症状 注 1 ) 長期連用によりステロイド痤瘡(尋常性痤瘡に似るが、白色の面皰が多発する傾向がある。)、ステロイド皮膚(皮膚萎縮、毛細血管拡張)、魚鱗癬様皮膚変化、紫斑、多毛、色素脱失 下垂体・副腎皮質系機能 大量又は長期にわたる広範囲の投与、密封法(ODT)により、下垂体・副腎皮質系機能の抑制 眼 眼瞼皮膚への投与により、眼圧亢進、緑内障 眼 大量又は長期にわたる広範囲の投与、密封法(ODT)により、後嚢白内障、緑内障 注 1 ) 症状があらわれた場合には徐々にその投与を差し控え、副腎皮質ステロイドを含有しない薬剤に切り替えること。,,PMDA iyakuSearch
シンイ,高,"11.1 重大な副作用 11.1.1 急性腎障害(1.1%)、無尿(頻度不明) , 11.1.2 肺高血圧症(頻度不明) 11.1.3 壊死性腸炎(5.7%)、消化管穿孔(2.3%)、イレウス(2.3%) 腹部膨満、血便等の症状があらわれることがある。 11.1.4 血小板減少症(4.5%)、出血(2.3%)、胃腸出血(1.1%)、肺出血(頻度不明) 11.1.5 頭蓋内出血(15.9%) 11.2 その他の副作用 5%以上 5%未満 頻度不明 腎臓 腎機能障害、血中クレアチニン増加、血中尿素増加、尿量減少 乏尿、尿中血陽性 消化管 腹部膨満、胃食道逆流症、胃炎 血液 貧血、好中球減少、白血球減少 代謝異常 低ナトリウム血症、高ナトリウム血症、血中重炭酸塩減少、血中カルシウム減少 循環器 血圧上昇、低血圧、頻脈、心雑音 高血圧、徐脈 呼吸器 無呼吸 呼吸不全、呼吸窮迫、高炭酸ガス血症、低酸素症 気胸 感染症 敗血症 尿路感染症 肝臓 抱合ビリルビン増加、黄疸、高ビリルビン血症 胆汁うっ滞 その他 低血糖、代謝性アシドーシス CRP増加、高血糖、酸素飽和度低下、便潜血陽性、哺乳障害 甲状腺機能低下症、水頭症、全身性炎症反応症候群",,PMDA iyakuSearch
